meter_id,meter_number,service_point_id,meter_size,meter_type,meter_location,install_date,last_test_date,meter_status,last_exchange_date
MTR0001,M00000001,SP0001,3/4 in,AMI,Exterior Pit,2019-01-24,2025-01-14,Active,
MTR0002,M00000002,SP0002,1 in,AMI,Utility Room,2019-02-16,2025-01-27,Active,
MTR0003,M00000003,SP0003,1.5 in,AMI,Crawl Space,2019-03-11,2025-02-09,Active,
MTR0004,M00000004,SP0004,5/8 in,Standard,Basement,2019-04-03,2025-02-22,Active,
MTR0005,M00000005,SP0005,3/4 in,AMI,Exterior Pit,2019-04-26,2025-03-07,Active,
MTR0006,M00000006,SP0006,1 in,AMI,Utility Room,2019-05-19,2025-03-20,Active,2024-01-31
MTR0007,M00000007,SP0007,1.5 in,AMI,Crawl Space,2019-06-11,2025-04-02,Active,
MTR0008,M00000008,SP0008,5/8 in,Standard,Basement,2019-07-04,2025-04-15,Active,
MTR0009,M00000009,SP0009,3/4 in,AMI,Exterior Pit,2019-07-27,2025-04-28,Active,
MTR0010,M00000010,SP0010,1 in,AMI,Utility Room,2019-08-19,2025-05-11,Active,
MTR0011,M00000011,SP0011,1.5 in,AMI,Crawl Space,2019-09-11,2025-05-24,Active,
MTR0012,M00000012,SP0012,5/8 in,Standard,Basement,2019-10-04,2025-06-06,Active,2024-03-01
MTR0013,M00000013,SP0013,3/4 in,AMI,Exterior Pit,2019-10-27,2025-06-19,Active,
MTR0014,M00000014,SP0014,1 in,AMI,Utility Room,2019-11-19,2025-07-02,Active,
MTR0015,M00000015,SP0015,1.5 in,AMI,Crawl Space,2019-12-12,2025-07-15,Active,
MTR0016,M00000016,SP0016,5/8 in,Standard,Basement,2020-01-04,2025-07-28,Active,
MTR0017,M00000017,SP0017,3/4 in,AMI,Exterior Pit,2020-01-27,2025-08-10,Active,
MTR0018,M00000018,SP0018,1 in,AMI,Utility Room,2020-02-19,2025-08-23,Active,2024-03-31
MTR0019,M00000019,SP0019,1.5 in,AMI,Crawl Space,2020-03-13,2025-09-05,Active,
MTR0020,M00000020,SP0020,5/8 in,Standard,Basement,2020-04-05,2025-09-18,Active,
MTR0021,M00000021,SP0021,3/4 in,AMI,Exterior Pit,2020-04-28,2025-10-01,Active,
MTR0022,M00000022,SP0022,1 in,AMI,Utility Room,2020-05-21,2025-10-14,Active,
MTR0023,M00000023,SP0023,1.5 in,AMI,Crawl Space,2020-06-13,2025-10-27,Active,
MTR0024,M00000024,SP0024,5/8 in,Standard,Basement,2020-07-06,2025-11-09,Active,2024-04-30
MTR0025,M00000025,SP0025,3/4 in,AMI,Exterior Pit,2020-07-29,2025-11-22,Active,
MTR0026,M00000026,SP0026,1 in,AMI,Utility Room,2020-08-21,2025-12-05,Active,
MTR0027,M00000027,SP0027,1.5 in,AMI,Crawl Space,2020-09-13,2025-12-18,Active,
MTR0028,M00000028,SP0028,5/8 in,Standard,Basement,2020-10-06,2025-12-31,Active,
MTR0029,M00000029,SP0029,3/4 in,AMI,Exterior Pit,2020-10-29,2026-01-13,Active,
MTR0030,M00000030,SP0030,1 in,AMI,Utility Room,2020-11-21,2026-01-26,Active,2024-05-30
MTR0031,M00000031,SP0031,1.5 in,AMI,Crawl Space,2020-12-14,2026-02-08,Active,
MTR0032,M00000032,SP0032,5/8 in,Standard,Basement,2021-01-06,2026-02-21,Active,
MTR0033,M00000033,SP0033,3/4 in,AMI,Exterior Pit,2021-01-29,2026-03-06,Active,
MTR0034,M00000034,SP0034,1 in,AMI,Utility Room,2021-02-21,2026-03-19,Active,
MTR0035,M00000035,SP0035,1.5 in,AMI,Crawl Space,2021-03-16,2026-04-01,Active,
MTR0036,M00000036,SP0036,5/8 in,Standard,Basement,2021-04-08,2026-04-14,Active,2024-06-29
MTR0037,M00000037,SP0037,3/4 in,AMI,Exterior Pit,2021-05-01,2026-04-27,Active,
MTR0038,M00000038,SP0038,1 in,AMI,Utility Room,2021-05-24,2026-05-10,Active,
MTR0039,M00000039,SP0039,1.5 in,AMI,Crawl Space,2021-06-16,2025-01-08,Active,
MTR0040,M00000040,SP0040,5/8 in,Standard,Basement,2021-07-09,2025-01-21,Active,
MTR0041,M00000041,SP0041,3/4 in,AMI,Exterior Pit,2021-08-01,2025-02-03,Active,
MTR0042,M00000042,SP0042,1 in,AMI,Utility Room,2021-08-24,2025-02-16,Active,2024-07-29
MTR0043,M00000043,SP0043,1.5 in,AMI,Crawl Space,2021-09-16,2025-03-01,Active,
MTR0044,M00000044,SP0044,5/8 in,Standard,Basement,2021-10-09,2025-03-14,Active,
MTR0045,M00000045,SP0045,3/4 in,AMI,Exterior Pit,2021-11-01,2025-03-27,Active,
MTR0046,M00000046,SP0046,1 in,AMI,Utility Room,2021-11-24,2025-04-09,Active,
MTR0047,M00000047,SP0047,1.5 in,AMI,Crawl Space,2021-12-17,2025-04-22,Removed,
MTR0048,M00000048,SP0048,5/8 in,Standard,Basement,2022-01-09,2025-05-05,Active,2024-08-28
MTR0049,M00000049,SP0049,3/4 in,AMI,Exterior Pit,2022-02-01,2025-05-18,Active,
MTR0050,M00000050,SP0050,1 in,AMI,Utility Room,2022-02-24,2025-05-31,Active,
MTR0051,M00000051,SP0051,1.5 in,AMI,Crawl Space,2022-03-19,2025-06-13,Active,
MTR0052,M00000052,SP0052,5/8 in,Standard,Basement,2022-04-11,2025-06-26,Active,
MTR0053,M00000053,SP0053,3/4 in,AMI,Exterior Pit,2022-05-04,2025-07-09,Active,
MTR0054,M00000054,SP0054,1 in,AMI,Utility Room,2022-05-27,2025-07-22,Active,2024-09-27
MTR0055,M00000055,SP0055,1.5 in,AMI,Crawl Space,2022-06-19,2025-08-04,Active,
MTR0056,M00000056,SP0056,5/8 in,Standard,Basement,2022-07-12,2025-08-17,Active,
MTR0057,M00000057,SP0057,3/4 in,AMI,Exterior Pit,2022-08-04,2025-08-30,Active,
MTR0058,M00000058,SP0058,1 in,AMI,Utility Room,2022-08-27,2025-09-12,Removed,
MTR0059,M00000059,SP0059,1.5 in,AMI,Crawl Space,2022-09-19,2025-09-25,Active,
MTR0060,M00000060,SP0060,5/8 in,Standard,Basement,2022-10-12,2025-10-08,Active,2024-10-27
