account_id,account_number,account_type,account_status,billing_cycle,current_balance,past_due_amount,autopay_enabled,paperless_billing,created_at
ACC0001,1000000001,Residential,Active,Cycle 02,0.0,0,False,False,2018-02-01
ACC0002,1000000002,Residential,Active,Cycle 03,0.0,0,False,True,2018-03-04
ACC0003,1000000003,Residential,Active,Cycle 04,0.0,0,True,False,2018-04-04
ACC0004,1000000004,Residential,Active,Cycle 05,0.0,0,False,True,2018-05-05
ACC0005,1000000005,Residential,Active,Cycle 06,0.0,0,False,False,2018-06-05
ACC0006,1000000006,Residential,Active,Cycle 07,0.0,0,True,True,2018-07-06
ACC0007,1000000007,Residential,Active,Cycle 08,77.97,0,False,False,2018-08-06
ACC0008,1000000008,Residential,Active,Cycle 01,0.0,0,False,True,2018-09-06
ACC0009,1000000009,Residential,Active,Cycle 02,0.0,0,True,False,2018-10-07
ACC0010,1000000010,Residential,Active,Cycle 03,0.0,0,False,True,2018-11-07
ACC0011,1000000011,Residential,Active,Cycle 04,0.0,0,False,False,2018-12-08
ACC0012,1000000012,Residential,Active,Cycle 05,0.0,0,True,True,2019-01-08
ACC0013,1000000013,Residential,Active,Cycle 06,0.0,0,False,False,2019-02-08
ACC0014,1000000014,Residential,Active,Cycle 07,65.39,0,False,True,2019-03-11
ACC0015,1000000015,Residential,Active,Cycle 08,0.0,0,True,False,2019-04-11
ACC0016,1000000016,Residential,Active,Cycle 01,0.0,0,False,True,2019-05-12
ACC0017,1000000017,Residential,Active,Cycle 02,0.0,0,False,False,2019-06-12
ACC0018,1000000018,Residential,Active,Cycle 03,0.0,0,True,True,2019-07-13
ACC0019,1000000019,Residential,Active,Cycle 04,0.0,0,False,False,2019-08-13
ACC0020,1000000020,Residential,Active,Cycle 05,0.0,0,False,True,2019-09-13
ACC0021,1000000021,Residential,Active,Cycle 06,57.12,0,True,False,2019-10-14
ACC0022,1000000022,Residential,Active,Cycle 07,0.0,0,False,True,2019-11-14
ACC0023,1000000023,Residential,Active,Cycle 08,0.0,0,False,False,2019-12-15
ACC0024,1000000024,Residential,Active,Cycle 01,0.0,0,True,True,2020-01-15
ACC0025,1000000025,Residential,Active,Cycle 02,0.0,0,False,False,2020-02-15
ACC0026,1000000026,Residential,Active,Cycle 03,0.0,0,False,True,2020-03-17
ACC0027,1000000027,Residential,Active,Cycle 04,0.0,0,True,False,2020-04-17
ACC0028,1000000028,Residential,Active,Cycle 05,70.59,0,False,True,2020-05-18
ACC0029,1000000029,Residential,Active,Cycle 06,0.0,0,False,False,2020-06-18
ACC0030,1000000030,Residential,Active,Cycle 07,0.0,0,True,True,2020-07-19
ACC0031,1000000031,Residential,Active,Cycle 08,0.0,0,False,False,2020-08-19
ACC0032,1000000032,Residential,Active,Cycle 01,0.0,0,False,True,2020-09-19
ACC0033,1000000033,Residential,Active,Cycle 02,0.0,0,True,False,2020-10-20
ACC0034,1000000034,Residential,Active,Cycle 03,0.0,0,False,True,2020-11-20
ACC0035,1000000035,Residential,Active,Cycle 04,69.81,0,False,False,2020-12-21
ACC0036,1000000036,Residential,Active,Cycle 05,0.0,0,True,True,2021-01-21
ACC0037,1000000037,Residential,Active,Cycle 06,0.0,0,False,False,2021-02-21
ACC0038,1000000038,Residential,Active,Cycle 07,0.0,0,False,True,2021-03-24
ACC0039,1000000039,Residential,Active,Cycle 08,0.0,0,True,False,2021-04-24
ACC0040,1000000040,Residential,Active,Cycle 01,0.0,0,False,True,2021-05-25
ACC0041,1000000041,Residential,Active,Cycle 02,0.0,0,False,False,2021-06-25
ACC0042,1000000042,Residential,Active,Cycle 03,58.96,0,True,True,2021-07-26
ACC0043,1000000043,Residential,Active,Cycle 04,0.0,0,False,False,2021-08-26
ACC0044,1000000044,Residential,Active,Cycle 05,0.0,0,False,True,2021-09-26
ACC0045,1000000045,Residential,Active,Cycle 06,0.0,0,True,False,2021-10-27
ACC0046,1000000046,Residential,Active,Cycle 07,0.0,0,False,True,2021-11-27
ACC0047,1000000047,Residential,Closed,Cycle 08,0.0,0,False,False,2021-12-28
ACC0048,1000000048,Residential,Active,Cycle 01,0.0,0,True,True,2022-01-28
ACC0049,1000000049,Residential,Active,Cycle 02,76.16,0,False,False,2022-02-28
ACC0050,1000000050,Residential,Active,Cycle 03,0.0,0,False,True,2022-03-31
ACC0051,1000000051,Residential,Active,Cycle 04,0.0,0,True,False,2022-05-01
ACC0052,1000000052,Residential,Active,Cycle 05,0.0,0,False,True,2022-06-01
ACC0053,1000000053,Residential,Active,Cycle 06,0.0,0,False,False,2022-07-02
ACC0054,1000000054,Residential,Active,Cycle 07,0.0,0,True,True,2022-08-02
ACC0055,1000000055,Commercial,Active,Cycle 08,0.0,0,False,False,2022-09-02
ACC0056,1000000056,Commercial,Active,Cycle 01,73.23,0,False,True,2022-10-03
ACC0057,1000000057,Commercial,Active,Cycle 02,0.0,0,True,False,2022-11-03
ACC0058,1000000058,Commercial,Closed,Cycle 03,0.0,0,False,True,2022-12-04
ACC0059,1000000059,Commercial,Active,Cycle 04,0.0,0,False,False,2023-01-04
ACC0060,1000000060,Commercial,Active,Cycle 05,0.0,0,True,True,2023-02-04
