bill_id,account_id,billing_period_start,billing_period_end,bill_date,due_date,previous_balance,water_charge,service_charge,other_charges,total_amount,amount_paid,remaining_balance,bill_status
BILL000001,ACC0001,2025-09-21,2025-10-20,2025-10-22,2025-11-12,0.0,41.59,18.5,0.0,60.09,60.09,0.0,Paid
BILL000002,ACC0001,2025-10-21,2025-11-19,2025-11-21,2025-12-12,0.0,41.91,18.5,0.0,60.41,60.41,0.0,Paid
BILL000003,ACC0001,2025-11-20,2025-12-19,2025-12-21,2026-01-11,0.0,38.94,18.5,0.0,57.44,57.44,0.0,Paid
BILL000004,ACC0001,2025-12-20,2026-01-18,2026-01-20,2026-02-10,0.0,37.46,18.5,0.0,55.96,55.96,0.0,Paid
BILL000005,ACC0001,2026-01-19,2026-02-17,2026-02-19,2026-03-12,0.0,41.35,18.5,0.0,59.85,59.85,0.0,Paid
BILL000006,ACC0001,2026-02-18,2026-03-19,2026-03-21,2026-04-11,0.0,35.56,18.5,0.0,54.06,54.06,0.0,Paid
BILL000007,ACC0001,2026-03-20,2026-04-18,2026-04-20,2026-05-11,0.0,37.54,18.5,0.0,56.04,56.04,0.0,Paid
BILL000008,ACC0001,2026-04-19,2026-05-18,2026-05-20,2026-06-10,0.0,34.65,18.5,0.0,53.15,53.15,0.0,Paid
BILL000009,ACC0001,2026-05-19,2026-06-17,2026-06-19,2026-07-10,0.0,35.68,18.5,0.0,54.18,54.18,0.0,Paid
BILL000010,ACC0001,2026-06-18,2026-07-17,2026-07-19,2026-08-09,0.0,37.94,18.5,0.0,56.44,56.44,0.0,Paid
BILL000011,ACC0001,2026-07-18,2026-08-16,2026-08-18,2026-09-08,0.0,36.14,18.5,0.0,54.64,54.64,0.0,Paid
BILL000012,ACC0001,2026-08-17,2026-09-15,2026-09-17,2026-10-08,0.0,126.65,18.5,0.0,145.15,145.15,0.0,Paid
BILL000013,ACC0002,2025-09-21,2025-10-20,2025-10-22,2025-11-12,0.0,37.33,18.5,0.0,55.83,55.83,0.0,Paid
BILL000014,ACC0002,2025-10-21,2025-11-19,2025-11-21,2025-12-12,0.0,41.58,18.5,0.0,60.08,60.08,0.0,Paid
BILL000015,ACC0002,2025-11-20,2025-12-19,2025-12-21,2026-01-11,0.0,40.23,18.5,0.0,58.73,58.73,0.0,Paid
BILL000016,ACC0002,2025-12-20,2026-01-18,2026-01-20,2026-02-10,0.0,37.74,18.5,0.0,56.24,56.24,0.0,Paid
BILL000017,ACC0002,2026-01-19,2026-02-17,2026-02-19,2026-03-12,0.0,43.82,18.5,0.0,62.32,62.32,0.0,Paid
BILL000018,ACC0002,2026-02-18,2026-03-19,2026-03-21,2026-04-11,0.0,43.82,18.5,0.0,62.32,62.32,0.0,Paid
BILL000019,ACC0002,2026-03-20,2026-04-18,2026-04-20,2026-05-11,0.0,36.76,18.5,0.0,55.26,55.26,0.0,Paid
BILL000020,ACC0002,2026-04-19,2026-05-18,2026-05-20,2026-06-10,0.0,43.38,18.5,0.0,61.88,61.88,0.0,Paid
BILL000021,ACC0002,2026-05-19,2026-06-17,2026-06-19,2026-07-10,0.0,43.21,18.5,0.0,61.71,61.71,0.0,Paid
BILL000022,ACC0002,2026-06-18,2026-07-17,2026-07-19,2026-08-09,0.0,36.97,18.5,0.0,55.47,55.47,0.0,Paid
BILL000023,ACC0002,2026-07-18,2026-08-16,2026-08-18,2026-09-08,0.0,37.51,18.5,0.0,56.01,56.01,0.0,Paid
BILL000024,ACC0002,2026-08-17,2026-09-15,2026-09-17,2026-10-08,0.0,40.05,18.5,0.0,58.55,58.55,0.0,Paid
BILL000025,ACC0003,2025-09-21,2025-10-20,2025-10-22,2025-11-12,0.0,43.95,18.5,0.0,62.45,62.45,0.0,Paid
BILL000026,ACC0003,2025-10-21,2025-11-19,2025-11-21,2025-12-12,0.0,44.16,18.5,0.0,62.66,62.66,0.0,Paid
BILL000027,ACC0003,2025-11-20,2025-12-19,2025-12-21,2026-01-11,0.0,47.95,18.5,0.0,66.45,66.45,0.0,Paid
BILL000028,ACC0003,2025-12-20,2026-01-18,2026-01-20,2026-02-10,0.0,41.59,18.5,0.0,60.09,60.09,0.0,Paid
BILL000029,ACC0003,2026-01-19,2026-02-17,2026-02-19,2026-03-12,0.0,48.45,18.5,0.0,66.95,66.95,0.0,Paid
BILL000030,ACC0003,2026-02-18,2026-03-19,2026-03-21,2026-04-11,0.0,41.92,18.5,0.0,60.42,60.42,0.0,Paid
BILL000031,ACC0003,2026-03-20,2026-04-18,2026-04-20,2026-05-11,0.0,43.81,18.5,0.0,62.31,62.31,0.0,Paid
BILL000032,ACC0003,2026-04-19,2026-05-18,2026-05-20,2026-06-10,0.0,45.82,18.5,0.0,64.32,64.32,0.0,Paid
BILL000033,ACC0003,2026-05-19,2026-06-17,2026-06-19,2026-07-10,0.0,46.36,18.5,0.0,64.86,64.86,0.0,Paid
BILL000034,ACC0003,2026-06-18,2026-07-17,2026-07-19,2026-08-09,0.0,40.14,18.5,0.0,58.64,58.64,0.0,Paid
BILL000035,ACC0003,2026-07-18,2026-08-16,2026-08-18,2026-09-08,0.0,43.99,18.5,0.0,62.49,62.49,0.0,Paid
BILL000036,ACC0003,2026-08-17,2026-09-15,2026-09-17,2026-10-08,0.0,43.8,18.5,0.0,62.3,62.3,0.0,Paid
BILL000037,ACC0004,2025-09-21,2025-10-20,2025-10-22,2025-11-12,0.0,41.45,18.5,0.0,59.95,59.95,0.0,Paid
BILL000038,ACC0004,2025-10-21,2025-11-19,2025-11-21,2025-12-12,0.0,46.78,18.5,0.0,65.28,65.28,0.0,Paid
BILL000039,ACC0004,2025-11-20,2025-12-19,2025-12-21,2026-01-11,0.0,48.02,18.5,0.0,66.52,66.52,0.0,Paid
BILL000040,ACC0004,2025-12-20,2026-01-18,2026-01-20,2026-02-10,0.0,43.68,18.5,0.0,62.18,62.18,0.0,Paid
BILL000041,ACC0004,2026-01-19,2026-02-17,2026-02-19,2026-03-12,0.0,51.1,18.5,0.0,69.6,69.6,0.0,Paid
BILL000042,ACC0004,2026-02-18,2026-03-19,2026-03-21,2026-04-11,0.0,48.32,18.5,0.0,66.82,66.82,0.0,Paid
BILL000043,ACC0004,2026-03-20,2026-04-18,2026-04-20,2026-05-11,0.0,42.17,18.5,0.0,60.67,60.67,0.0,Paid
BILL000044,ACC0004,2026-04-19,2026-05-18,2026-05-20,2026-06-10,0.0,48.2,18.5,0.0,66.7,66.7,0.0,Paid
BILL000045,ACC0004,2026-05-19,2026-06-17,2026-06-19,2026-07-10,0.0,45.62,18.5,0.0,64.12,64.12,0.0,Paid
BILL000046,ACC0004,2026-06-18,2026-07-17,2026-07-19,2026-08-09,0.0,42.05,18.5,0.0,60.55,60.55,0.0,Paid
BILL000047,ACC0004,2026-07-18,2026-08-16,2026-08-18,2026-09-08,0.0,50.69,18.5,0.0,69.19,69.19,0.0,Paid
BILL000048,ACC0004,2026-08-17,2026-09-15,2026-09-17,2026-10-08,0.0,47.4,18.5,0.0,65.9,65.9,0.0,Paid
BILL000049,ACC0005,2025-09-21,2025-10-20,2025-10-22,2025-11-12,0.0,51.5,18.5,0.0,70.0,70.0,0.0,Paid
BILL000050,ACC0005,2025-10-21,2025-11-19,2025-11-21,2025-12-12,0.0,53.41,18.5,0.0,71.91,71.91,0.0,Paid
BILL000051,ACC0005,2025-11-20,2025-12-19,2025-12-21,2026-01-11,0.0,47.71,18.5,0.0,66.21,66.21,0.0,Paid
BILL000052,ACC0005,2025-12-20,2026-01-18,2026-01-20,2026-02-10,0.0,49.36,18.5,0.0,67.86,67.86,0.0,Paid
BILL000053,ACC0005,2026-01-19,2026-02-17,2026-02-19,2026-03-12,0.0,47.9,18.5,0.0,66.4,66.4,0.0,Paid
BILL000054,ACC0005,2026-02-18,2026-03-19,2026-03-21,2026-04-11,0.0,52.69,18.5,0.0,71.19,71.19,0.0,Paid
BILL000055,ACC0005,2026-03-20,2026-04-18,2026-04-20,2026-05-11,0.0,46.83,18.5,0.0,65.33,65.33,0.0,Paid
BILL000056,ACC0005,2026-04-19,2026-05-18,2026-05-20,2026-06-10,0.0,44.59,18.5,0.0,63.09,63.09,0.0,Paid
BILL000057,ACC0005,2026-05-19,2026-06-17,2026-06-19,2026-07-10,0.0,53.16,18.5,0.0,71.66,71.66,0.0,Paid
BILL000058,ACC0005,2026-06-18,2026-07-17,2026-07-19,2026-08-09,0.0,43.36,18.5,0.0,61.86,61.86,0.0,Paid
BILL000059,ACC0005,2026-07-18,2026-08-16,2026-08-18,2026-09-08,0.0,49.04,18.5,0.0,67.54,67.54,0.0,Paid
BILL000060,ACC0005,2026-08-17,2026-09-15,2026-09-17,2026-10-08,0.0,51.6,18.5,0.0,70.1,70.1,0.0,Paid
BILL000061,ACC0006,2025-09-21,2025-10-20,2025-10-22,2025-11-12,0.0,49.21,18.5,0.0,67.71,67.71,0.0,Paid
BILL000062,ACC0006,2025-10-21,2025-11-19,2025-11-21,2025-12-12,0.0,55.25,18.5,0.0,73.75,73.75,0.0,Paid
BILL000063,ACC0006,2025-11-20,2025-12-19,2025-12-21,2026-01-11,0.0,56.42,18.5,0.0,74.92,74.92,0.0,Paid
BILL000064,ACC0006,2025-12-20,2026-01-18,2026-01-20,2026-02-10,0.0,55.54,18.5,0.0,74.04,74.04,0.0,Paid
BILL000065,ACC0006,2026-01-19,2026-02-17,2026-02-19,2026-03-12,0.0,55.64,18.5,0.0,74.14,74.14,0.0,Paid
BILL000066,ACC0006,2026-02-18,2026-03-19,2026-03-21,2026-04-11,0.0,45.54,18.5,0.0,64.04,64.04,0.0,Paid
BILL000067,ACC0006,2026-03-20,2026-04-18,2026-04-20,2026-05-11,0.0,52.33,18.5,0.0,70.83,70.83,0.0,Paid
BILL000068,ACC0006,2026-04-19,2026-05-18,2026-05-20,2026-06-10,0.0,50.19,18.5,0.0,68.69,68.69,0.0,Paid
BILL000069,ACC0006,2026-05-19,2026-06-17,2026-06-19,2026-07-10,0.0,52.07,18.5,0.0,70.57,70.57,0.0,Paid
BILL000070,ACC0006,2026-06-18,2026-07-17,2026-07-19,2026-08-09,0.0,53.32,18.5,0.0,71.82,71.82,0.0,Paid
BILL000071,ACC0006,2026-07-18,2026-08-16,2026-08-18,2026-09-08,0.0,55.29,18.5,0.0,73.79,73.79,0.0,Paid
BILL000072,ACC0006,2026-08-17,2026-09-15,2026-09-17,2026-10-08,0.0,10.2,18.5,0.0,28.7,28.7,0.0,Paid
BILL000073,ACC0007,2025-09-21,2025-10-20,2025-10-22,2025-11-12,0.0,59.65,18.5,0.0,78.15,78.15,0.0,Paid
BILL000074,ACC0007,2025-10-21,2025-11-19,2025-11-21,2025-12-12,0.0,55.17,18.5,0.0,73.67,73.67,0.0,Paid
BILL000075,ACC0007,2025-11-20,2025-12-19,2025-12-21,2026-01-11,0.0,55.51,18.5,0.0,74.01,74.01,0.0,Paid
BILL000076,ACC0007,2025-12-20,2026-01-18,2026-01-20,2026-02-10,0.0,56.79,18.5,0.0,75.29,75.29,0.0,Paid
BILL000077,ACC0007,2026-01-19,2026-02-17,2026-02-19,2026-03-12,0.0,55.05,18.5,0.0,73.55,73.55,0.0,Paid
BILL000078,ACC0007,2026-02-18,2026-03-19,2026-03-21,2026-04-11,0.0,50.17,18.5,0.0,68.67,68.67,0.0,Paid
BILL000079,ACC0007,2026-03-20,2026-04-18,2026-04-20,2026-05-11,0.0,57.73,18.5,0.0,76.23,76.23,0.0,Paid
BILL000080,ACC0007,2026-04-19,2026-05-18,2026-05-20,2026-06-10,0.0,55.51,18.5,0.0,74.01,74.01,0.0,Paid
BILL000081,ACC0007,2026-05-19,2026-06-17,2026-06-19,2026-07-10,0.0,49.83,18.5,0.0,68.33,68.33,0.0,Paid
BILL000082,ACC0007,2026-06-18,2026-07-17,2026-07-19,2026-08-09,0.0,48.97,18.5,0.0,67.47,67.47,0.0,Paid
BILL000083,ACC0007,2026-07-18,2026-08-16,2026-08-18,2026-09-08,0.0,59.94,18.5,0.0,78.44,78.44,0.0,Paid
BILL000084,ACC0007,2026-08-17,2026-09-15,2026-09-17,2026-10-08,0.0,59.47,18.5,0.0,77.97,0.0,77.97,Open
BILL000085,ACC0008,2025-09-21,2025-10-20,2025-10-22,2025-11-12,0.0,60.09,18.5,0.0,78.59,78.59,0.0,Paid
BILL000086,ACC0008,2025-10-21,2025-11-19,2025-11-21,2025-12-12,0.0,58.03,18.5,0.0,76.53,76.53,0.0,Paid
BILL000087,ACC0008,2025-11-20,2025-12-19,2025-12-21,2026-01-11,0.0,57.63,18.5,0.0,76.13,76.13,0.0,Paid
BILL000088,ACC0008,2025-12-20,2026-01-18,2026-01-20,2026-02-10,0.0,58.48,18.5,0.0,76.98,76.98,0.0,Paid
BILL000089,ACC0008,2026-01-19,2026-02-17,2026-02-19,2026-03-12,0.0,50.0,18.5,0.0,68.5,68.5,0.0,Paid
BILL000090,ACC0008,2026-02-18,2026-03-19,2026-03-21,2026-04-11,0.0,54.25,18.5,0.0,72.75,72.75,0.0,Paid
BILL000091,ACC0008,2026-03-20,2026-04-18,2026-04-20,2026-05-11,0.0,50.72,18.5,0.0,69.22,69.22,0.0,Paid
BILL000092,ACC0008,2026-04-19,2026-05-18,2026-05-20,2026-06-10,0.0,56.08,18.5,0.0,74.58,74.58,0.0,Paid
BILL000093,ACC0008,2026-05-19,2026-06-17,2026-06-19,2026-07-10,0.0,55.79,18.5,0.0,74.29,74.29,0.0,Paid
BILL000094,ACC0008,2026-06-18,2026-07-17,2026-07-19,2026-08-09,0.0,52.11,18.5,0.0,70.61,70.61,0.0,Paid
BILL000095,ACC0008,2026-07-18,2026-08-16,2026-08-18,2026-09-08,0.0,92.65,18.5,0.0,111.15,111.15,0.0,Paid
BILL000096,ACC0008,2026-08-17,2026-09-15,2026-09-17,2026-10-08,0.0,112.2,18.5,0.0,130.7,130.7,0.0,Paid
BILL000097,ACC0009,2025-09-21,2025-10-20,2025-10-22,2025-11-12,0.0,56.52,18.5,0.0,75.02,75.02,0.0,Paid
BILL000098,ACC0009,2025-10-21,2025-11-19,2025-11-21,2025-12-12,0.0,53.35,18.5,0.0,71.85,71.85,0.0,Paid
BILL000099,ACC0009,2025-11-20,2025-12-19,2025-12-21,2026-01-11,0.0,63.44,18.5,0.0,81.94,81.94,0.0,Paid
BILL000100,ACC0009,2025-12-20,2026-01-18,2026-01-20,2026-02-10,0.0,55.56,18.5,0.0,74.06,74.06,0.0,Paid
BILL000101,ACC0009,2026-01-19,2026-02-17,2026-02-19,2026-03-12,0.0,60.11,18.5,0.0,78.61,78.61,0.0,Paid
BILL000102,ACC0009,2026-02-18,2026-03-19,2026-03-21,2026-04-11,0.0,66.5,18.5,0.0,85.0,85.0,0.0,Paid
BILL000103,ACC0009,2026-03-20,2026-04-18,2026-04-20,2026-05-11,0.0,66.26,18.5,0.0,84.76,84.76,0.0,Paid
BILL000104,ACC0009,2026-04-19,2026-05-18,2026-05-20,2026-06-10,0.0,54.77,18.5,0.0,73.27,73.27,0.0,Paid
BILL000105,ACC0009,2026-05-19,2026-06-17,2026-06-19,2026-07-10,0.0,53.59,18.5,0.0,72.09,72.09,0.0,Paid
BILL000106,ACC0009,2026-06-18,2026-07-17,2026-07-19,2026-08-09,0.0,55.89,18.5,0.0,74.39,74.39,0.0,Paid
BILL000107,ACC0009,2026-07-18,2026-08-16,2026-08-18,2026-09-08,0.0,63.87,18.5,0.0,82.37,82.37,0.0,Paid
BILL000108,ACC0009,2026-08-17,2026-09-15,2026-09-17,2026-10-08,0.0,63.93,18.5,0.0,82.43,82.43,0.0,Paid
BILL000109,ACC0010,2025-09-21,2025-10-20,2025-10-22,2025-11-12,0.0,36.6,18.5,0.0,55.1,55.1,0.0,Paid
BILL000110,ACC0010,2025-10-21,2025-11-19,2025-11-21,2025-12-12,0.0,31.82,18.5,0.0,50.32,50.32,0.0,Paid
BILL000111,ACC0010,2025-11-20,2025-12-19,2025-12-21,2026-01-11,0.0,39.45,18.5,0.0,57.95,57.95,0.0,Paid
BILL000112,ACC0010,2025-12-20,2026-01-18,2026-01-20,2026-02-10,0.0,32.64,18.5,0.0,51.14,51.14,0.0,Paid
BILL000113,ACC0010,2026-01-19,2026-02-17,2026-02-19,2026-03-12,0.0,38.3,18.5,0.0,56.8,56.8,0.0,Paid
BILL000114,ACC0010,2026-02-18,2026-03-19,2026-03-21,2026-04-11,0.0,32.61,18.5,0.0,51.11,51.11,0.0,Paid
BILL000115,ACC0010,2026-03-20,2026-04-18,2026-04-20,2026-05-11,0.0,32.07,18.5,0.0,50.57,50.57,0.0,Paid
BILL000116,ACC0010,2026-04-19,2026-05-18,2026-05-20,2026-06-10,0.0,32.23,18.5,0.0,50.73,50.73,0.0,Paid
BILL000117,ACC0010,2026-05-19,2026-06-17,2026-06-19,2026-07-10,0.0,36.57,18.5,0.0,55.07,55.07,0.0,Paid
BILL000118,ACC0010,2026-06-18,2026-07-17,2026-07-19,2026-08-09,0.0,36.37,18.5,0.0,54.87,54.87,0.0,Paid
BILL000119,ACC0010,2026-07-18,2026-08-16,2026-08-18,2026-09-08,0.0,39.13,18.5,0.0,57.63,57.63,0.0,Paid
BILL000120,ACC0010,2026-08-17,2026-09-15,2026-09-17,2026-10-08,0.0,36.73,18.5,0.0,55.23,55.23,0.0,Paid
BILL000121,ACC0011,2025-09-21,2025-10-20,2025-10-22,2025-11-12,0.0,40.32,18.5,0.0,58.82,58.82,0.0,Paid
BILL000122,ACC0011,2025-10-21,2025-11-19,2025-11-21,2025-12-12,0.0,36.88,18.5,0.0,55.38,55.38,0.0,Paid
BILL000123,ACC0011,2025-11-20,2025-12-19,2025-12-21,2026-01-11,0.0,34.16,18.5,0.0,52.66,52.66,0.0,Paid
BILL000124,ACC0011,2025-12-20,2026-01-18,2026-01-20,2026-02-10,0.0,39.88,18.5,0.0,58.38,58.38,0.0,Paid
BILL000125,ACC0011,2026-01-19,2026-02-17,2026-02-19,2026-03-12,0.0,40.04,18.5,0.0,58.54,58.54,0.0,Paid
BILL000126,ACC0011,2026-02-18,2026-03-19,2026-03-21,2026-04-11,0.0,37.37,18.5,0.0,55.87,55.87,0.0,Paid
BILL000127,ACC0011,2026-03-20,2026-04-18,2026-04-20,2026-05-11,0.0,41.8,18.5,0.0,60.3,60.3,0.0,Paid
BILL000128,ACC0011,2026-04-19,2026-05-18,2026-05-20,2026-06-10,0.0,42.81,18.5,0.0,61.31,61.31,0.0,Paid
BILL000129,ACC0011,2026-05-19,2026-06-17,2026-06-19,2026-07-10,0.0,40.97,18.5,0.0,59.47,59.47,0.0,Paid
BILL000130,ACC0011,2026-06-18,2026-07-17,2026-07-19,2026-08-09,0.0,42.27,18.5,0.0,60.77,60.77,0.0,Paid
BILL000131,ACC0011,2026-07-18,2026-08-16,2026-08-18,2026-09-08,0.0,34.44,18.5,0.0,52.94,52.94,0.0,Paid
BILL000132,ACC0011,2026-08-17,2026-09-15,2026-09-17,2026-10-08,0.0,38.32,18.5,0.0,56.82,56.82,0.0,Paid
BILL000133,ACC0012,2025-09-21,2025-10-20,2025-10-22,2025-11-12,0.0,37.96,18.5,0.0,56.46,56.46,0.0,Paid
BILL000134,ACC0012,2025-10-21,2025-11-19,2025-11-21,2025-12-12,0.0,42.52,18.5,0.0,61.02,61.02,0.0,Paid
BILL000135,ACC0012,2025-11-20,2025-12-19,2025-12-21,2026-01-11,0.0,42.2,18.5,0.0,60.7,60.7,0.0,Paid
BILL000136,ACC0012,2025-12-20,2026-01-18,2026-01-20,2026-02-10,0.0,42.12,18.5,0.0,60.62,60.62,0.0,Paid
BILL000137,ACC0012,2026-01-19,2026-02-17,2026-02-19,2026-03-12,0.0,36.81,18.5,0.0,55.31,55.31,0.0,Paid
BILL000138,ACC0012,2026-02-18,2026-03-19,2026-03-21,2026-04-11,0.0,36.44,18.5,0.0,54.94,54.94,0.0,Paid
BILL000139,ACC0012,2026-03-20,2026-04-18,2026-04-20,2026-05-11,0.0,38.74,18.5,0.0,57.24,57.24,0.0,Paid
BILL000140,ACC0012,2026-04-19,2026-05-18,2026-05-20,2026-06-10,0.0,39.26,18.5,0.0,57.76,57.76,0.0,Paid
BILL000141,ACC0012,2026-05-19,2026-06-17,2026-06-19,2026-07-10,0.0,36.52,18.5,0.0,55.02,55.02,0.0,Paid
BILL000142,ACC0012,2026-06-18,2026-07-17,2026-07-19,2026-08-09,0.0,36.59,18.5,0.0,55.09,55.09,0.0,Paid
BILL000143,ACC0012,2026-07-18,2026-08-16,2026-08-18,2026-09-08,0.0,36.51,18.5,0.0,55.01,55.01,0.0,Paid
BILL000144,ACC0012,2026-08-17,2026-09-15,2026-09-17,2026-10-08,0.0,44.14,18.5,0.0,62.64,62.64,0.0,Paid
BILL000145,ACC0013,2025-09-21,2025-10-20,2025-10-22,2025-11-12,0.0,48.36,18.5,0.0,66.86,66.86,0.0,Paid
BILL000146,ACC0013,2025-10-21,2025-11-19,2025-11-21,2025-12-12,0.0,46.41,18.5,0.0,64.91,64.91,0.0,Paid
BILL000147,ACC0013,2025-11-20,2025-12-19,2025-12-21,2026-01-11,0.0,46.19,18.5,0.0,64.69,64.69,0.0,Paid
BILL000148,ACC0013,2025-12-20,2026-01-18,2026-01-20,2026-02-10,0.0,47.9,18.5,0.0,66.4,66.4,0.0,Paid
BILL000149,ACC0013,2026-01-19,2026-02-17,2026-02-19,2026-03-12,0.0,44.29,18.5,0.0,62.79,62.79,0.0,Paid
BILL000150,ACC0013,2026-02-18,2026-03-19,2026-03-21,2026-04-11,0.0,40.18,18.5,0.0,58.68,58.68,0.0,Paid
BILL000151,ACC0013,2026-03-20,2026-04-18,2026-04-20,2026-05-11,0.0,43.99,18.5,0.0,62.49,62.49,0.0,Paid
BILL000152,ACC0013,2026-04-19,2026-05-18,2026-05-20,2026-06-10,0.0,42.3,18.5,0.0,60.8,60.8,0.0,Paid
BILL000153,ACC0013,2026-05-19,2026-06-17,2026-06-19,2026-07-10,0.0,47.31,18.5,0.0,65.81,65.81,0.0,Paid
BILL000154,ACC0013,2026-06-18,2026-07-17,2026-07-19,2026-08-09,0.0,48.18,18.5,0.0,66.68,66.68,0.0,Paid
BILL000155,ACC0013,2026-07-18,2026-08-16,2026-08-18,2026-09-08,0.0,43.55,18.5,0.0,62.05,62.05,0.0,Paid
BILL000156,ACC0013,2026-08-17,2026-09-15,2026-09-17,2026-10-08,0.0,48.26,18.5,0.0,66.76,66.76,0.0,Paid
BILL000157,ACC0014,2025-09-21,2025-10-20,2025-10-22,2025-11-12,0.0,49.48,18.5,0.0,67.98,67.98,0.0,Paid
BILL000158,ACC0014,2025-10-21,2025-11-19,2025-11-21,2025-12-12,0.0,46.29,18.5,0.0,64.79,64.79,0.0,Paid
BILL000159,ACC0014,2025-11-20,2025-12-19,2025-12-21,2026-01-11,0.0,40.79,18.5,0.0,59.29,59.29,0.0,Paid
BILL000160,ACC0014,2025-12-20,2026-01-18,2026-01-20,2026-02-10,0.0,46.23,18.5,0.0,64.73,64.73,0.0,Paid
BILL000161,ACC0014,2026-01-19,2026-02-17,2026-02-19,2026-03-12,0.0,45.11,18.5,0.0,63.61,63.61,0.0,Paid
BILL000162,ACC0014,2026-02-18,2026-03-19,2026-03-21,2026-04-11,0.0,48.47,18.5,0.0,66.97,66.97,0.0,Paid
BILL000163,ACC0014,2026-03-20,2026-04-18,2026-04-20,2026-05-11,0.0,42.89,18.5,0.0,61.39,61.39,0.0,Paid
BILL000164,ACC0014,2026-04-19,2026-05-18,2026-05-20,2026-06-10,0.0,49.71,18.5,0.0,68.21,68.21,0.0,Paid
BILL000165,ACC0014,2026-05-19,2026-06-17,2026-06-19,2026-07-10,0.0,50.29,18.5,0.0,68.79,68.79,0.0,Paid
BILL000166,ACC0014,2026-06-18,2026-07-17,2026-07-19,2026-08-09,0.0,48.98,18.5,0.0,67.48,67.48,0.0,Paid
BILL000167,ACC0014,2026-07-18,2026-08-16,2026-08-18,2026-09-08,0.0,43.1,18.5,0.0,61.6,61.6,0.0,Paid
BILL000168,ACC0014,2026-08-17,2026-09-15,2026-09-17,2026-10-08,0.0,46.89,18.5,0.0,65.39,0.0,65.39,Open
BILL000169,ACC0015,2025-09-21,2025-10-20,2025-10-22,2025-11-12,0.0,47.16,18.5,0.0,65.66,65.66,0.0,Paid
BILL000170,ACC0015,2025-10-21,2025-11-19,2025-11-21,2025-12-12,0.0,48.55,18.5,0.0,67.05,67.05,0.0,Paid
BILL000171,ACC0015,2025-11-20,2025-12-19,2025-12-21,2026-01-11,0.0,53.64,18.5,0.0,72.14,72.14,0.0,Paid
BILL000172,ACC0015,2025-12-20,2026-01-18,2026-01-20,2026-02-10,0.0,51.0,18.5,0.0,69.5,69.5,0.0,Paid
BILL000173,ACC0015,2026-01-19,2026-02-17,2026-02-19,2026-03-12,0.0,47.74,18.5,0.0,66.24,66.24,0.0,Paid
BILL000174,ACC0015,2026-02-18,2026-03-19,2026-03-21,2026-04-11,0.0,53.58,18.5,0.0,72.08,72.08,0.0,Paid
BILL000175,ACC0015,2026-03-20,2026-04-18,2026-04-20,2026-05-11,0.0,48.25,18.5,0.0,66.75,66.75,0.0,Paid
BILL000176,ACC0015,2026-04-19,2026-05-18,2026-05-20,2026-06-10,0.0,43.67,18.5,0.0,62.17,62.17,0.0,Paid
BILL000177,ACC0015,2026-05-19,2026-06-17,2026-06-19,2026-07-10,0.0,53.52,18.5,0.0,72.02,72.02,0.0,Paid
BILL000178,ACC0015,2026-06-18,2026-07-17,2026-07-19,2026-08-09,0.0,47.45,18.5,0.0,65.95,65.95,0.0,Paid
BILL000179,ACC0015,2026-07-18,2026-08-16,2026-08-18,2026-09-08,0.0,48.45,18.5,0.0,66.95,66.95,0.0,Paid
BILL000180,ACC0015,2026-08-17,2026-09-15,2026-09-17,2026-10-08,0.0,48.62,18.5,0.0,67.12,67.12,0.0,Paid
BILL000181,ACC0016,2025-09-21,2025-10-20,2025-10-22,2025-11-12,0.0,48.32,18.5,0.0,66.82,66.82,0.0,Paid
BILL000182,ACC0016,2025-10-21,2025-11-19,2025-11-21,2025-12-12,0.0,52.62,18.5,0.0,71.12,71.12,0.0,Paid
BILL000183,ACC0016,2025-11-20,2025-12-19,2025-12-21,2026-01-11,0.0,50.29,18.5,0.0,68.79,68.79,0.0,Paid
BILL000184,ACC0016,2025-12-20,2026-01-18,2026-01-20,2026-02-10,0.0,54.52,18.5,0.0,73.02,73.02,0.0,Paid
BILL000185,ACC0016,2026-01-19,2026-02-17,2026-02-19,2026-03-12,0.0,53.25,18.5,0.0,71.75,71.75,0.0,Paid
BILL000186,ACC0016,2026-02-18,2026-03-19,2026-03-21,2026-04-11,0.0,48.63,18.5,0.0,67.13,67.13,0.0,Paid
BILL000187,ACC0016,2026-03-20,2026-04-18,2026-04-20,2026-05-11,0.0,49.01,18.5,0.0,67.51,67.51,0.0,Paid
BILL000188,ACC0016,2026-04-19,2026-05-18,2026-05-20,2026-06-10,0.0,56.43,18.5,0.0,74.93,74.93,0.0,Paid
BILL000189,ACC0016,2026-05-19,2026-06-17,2026-06-19,2026-07-10,0.0,52.52,18.5,0.0,71.02,71.02,0.0,Paid
BILL000190,ACC0016,2026-06-18,2026-07-17,2026-07-19,2026-08-09,0.0,47.3,18.5,0.0,65.8,65.8,0.0,Paid
BILL000191,ACC0016,2026-07-18,2026-08-16,2026-08-18,2026-09-08,0.0,53.94,18.5,0.0,72.44,72.44,0.0,Paid
BILL000192,ACC0016,2026-08-17,2026-09-15,2026-09-17,2026-10-08,0.0,45.63,18.5,0.0,64.13,64.13,0.0,Paid
BILL000193,ACC0017,2025-09-21,2025-10-20,2025-10-22,2025-11-12,0.0,51.85,18.5,0.0,70.35,70.35,0.0,Paid
BILL000194,ACC0017,2025-10-21,2025-11-19,2025-11-21,2025-12-12,0.0,52.24,18.5,0.0,70.74,70.74,0.0,Paid
BILL000195,ACC0017,2025-11-20,2025-12-19,2025-12-21,2026-01-11,0.0,56.27,18.5,0.0,74.77,74.77,0.0,Paid
BILL000196,ACC0017,2025-12-20,2026-01-18,2026-01-20,2026-02-10,0.0,53.53,18.5,0.0,72.03,72.03,0.0,Paid
BILL000197,ACC0017,2026-01-19,2026-02-17,2026-02-19,2026-03-12,0.0,55.6,18.5,0.0,74.1,74.1,0.0,Paid
BILL000198,ACC0017,2026-02-18,2026-03-19,2026-03-21,2026-04-11,0.0,53.42,18.5,0.0,71.92,71.92,0.0,Paid
BILL000199,ACC0017,2026-03-20,2026-04-18,2026-04-20,2026-05-11,0.0,53.18,18.5,0.0,71.68,71.68,0.0,Paid
BILL000200,ACC0017,2026-04-19,2026-05-18,2026-05-20,2026-06-10,0.0,54.21,18.5,0.0,72.71,72.71,0.0,Paid
BILL000201,ACC0017,2026-05-19,2026-06-17,2026-06-19,2026-07-10,0.0,58.96,18.5,0.0,77.46,77.46,0.0,Paid
BILL000202,ACC0017,2026-06-18,2026-07-17,2026-07-19,2026-08-09,0.0,53.2,18.5,0.0,71.7,71.7,0.0,Paid
BILL000203,ACC0017,2026-07-18,2026-08-16,2026-08-18,2026-09-08,0.0,60.28,18.5,0.0,78.78,78.78,0.0,Paid
BILL000204,ACC0017,2026-08-17,2026-09-15,2026-09-17,2026-10-08,0.0,56.38,18.5,0.0,74.88,74.88,0.0,Paid
BILL000205,ACC0018,2025-09-21,2025-10-20,2025-10-22,2025-11-12,0.0,55.67,18.5,0.0,74.17,74.17,0.0,Paid
BILL000206,ACC0018,2025-10-21,2025-11-19,2025-11-21,2025-12-12,0.0,50.66,18.5,0.0,69.16,69.16,0.0,Paid
BILL000207,ACC0018,2025-11-20,2025-12-19,2025-12-21,2026-01-11,0.0,58.15,18.5,0.0,76.65,76.65,0.0,Paid
BILL000208,ACC0018,2025-12-20,2026-01-18,2026-01-20,2026-02-10,0.0,57.48,18.5,0.0,75.98,75.98,0.0,Paid
BILL000209,ACC0018,2026-01-19,2026-02-17,2026-02-19,2026-03-12,0.0,51.44,18.5,0.0,69.94,69.94,0.0,Paid
BILL000210,ACC0018,2026-02-18,2026-03-19,2026-03-21,2026-04-11,0.0,57.94,18.5,0.0,76.44,76.44,0.0,Paid
BILL000211,ACC0018,2026-03-20,2026-04-18,2026-04-20,2026-05-11,0.0,53.92,18.5,0.0,72.42,72.42,0.0,Paid
BILL000212,ACC0018,2026-04-19,2026-05-18,2026-05-20,2026-06-10,0.0,50.41,18.5,0.0,68.91,68.91,0.0,Paid
BILL000213,ACC0018,2026-05-19,2026-06-17,2026-06-19,2026-07-10,0.0,54.45,18.5,0.0,72.95,72.95,0.0,Paid
BILL000214,ACC0018,2026-06-18,2026-07-17,2026-07-19,2026-08-09,0.0,57.09,18.5,0.0,75.59,75.59,0.0,Paid
BILL000215,ACC0018,2026-07-18,2026-08-16,2026-08-18,2026-09-08,0.0,59.68,18.5,0.0,78.18,78.18,0.0,Paid
BILL000216,ACC0018,2026-08-17,2026-09-15,2026-09-17,2026-10-08,0.0,63.03,18.5,0.0,81.53,81.53,0.0,Paid
BILL000217,ACC0019,2025-09-21,2025-10-20,2025-10-22,2025-11-12,0.0,63.49,18.5,0.0,81.99,81.99,0.0,Paid
BILL000218,ACC0019,2025-10-21,2025-11-19,2025-11-21,2025-12-12,0.0,62.71,18.5,0.0,81.21,81.21,0.0,Paid
BILL000219,ACC0019,2025-11-20,2025-12-19,2025-12-21,2026-01-11,0.0,55.22,18.5,0.0,73.72,73.72,0.0,Paid
BILL000220,ACC0019,2025-12-20,2026-01-18,2026-01-20,2026-02-10,0.0,65.29,18.5,0.0,83.79,83.79,0.0,Paid
BILL000221,ACC0019,2026-01-19,2026-02-17,2026-02-19,2026-03-12,0.0,63.05,18.5,0.0,81.55,81.55,0.0,Paid
BILL000222,ACC0019,2026-02-18,2026-03-19,2026-03-21,2026-04-11,0.0,62.14,18.5,0.0,80.64,80.64,0.0,Paid
BILL000223,ACC0019,2026-03-20,2026-04-18,2026-04-20,2026-05-11,0.0,66.31,18.5,0.0,84.81,84.81,0.0,Paid
BILL000224,ACC0019,2026-04-19,2026-05-18,2026-05-20,2026-06-10,0.0,52.45,18.5,0.0,70.95,70.95,0.0,Paid
BILL000225,ACC0019,2026-05-19,2026-06-17,2026-06-19,2026-07-10,0.0,64.3,18.5,0.0,82.8,82.8,0.0,Paid
BILL000226,ACC0019,2026-06-18,2026-07-17,2026-07-19,2026-08-09,0.0,55.33,18.5,0.0,73.83,73.83,0.0,Paid
BILL000227,ACC0019,2026-07-18,2026-08-16,2026-08-18,2026-09-08,0.0,55.54,18.5,0.0,74.04,74.04,0.0,Paid
BILL000228,ACC0019,2026-08-17,2026-09-15,2026-09-17,2026-10-08,0.0,66.1,18.5,0.0,84.6,84.6,0.0,Paid
BILL000229,ACC0020,2025-09-21,2025-10-20,2025-10-22,2025-11-12,0.0,37.6,18.5,0.0,56.1,56.1,0.0,Paid
BILL000230,ACC0020,2025-10-21,2025-11-19,2025-11-21,2025-12-12,0.0,35.05,18.5,0.0,53.55,53.55,0.0,Paid
BILL000231,ACC0020,2025-11-20,2025-12-19,2025-12-21,2026-01-11,0.0,33.29,18.5,0.0,51.79,51.79,0.0,Paid
BILL000232,ACC0020,2025-12-20,2026-01-18,2026-01-20,2026-02-10,0.0,37.45,18.5,0.0,55.95,55.95,0.0,Paid
BILL000233,ACC0020,2026-01-19,2026-02-17,2026-02-19,2026-03-12,0.0,32.34,18.5,0.0,50.84,50.84,0.0,Paid
BILL000234,ACC0020,2026-02-18,2026-03-19,2026-03-21,2026-04-11,0.0,36.12,18.5,0.0,54.62,54.62,0.0,Paid
BILL000235,ACC0020,2026-03-20,2026-04-18,2026-04-20,2026-05-11,0.0,39.43,18.5,0.0,57.93,57.93,0.0,Paid
BILL000236,ACC0020,2026-04-19,2026-05-18,2026-05-20,2026-06-10,0.0,39.38,18.5,0.0,57.88,57.88,0.0,Paid
BILL000237,ACC0020,2026-05-19,2026-06-17,2026-06-19,2026-07-10,0.0,39.55,18.5,0.0,58.05,58.05,0.0,Paid
BILL000238,ACC0020,2026-06-18,2026-07-17,2026-07-19,2026-08-09,0.0,31.71,18.5,0.0,50.21,50.21,0.0,Paid
BILL000239,ACC0020,2026-07-18,2026-08-16,2026-08-18,2026-09-08,0.0,31.66,18.5,0.0,50.16,50.16,0.0,Paid
BILL000240,ACC0020,2026-08-17,2026-09-15,2026-09-17,2026-10-08,0.0,34.19,18.5,0.0,52.69,52.69,0.0,Paid
BILL000241,ACC0021,2025-09-21,2025-10-20,2025-10-22,2025-11-12,0.0,34.83,18.5,0.0,53.33,53.33,0.0,Paid
BILL000242,ACC0021,2025-10-21,2025-11-19,2025-11-21,2025-12-12,0.0,34.2,18.5,0.0,52.7,52.7,0.0,Paid
BILL000243,ACC0021,2025-11-20,2025-12-19,2025-12-21,2026-01-11,0.0,37.93,18.5,0.0,56.43,56.43,0.0,Paid
BILL000244,ACC0021,2025-12-20,2026-01-18,2026-01-20,2026-02-10,0.0,37.44,18.5,0.0,55.94,55.94,0.0,Paid
BILL000245,ACC0021,2026-01-19,2026-02-17,2026-02-19,2026-03-12,0.0,35.49,18.5,0.0,53.99,53.99,0.0,Paid
BILL000246,ACC0021,2026-02-18,2026-03-19,2026-03-21,2026-04-11,0.0,42.83,18.5,0.0,61.33,61.33,0.0,Paid
BILL000247,ACC0021,2026-03-20,2026-04-18,2026-04-20,2026-05-11,0.0,40.77,18.5,0.0,59.27,59.27,0.0,Paid
BILL000248,ACC0021,2026-04-19,2026-05-18,2026-05-20,2026-06-10,0.0,38.5,18.5,0.0,57.0,57.0,0.0,Paid
BILL000249,ACC0021,2026-05-19,2026-06-17,2026-06-19,2026-07-10,0.0,36.4,18.5,0.0,54.9,54.9,0.0,Paid
BILL000250,ACC0021,2026-06-18,2026-07-17,2026-07-19,2026-08-09,0.0,41.37,18.5,0.0,59.87,59.87,0.0,Paid
BILL000251,ACC0021,2026-07-18,2026-08-16,2026-08-18,2026-09-08,0.0,39.92,18.5,0.0,58.42,58.42,0.0,Paid
BILL000252,ACC0021,2026-08-17,2026-09-15,2026-09-17,2026-10-08,0.0,38.62,18.5,0.0,57.12,0.0,57.12,Open
BILL000253,ACC0022,2025-09-21,2025-10-20,2025-10-22,2025-11-12,0.0,39.48,18.5,0.0,57.98,57.98,0.0,Paid
BILL000254,ACC0022,2025-10-21,2025-11-19,2025-11-21,2025-12-12,0.0,43.79,18.5,0.0,62.29,62.29,0.0,Paid
BILL000255,ACC0022,2025-11-20,2025-12-19,2025-12-21,2026-01-11,0.0,37.31,18.5,0.0,55.81,55.81,0.0,Paid
BILL000256,ACC0022,2025-12-20,2026-01-18,2026-01-20,2026-02-10,0.0,44.03,18.5,0.0,62.53,62.53,0.0,Paid
BILL000257,ACC0022,2026-01-19,2026-02-17,2026-02-19,2026-03-12,0.0,41.6,18.5,0.0,60.1,60.1,0.0,Paid
BILL000258,ACC0022,2026-02-18,2026-03-19,2026-03-21,2026-04-11,0.0,38.78,18.5,0.0,57.28,57.28,0.0,Paid
BILL000259,ACC0022,2026-03-20,2026-04-18,2026-04-20,2026-05-11,0.0,40.58,18.5,0.0,59.08,59.08,0.0,Paid
BILL000260,ACC0022,2026-04-19,2026-05-18,2026-05-20,2026-06-10,0.0,40.21,18.5,0.0,58.71,58.71,0.0,Paid
BILL000261,ACC0022,2026-05-19,2026-06-17,2026-06-19,2026-07-10,0.0,42.56,18.5,0.0,61.06,61.06,0.0,Paid
BILL000262,ACC0022,2026-06-18,2026-07-17,2026-07-19,2026-08-09,0.0,38.17,18.5,0.0,56.67,56.67,0.0,Paid
BILL000263,ACC0022,2026-07-18,2026-08-16,2026-08-18,2026-09-08,0.0,45.64,18.5,0.0,64.14,64.14,0.0,Paid
BILL000264,ACC0022,2026-08-17,2026-09-15,2026-09-17,2026-10-08,0.0,37.0,18.5,0.0,55.5,55.5,0.0,Paid
BILL000265,ACC0023,2025-09-21,2025-10-20,2025-10-22,2025-11-12,0.0,40.26,18.5,0.0,58.76,58.76,0.0,Paid
BILL000266,ACC0023,2025-10-21,2025-11-19,2025-11-21,2025-12-12,0.0,39.27,18.5,0.0,57.77,57.77,0.0,Paid
BILL000267,ACC0023,2025-11-20,2025-12-19,2025-12-21,2026-01-11,0.0,40.38,18.5,0.0,58.88,58.88,0.0,Paid
BILL000268,ACC0023,2025-12-20,2026-01-18,2026-01-20,2026-02-10,0.0,40.23,18.5,0.0,58.73,58.73,0.0,Paid
BILL000269,ACC0023,2026-01-19,2026-02-17,2026-02-19,2026-03-12,0.0,38.92,18.5,0.0,57.42,57.42,0.0,Paid
BILL000270,ACC0023,2026-02-18,2026-03-19,2026-03-21,2026-04-11,0.0,48.31,18.5,0.0,66.81,66.81,0.0,Paid
BILL000271,ACC0023,2026-03-20,2026-04-18,2026-04-20,2026-05-11,0.0,47.46,18.5,0.0,65.96,65.96,0.0,Paid
BILL000272,ACC0023,2026-04-19,2026-05-18,2026-05-20,2026-06-10,0.0,47.8,18.5,0.0,66.3,66.3,0.0,Paid
BILL000273,ACC0023,2026-05-19,2026-06-17,2026-06-19,2026-07-10,0.0,44.96,18.5,0.0,63.46,63.46,0.0,Paid
BILL000274,ACC0023,2026-06-18,2026-07-17,2026-07-19,2026-08-09,0.0,42.76,18.5,0.0,61.26,61.26,0.0,Paid
BILL000275,ACC0023,2026-07-18,2026-08-16,2026-08-18,2026-09-08,0.0,40.9,18.5,0.0,59.4,59.4,0.0,Paid
BILL000276,ACC0023,2026-08-17,2026-09-15,2026-09-17,2026-10-08,0.0,42.81,18.5,0.0,61.31,61.31,0.0,Paid
BILL000277,ACC0024,2025-09-21,2025-10-20,2025-10-22,2025-11-12,0.0,50.9,18.5,0.0,69.4,69.4,0.0,Paid
BILL000278,ACC0024,2025-10-21,2025-11-19,2025-11-21,2025-12-12,0.0,43.36,18.5,0.0,61.86,61.86,0.0,Paid
BILL000279,ACC0024,2025-11-20,2025-12-19,2025-12-21,2026-01-11,0.0,46.73,18.5,0.0,65.23,65.23,0.0,Paid
BILL000280,ACC0024,2025-12-20,2026-01-18,2026-01-20,2026-02-10,0.0,44.66,18.5,0.0,63.16,63.16,0.0,Paid
BILL000281,ACC0024,2026-01-19,2026-02-17,2026-02-19,2026-03-12,0.0,43.09,18.5,0.0,61.59,61.59,0.0,Paid
BILL000282,ACC0024,2026-02-18,2026-03-19,2026-03-21,2026-04-11,0.0,41.34,18.5,0.0,59.84,59.84,0.0,Paid
BILL000283,ACC0024,2026-03-20,2026-04-18,2026-04-20,2026-05-11,0.0,47.36,18.5,0.0,65.86,65.86,0.0,Paid
BILL000284,ACC0024,2026-04-19,2026-05-18,2026-05-20,2026-06-10,0.0,40.93,18.5,0.0,59.43,59.43,0.0,Paid
BILL000285,ACC0024,2026-05-19,2026-06-17,2026-06-19,2026-07-10,0.0,42.89,18.5,0.0,61.39,61.39,0.0,Paid
BILL000286,ACC0024,2026-06-18,2026-07-17,2026-07-19,2026-08-09,0.0,50.88,18.5,0.0,69.38,69.38,0.0,Paid
BILL000287,ACC0024,2026-07-18,2026-08-16,2026-08-18,2026-09-08,0.0,41.67,18.5,0.0,60.17,60.17,0.0,Paid
BILL000288,ACC0024,2026-08-17,2026-09-15,2026-09-17,2026-10-08,0.0,46.55,18.5,0.0,65.05,65.05,0.0,Paid
BILL000289,ACC0025,2025-09-21,2025-10-20,2025-10-22,2025-11-12,0.0,47.08,18.5,0.0,65.58,65.58,0.0,Paid
BILL000290,ACC0025,2025-10-21,2025-11-19,2025-11-21,2025-12-12,0.0,43.33,18.5,0.0,61.83,61.83,0.0,Paid
BILL000291,ACC0025,2025-11-20,2025-12-19,2025-12-21,2026-01-11,0.0,47.02,18.5,0.0,65.52,65.52,0.0,Paid
BILL000292,ACC0025,2025-12-20,2026-01-18,2026-01-20,2026-02-10,0.0,48.04,18.5,0.0,66.54,66.54,0.0,Paid
BILL000293,ACC0025,2026-01-19,2026-02-17,2026-02-19,2026-03-12,0.0,48.95,18.5,0.0,67.45,67.45,0.0,Paid
BILL000294,ACC0025,2026-02-18,2026-03-19,2026-03-21,2026-04-11,0.0,51.35,18.5,0.0,69.85,69.85,0.0,Paid
BILL000295,ACC0025,2026-03-20,2026-04-18,2026-04-20,2026-05-11,0.0,47.84,18.5,0.0,66.34,66.34,0.0,Paid
BILL000296,ACC0025,2026-04-19,2026-05-18,2026-05-20,2026-06-10,0.0,48.88,18.5,0.0,67.38,67.38,0.0,Paid
BILL000297,ACC0025,2026-05-19,2026-06-17,2026-06-19,2026-07-10,0.0,54.2,18.5,0.0,72.7,72.7,0.0,Paid
BILL000298,ACC0025,2026-06-18,2026-07-17,2026-07-19,2026-08-09,0.0,43.23,18.5,0.0,61.73,61.73,0.0,Paid
BILL000299,ACC0025,2026-07-18,2026-08-16,2026-08-18,2026-09-08,0.0,49.08,18.5,0.0,67.58,67.58,0.0,Paid
BILL000300,ACC0025,2026-08-17,2026-09-15,2026-09-17,2026-10-08,0.0,49.99,18.5,0.0,68.49,68.49,0.0,Paid
BILL000301,ACC0026,2025-09-21,2025-10-20,2025-10-22,2025-11-12,0.0,49.75,18.5,0.0,68.25,68.25,0.0,Paid
BILL000302,ACC0026,2025-10-21,2025-11-19,2025-11-21,2025-12-12,0.0,53.43,18.5,0.0,71.93,71.93,0.0,Paid
BILL000303,ACC0026,2025-11-20,2025-12-19,2025-12-21,2026-01-11,0.0,51.95,18.5,0.0,70.45,70.45,0.0,Paid
BILL000304,ACC0026,2025-12-20,2026-01-18,2026-01-20,2026-02-10,0.0,50.76,18.5,0.0,69.26,69.26,0.0,Paid
BILL000305,ACC0026,2026-01-19,2026-02-17,2026-02-19,2026-03-12,0.0,54.94,18.5,0.0,73.44,73.44,0.0,Paid
BILL000306,ACC0026,2026-02-18,2026-03-19,2026-03-21,2026-04-11,0.0,56.13,18.5,0.0,74.63,74.63,0.0,Paid
BILL000307,ACC0026,2026-03-20,2026-04-18,2026-04-20,2026-05-11,0.0,51.49,18.5,0.0,69.99,69.99,0.0,Paid
BILL000308,ACC0026,2026-04-19,2026-05-18,2026-05-20,2026-06-10,0.0,56.98,18.5,0.0,75.48,75.48,0.0,Paid
BILL000309,ACC0026,2026-05-19,2026-06-17,2026-06-19,2026-07-10,0.0,55.75,18.5,0.0,74.25,74.25,0.0,Paid
BILL000310,ACC0026,2026-06-18,2026-07-17,2026-07-19,2026-08-09,0.0,46.56,18.5,0.0,65.06,65.06,0.0,Paid
BILL000311,ACC0026,2026-07-18,2026-08-16,2026-08-18,2026-09-08,0.0,50.41,18.5,0.0,68.91,68.91,0.0,Paid
BILL000312,ACC0026,2026-08-17,2026-09-15,2026-09-17,2026-10-08,0.0,49.57,18.5,0.0,68.07,68.07,0.0,Paid
BILL000313,ACC0027,2025-09-21,2025-10-20,2025-10-22,2025-11-12,0.0,52.77,18.5,0.0,71.27,71.27,0.0,Paid
BILL000314,ACC0027,2025-10-21,2025-11-19,2025-11-21,2025-12-12,0.0,49.05,18.5,0.0,67.55,67.55,0.0,Paid
BILL000315,ACC0027,2025-11-20,2025-12-19,2025-12-21,2026-01-11,0.0,50.08,18.5,0.0,68.58,68.58,0.0,Paid
BILL000316,ACC0027,2025-12-20,2026-01-18,2026-01-20,2026-02-10,0.0,49.65,18.5,0.0,68.15,68.15,0.0,Paid
BILL000317,ACC0027,2026-01-19,2026-02-17,2026-02-19,2026-03-12,0.0,56.77,18.5,0.0,75.27,75.27,0.0,Paid
BILL000318,ACC0027,2026-02-18,2026-03-19,2026-03-21,2026-04-11,0.0,50.52,18.5,0.0,69.02,69.02,0.0,Paid
BILL000319,ACC0027,2026-03-20,2026-04-18,2026-04-20,2026-05-11,0.0,58.38,18.5,0.0,76.88,76.88,0.0,Paid
BILL000320,ACC0027,2026-04-19,2026-05-18,2026-05-20,2026-06-10,0.0,48.71,18.5,0.0,67.21,67.21,0.0,Paid
BILL000321,ACC0027,2026-05-19,2026-06-17,2026-06-19,2026-07-10,0.0,53.8,18.5,0.0,72.3,72.3,0.0,Paid
BILL000322,ACC0027,2026-06-18,2026-07-17,2026-07-19,2026-08-09,0.0,52.58,18.5,0.0,71.08,71.08,0.0,Paid
BILL000323,ACC0027,2026-07-18,2026-08-16,2026-08-18,2026-09-08,0.0,58.9,18.5,0.0,77.4,77.4,0.0,Paid
BILL000324,ACC0027,2026-08-17,2026-09-15,2026-09-17,2026-10-08,0.0,59.32,18.5,0.0,77.82,77.82,0.0,Paid
BILL000325,ACC0028,2025-09-21,2025-10-20,2025-10-22,2025-11-12,0.0,55.67,18.5,0.0,74.17,74.17,0.0,Paid
BILL000326,ACC0028,2025-10-21,2025-11-19,2025-11-21,2025-12-12,0.0,53.4,18.5,0.0,71.9,71.9,0.0,Paid
BILL000327,ACC0028,2025-11-20,2025-12-19,2025-12-21,2026-01-11,0.0,56.63,18.5,0.0,75.13,75.13,0.0,Paid
BILL000328,ACC0028,2025-12-20,2026-01-18,2026-01-20,2026-02-10,0.0,63.04,18.5,0.0,81.54,81.54,0.0,Paid
BILL000329,ACC0028,2026-01-19,2026-02-17,2026-02-19,2026-03-12,0.0,56.59,18.5,0.0,75.09,75.09,0.0,Paid
BILL000330,ACC0028,2026-02-18,2026-03-19,2026-03-21,2026-04-11,0.0,52.11,18.5,0.0,70.61,70.61,0.0,Paid
BILL000331,ACC0028,2026-03-20,2026-04-18,2026-04-20,2026-05-11,0.0,56.01,18.5,0.0,74.51,74.51,0.0,Paid
BILL000332,ACC0028,2026-04-19,2026-05-18,2026-05-20,2026-06-10,0.0,52.18,18.5,0.0,70.68,70.68,0.0,Paid
BILL000333,ACC0028,2026-05-19,2026-06-17,2026-06-19,2026-07-10,0.0,54.52,18.5,0.0,73.02,73.02,0.0,Paid
BILL000334,ACC0028,2026-06-18,2026-07-17,2026-07-19,2026-08-09,0.0,62.14,18.5,0.0,80.64,80.64,0.0,Paid
BILL000335,ACC0028,2026-07-18,2026-08-16,2026-08-18,2026-09-08,0.0,51.55,18.5,0.0,70.05,70.05,0.0,Paid
BILL000336,ACC0028,2026-08-17,2026-09-15,2026-09-17,2026-10-08,0.0,52.09,18.5,0.0,70.59,0.0,70.59,Open
BILL000337,ACC0029,2025-09-21,2025-10-20,2025-10-22,2025-11-12,0.0,58.89,18.5,0.0,77.39,77.39,0.0,Paid
BILL000338,ACC0029,2025-10-21,2025-11-19,2025-11-21,2025-12-12,0.0,61.12,18.5,0.0,79.62,79.62,0.0,Paid
BILL000339,ACC0029,2025-11-20,2025-12-19,2025-12-21,2026-01-11,0.0,66.13,18.5,0.0,84.63,84.63,0.0,Paid
BILL000340,ACC0029,2025-12-20,2026-01-18,2026-01-20,2026-02-10,0.0,58.62,18.5,0.0,77.12,77.12,0.0,Paid
BILL000341,ACC0029,2026-01-19,2026-02-17,2026-02-19,2026-03-12,0.0,61.48,18.5,0.0,79.98,79.98,0.0,Paid
BILL000342,ACC0029,2026-02-18,2026-03-19,2026-03-21,2026-04-11,0.0,63.7,18.5,0.0,82.2,82.2,0.0,Paid
BILL000343,ACC0029,2026-03-20,2026-04-18,2026-04-20,2026-05-11,0.0,61.27,18.5,0.0,79.77,79.77,0.0,Paid
BILL000344,ACC0029,2026-04-19,2026-05-18,2026-05-20,2026-06-10,0.0,55.51,18.5,0.0,74.01,74.01,0.0,Paid
BILL000345,ACC0029,2026-05-19,2026-06-17,2026-06-19,2026-07-10,0.0,66.02,18.5,0.0,84.52,84.52,0.0,Paid
BILL000346,ACC0029,2026-06-18,2026-07-17,2026-07-19,2026-08-09,0.0,65.94,18.5,0.0,84.44,84.44,0.0,Paid
BILL000347,ACC0029,2026-07-18,2026-08-16,2026-08-18,2026-09-08,0.0,53.64,18.5,0.0,72.14,72.14,0.0,Paid
BILL000348,ACC0029,2026-08-17,2026-09-15,2026-09-17,2026-10-08,0.0,63.24,18.5,0.0,81.74,81.74,0.0,Paid
BILL000349,ACC0030,2025-09-21,2025-10-20,2025-10-22,2025-11-12,0.0,32.89,18.5,0.0,51.39,51.39,0.0,Paid
BILL000350,ACC0030,2025-10-21,2025-11-19,2025-11-21,2025-12-12,0.0,36.4,18.5,0.0,54.9,54.9,0.0,Paid
BILL000351,ACC0030,2025-11-20,2025-12-19,2025-12-21,2026-01-11,0.0,35.17,18.5,0.0,53.67,53.67,0.0,Paid
BILL000352,ACC0030,2025-12-20,2026-01-18,2026-01-20,2026-02-10,0.0,32.38,18.5,0.0,50.88,50.88,0.0,Paid
BILL000353,ACC0030,2026-01-19,2026-02-17,2026-02-19,2026-03-12,0.0,32.18,18.5,0.0,50.68,50.68,0.0,Paid
BILL000354,ACC0030,2026-02-18,2026-03-19,2026-03-21,2026-04-11,0.0,32.22,18.5,0.0,50.72,50.72,0.0,Paid
BILL000355,ACC0030,2026-03-20,2026-04-18,2026-04-20,2026-05-11,0.0,39.35,18.5,0.0,57.85,57.85,0.0,Paid
BILL000356,ACC0030,2026-04-19,2026-05-18,2026-05-20,2026-06-10,0.0,31.83,18.5,0.0,50.33,50.33,0.0,Paid
BILL000357,ACC0030,2026-05-19,2026-06-17,2026-06-19,2026-07-10,0.0,38.03,18.5,0.0,56.53,56.53,0.0,Paid
BILL000358,ACC0030,2026-06-18,2026-07-17,2026-07-19,2026-08-09,0.0,35.87,18.5,0.0,54.37,54.37,0.0,Paid
BILL000359,ACC0030,2026-07-18,2026-08-16,2026-08-18,2026-09-08,0.0,35.34,18.5,0.0,53.84,53.84,0.0,Paid
BILL000360,ACC0030,2026-08-17,2026-09-15,2026-09-17,2026-10-08,0.0,37.52,18.5,0.0,56.02,56.02,0.0,Paid
BILL000361,ACC0031,2025-09-21,2025-10-20,2025-10-22,2025-11-12,0.0,36.7,18.5,0.0,55.2,55.2,0.0,Paid
BILL000362,ACC0031,2025-10-21,2025-11-19,2025-11-21,2025-12-12,0.0,41.39,18.5,0.0,59.89,59.89,0.0,Paid
BILL000363,ACC0031,2025-11-20,2025-12-19,2025-12-21,2026-01-11,0.0,36.27,18.5,0.0,54.77,54.77,0.0,Paid
BILL000364,ACC0031,2025-12-20,2026-01-18,2026-01-20,2026-02-10,0.0,37.37,18.5,0.0,55.87,55.87,0.0,Paid
BILL000365,ACC0031,2026-01-19,2026-02-17,2026-02-19,2026-03-12,0.0,39.22,18.5,0.0,57.72,57.72,0.0,Paid
BILL000366,ACC0031,2026-02-18,2026-03-19,2026-03-21,2026-04-11,0.0,35.34,18.5,0.0,53.84,53.84,0.0,Paid
BILL000367,ACC0031,2026-03-20,2026-04-18,2026-04-20,2026-05-11,0.0,34.86,18.5,0.0,53.36,53.36,0.0,Paid
BILL000368,ACC0031,2026-04-19,2026-05-18,2026-05-20,2026-06-10,0.0,42.12,18.5,0.0,60.62,60.62,0.0,Paid
BILL000369,ACC0031,2026-05-19,2026-06-17,2026-06-19,2026-07-10,0.0,39.39,18.5,0.0,57.89,57.89,0.0,Paid
BILL000370,ACC0031,2026-06-18,2026-07-17,2026-07-19,2026-08-09,0.0,39.84,18.5,0.0,58.34,58.34,0.0,Paid
BILL000371,ACC0031,2026-07-18,2026-08-16,2026-08-18,2026-09-08,0.0,41.38,18.5,0.0,59.88,59.88,0.0,Paid
BILL000372,ACC0031,2026-08-17,2026-09-15,2026-09-17,2026-10-08,0.0,36.66,18.5,0.0,55.16,55.16,0.0,Paid
BILL000373,ACC0032,2025-09-21,2025-10-20,2025-10-22,2025-11-12,0.0,42.91,18.5,0.0,61.41,61.41,0.0,Paid
BILL000374,ACC0032,2025-10-21,2025-11-19,2025-11-21,2025-12-12,0.0,38.86,18.5,0.0,57.36,57.36,0.0,Paid
BILL000375,ACC0032,2025-11-20,2025-12-19,2025-12-21,2026-01-11,0.0,37.49,18.5,0.0,55.99,55.99,0.0,Paid
BILL000376,ACC0032,2025-12-20,2026-01-18,2026-01-20,2026-02-10,0.0,39.17,18.5,0.0,57.67,57.67,0.0,Paid
BILL000377,ACC0032,2026-01-19,2026-02-17,2026-02-19,2026-03-12,0.0,39.45,18.5,0.0,57.95,57.95,0.0,Paid
BILL000378,ACC0032,2026-02-18,2026-03-19,2026-03-21,2026-04-11,0.0,37.93,18.5,0.0,56.43,56.43,0.0,Paid
BILL000379,ACC0032,2026-03-20,2026-04-18,2026-04-20,2026-05-11,0.0,37.83,18.5,0.0,56.33,56.33,0.0,Paid
BILL000380,ACC0032,2026-04-19,2026-05-18,2026-05-20,2026-06-10,0.0,43.8,18.5,0.0,62.3,62.3,0.0,Paid
BILL000381,ACC0032,2026-05-19,2026-06-17,2026-06-19,2026-07-10,0.0,37.09,18.5,0.0,55.59,55.59,0.0,Paid
BILL000382,ACC0032,2026-06-18,2026-07-17,2026-07-19,2026-08-09,0.0,38.34,18.5,0.0,56.84,56.84,0.0,Paid
BILL000383,ACC0032,2026-07-18,2026-08-16,2026-08-18,2026-09-08,0.0,38.23,18.5,0.0,56.73,56.73,0.0,Paid
BILL000384,ACC0032,2026-08-17,2026-09-15,2026-09-17,2026-10-08,0.0,36.25,18.5,0.0,54.75,54.75,0.0,Paid
BILL000385,ACC0033,2025-09-21,2025-10-20,2025-10-22,2025-11-12,0.0,41.78,18.5,0.0,60.28,60.28,0.0,Paid
BILL000386,ACC0033,2025-10-21,2025-11-19,2025-11-21,2025-12-12,0.0,40.38,18.5,0.0,58.88,58.88,0.0,Paid
BILL000387,ACC0033,2025-11-20,2025-12-19,2025-12-21,2026-01-11,0.0,44.13,18.5,0.0,62.63,62.63,0.0,Paid
BILL000388,ACC0033,2025-12-20,2026-01-18,2026-01-20,2026-02-10,0.0,38.79,18.5,0.0,57.29,57.29,0.0,Paid
BILL000389,ACC0033,2026-01-19,2026-02-17,2026-02-19,2026-03-12,0.0,42.23,18.5,0.0,60.73,60.73,0.0,Paid
BILL000390,ACC0033,2026-02-18,2026-03-19,2026-03-21,2026-04-11,0.0,44.72,18.5,0.0,63.22,63.22,0.0,Paid
BILL000391,ACC0033,2026-03-20,2026-04-18,2026-04-20,2026-05-11,0.0,41.15,18.5,0.0,59.65,59.65,0.0,Paid
BILL000392,ACC0033,2026-04-19,2026-05-18,2026-05-20,2026-06-10,0.0,38.66,18.5,0.0,57.16,57.16,0.0,Paid
BILL000393,ACC0033,2026-05-19,2026-06-17,2026-06-19,2026-07-10,0.0,45.39,18.5,0.0,63.89,63.89,0.0,Paid
BILL000394,ACC0033,2026-06-18,2026-07-17,2026-07-19,2026-08-09,0.0,42.33,18.5,0.0,60.83,60.83,0.0,Paid
BILL000395,ACC0033,2026-07-18,2026-08-16,2026-08-18,2026-09-08,0.0,40.63,18.5,0.0,59.13,59.13,0.0,Paid
BILL000396,ACC0033,2026-08-17,2026-09-15,2026-09-17,2026-10-08,0.0,43.93,18.5,0.0,62.43,62.43,0.0,Paid
BILL000397,ACC0034,2025-09-21,2025-10-20,2025-10-22,2025-11-12,0.0,44.5,18.5,0.0,63.0,63.0,0.0,Paid
BILL000398,ACC0034,2025-10-21,2025-11-19,2025-11-21,2025-12-12,0.0,40.98,18.5,0.0,59.48,59.48,0.0,Paid
BILL000399,ACC0034,2025-11-20,2025-12-19,2025-12-21,2026-01-11,0.0,48.27,18.5,0.0,66.77,66.77,0.0,Paid
BILL000400,ACC0034,2025-12-20,2026-01-18,2026-01-20,2026-02-10,0.0,51.4,18.5,0.0,69.9,69.9,0.0,Paid
BILL000401,ACC0034,2026-01-19,2026-02-17,2026-02-19,2026-03-12,0.0,51.63,18.5,0.0,70.13,70.13,0.0,Paid
BILL000402,ACC0034,2026-02-18,2026-03-19,2026-03-21,2026-04-11,0.0,49.1,18.5,0.0,67.6,67.6,0.0,Paid
BILL000403,ACC0034,2026-03-20,2026-04-18,2026-04-20,2026-05-11,0.0,43.88,18.5,0.0,62.38,62.38,0.0,Paid
BILL000404,ACC0034,2026-04-19,2026-05-18,2026-05-20,2026-06-10,0.0,46.5,18.5,0.0,65.0,65.0,0.0,Paid
BILL000405,ACC0034,2026-05-19,2026-06-17,2026-06-19,2026-07-10,0.0,43.89,18.5,0.0,62.39,62.39,0.0,Paid
BILL000406,ACC0034,2026-06-18,2026-07-17,2026-07-19,2026-08-09,0.0,44.55,18.5,0.0,63.05,63.05,0.0,Paid
BILL000407,ACC0034,2026-07-18,2026-08-16,2026-08-18,2026-09-08,0.0,44.6,18.5,0.0,63.1,63.1,0.0,Paid
BILL000408,ACC0034,2026-08-17,2026-09-15,2026-09-17,2026-10-08,0.0,40.81,18.5,0.0,59.31,59.31,0.0,Paid
BILL000409,ACC0035,2025-09-21,2025-10-20,2025-10-22,2025-11-12,0.0,51.55,18.5,0.0,70.05,70.05,0.0,Paid
BILL000410,ACC0035,2025-10-21,2025-11-19,2025-11-21,2025-12-12,0.0,44.21,18.5,0.0,62.71,62.71,0.0,Paid
BILL000411,ACC0035,2025-11-20,2025-12-19,2025-12-21,2026-01-11,0.0,52.45,18.5,0.0,70.95,70.95,0.0,Paid
BILL000412,ACC0035,2025-12-20,2026-01-18,2026-01-20,2026-02-10,0.0,53.21,18.5,0.0,71.71,71.71,0.0,Paid
BILL000413,ACC0035,2026-01-19,2026-02-17,2026-02-19,2026-03-12,0.0,54.66,18.5,0.0,73.16,73.16,0.0,Paid
BILL000414,ACC0035,2026-02-18,2026-03-19,2026-03-21,2026-04-11,0.0,54.73,18.5,0.0,73.23,73.23,0.0,Paid
BILL000415,ACC0035,2026-03-20,2026-04-18,2026-04-20,2026-05-11,0.0,45.3,18.5,0.0,63.8,63.8,0.0,Paid
BILL000416,ACC0035,2026-04-19,2026-05-18,2026-05-20,2026-06-10,0.0,52.16,18.5,0.0,70.66,70.66,0.0,Paid
BILL000417,ACC0035,2026-05-19,2026-06-17,2026-06-19,2026-07-10,0.0,51.91,18.5,0.0,70.41,70.41,0.0,Paid
BILL000418,ACC0035,2026-06-18,2026-07-17,2026-07-19,2026-08-09,0.0,54.73,18.5,0.0,73.23,73.23,0.0,Paid
BILL000419,ACC0035,2026-07-18,2026-08-16,2026-08-18,2026-09-08,0.0,51.15,18.5,0.0,69.65,69.65,0.0,Paid
BILL000420,ACC0035,2026-08-17,2026-09-15,2026-09-17,2026-10-08,0.0,51.31,18.5,0.0,69.81,0.0,69.81,Open
BILL000421,ACC0036,2025-09-21,2025-10-20,2025-10-22,2025-11-12,0.0,46.0,18.5,0.0,64.5,64.5,0.0,Paid
BILL000422,ACC0036,2025-10-21,2025-11-19,2025-11-21,2025-12-12,0.0,46.83,18.5,0.0,65.33,65.33,0.0,Paid
BILL000423,ACC0036,2025-11-20,2025-12-19,2025-12-21,2026-01-11,0.0,56.62,18.5,0.0,75.12,75.12,0.0,Paid
BILL000424,ACC0036,2025-12-20,2026-01-18,2026-01-20,2026-02-10,0.0,56.1,18.5,0.0,74.6,74.6,0.0,Paid
BILL000425,ACC0036,2026-01-19,2026-02-17,2026-02-19,2026-03-12,0.0,54.13,18.5,0.0,72.63,72.63,0.0,Paid
BILL000426,ACC0036,2026-02-18,2026-03-19,2026-03-21,2026-04-11,0.0,57.63,18.5,0.0,76.13,76.13,0.0,Paid
BILL000427,ACC0036,2026-03-20,2026-04-18,2026-04-20,2026-05-11,0.0,50.55,18.5,0.0,69.05,69.05,0.0,Paid
BILL000428,ACC0036,2026-04-19,2026-05-18,2026-05-20,2026-06-10,0.0,57.09,18.5,0.0,75.59,75.59,0.0,Paid
BILL000429,ACC0036,2026-05-19,2026-06-17,2026-06-19,2026-07-10,0.0,48.65,18.5,0.0,67.15,67.15,0.0,Paid
BILL000430,ACC0036,2026-06-18,2026-07-17,2026-07-19,2026-08-09,0.0,51.75,18.5,0.0,70.25,70.25,0.0,Paid
BILL000431,ACC0036,2026-07-18,2026-08-16,2026-08-18,2026-09-08,0.0,52.4,18.5,0.0,70.9,70.9,0.0,Paid
BILL000432,ACC0036,2026-08-17,2026-09-15,2026-09-17,2026-10-08,0.0,50.21,18.5,0.0,68.71,68.71,0.0,Paid
BILL000433,ACC0037,2025-09-21,2025-10-20,2025-10-22,2025-11-12,0.0,51.37,18.5,0.0,69.87,69.87,0.0,Paid
BILL000434,ACC0037,2025-10-21,2025-11-19,2025-11-21,2025-12-12,0.0,49.17,18.5,0.0,67.67,67.67,0.0,Paid
BILL000435,ACC0037,2025-11-20,2025-12-19,2025-12-21,2026-01-11,0.0,54.33,18.5,0.0,72.83,72.83,0.0,Paid
BILL000436,ACC0037,2025-12-20,2026-01-18,2026-01-20,2026-02-10,0.0,49.49,18.5,0.0,67.99,67.99,0.0,Paid
BILL000437,ACC0037,2026-01-19,2026-02-17,2026-02-19,2026-03-12,0.0,59.07,18.5,0.0,77.57,77.57,0.0,Paid
BILL000438,ACC0037,2026-02-18,2026-03-19,2026-03-21,2026-04-11,0.0,51.69,18.5,0.0,70.19,70.19,0.0,Paid
BILL000439,ACC0037,2026-03-20,2026-04-18,2026-04-20,2026-05-11,0.0,55.98,18.5,0.0,74.48,74.48,0.0,Paid
BILL000440,ACC0037,2026-04-19,2026-05-18,2026-05-20,2026-06-10,0.0,54.54,18.5,0.0,73.04,73.04,0.0,Paid
BILL000441,ACC0037,2026-05-19,2026-06-17,2026-06-19,2026-07-10,0.0,59.87,18.5,0.0,78.37,78.37,0.0,Paid
BILL000442,ACC0037,2026-06-18,2026-07-17,2026-07-19,2026-08-09,0.0,52.27,18.5,0.0,70.77,70.77,0.0,Paid
BILL000443,ACC0037,2026-07-18,2026-08-16,2026-08-18,2026-09-08,0.0,54.04,18.5,0.0,72.54,72.54,0.0,Paid
BILL000444,ACC0037,2026-08-17,2026-09-15,2026-09-17,2026-10-08,0.0,56.24,18.5,0.0,74.74,74.74,0.0,Paid
BILL000445,ACC0038,2025-09-21,2025-10-20,2025-10-22,2025-11-12,0.0,59.48,18.5,0.0,77.98,77.98,0.0,Paid
BILL000446,ACC0038,2025-10-21,2025-11-19,2025-11-21,2025-12-12,0.0,50.02,18.5,0.0,68.52,68.52,0.0,Paid
BILL000447,ACC0038,2025-11-20,2025-12-19,2025-12-21,2026-01-11,0.0,63.38,18.5,0.0,81.88,81.88,0.0,Paid
BILL000448,ACC0038,2025-12-20,2026-01-18,2026-01-20,2026-02-10,0.0,56.75,18.5,0.0,75.25,75.25,0.0,Paid
BILL000449,ACC0038,2026-01-19,2026-02-17,2026-02-19,2026-03-12,0.0,60.62,18.5,0.0,79.12,79.12,0.0,Paid
BILL000450,ACC0038,2026-02-18,2026-03-19,2026-03-21,2026-04-11,0.0,51.39,18.5,0.0,69.89,69.89,0.0,Paid
BILL000451,ACC0038,2026-03-20,2026-04-18,2026-04-20,2026-05-11,0.0,60.76,18.5,0.0,79.26,79.26,0.0,Paid
BILL000452,ACC0038,2026-04-19,2026-05-18,2026-05-20,2026-06-10,0.0,56.45,18.5,0.0,74.95,74.95,0.0,Paid
BILL000453,ACC0038,2026-05-19,2026-06-17,2026-06-19,2026-07-10,0.0,50.56,18.5,0.0,69.06,69.06,0.0,Paid
BILL000454,ACC0038,2026-06-18,2026-07-17,2026-07-19,2026-08-09,0.0,59.95,18.5,0.0,78.45,78.45,0.0,Paid
BILL000455,ACC0038,2026-07-18,2026-08-16,2026-08-18,2026-09-08,0.0,60.95,18.5,0.0,79.45,79.45,0.0,Paid
BILL000456,ACC0038,2026-08-17,2026-09-15,2026-09-17,2026-10-08,0.0,63.43,18.5,0.0,81.93,81.93,0.0,Paid
BILL000457,ACC0039,2025-09-21,2025-10-20,2025-10-22,2025-11-12,0.0,61.18,18.5,0.0,79.68,79.68,0.0,Paid
BILL000458,ACC0039,2025-10-21,2025-11-19,2025-11-21,2025-12-12,0.0,65.14,18.5,0.0,83.64,83.64,0.0,Paid
BILL000459,ACC0039,2025-11-20,2025-12-19,2025-12-21,2026-01-11,0.0,54.43,18.5,0.0,72.93,72.93,0.0,Paid
BILL000460,ACC0039,2025-12-20,2026-01-18,2026-01-20,2026-02-10,0.0,58.34,18.5,0.0,76.84,76.84,0.0,Paid
BILL000461,ACC0039,2026-01-19,2026-02-17,2026-02-19,2026-03-12,0.0,64.63,18.5,0.0,83.13,83.13,0.0,Paid
BILL000462,ACC0039,2026-02-18,2026-03-19,2026-03-21,2026-04-11,0.0,65.05,18.5,0.0,83.55,83.55,0.0,Paid
BILL000463,ACC0039,2026-03-20,2026-04-18,2026-04-20,2026-05-11,0.0,56.53,18.5,0.0,75.03,75.03,0.0,Paid
BILL000464,ACC0039,2026-04-19,2026-05-18,2026-05-20,2026-06-10,0.0,64.97,18.5,0.0,83.47,83.47,0.0,Paid
BILL000465,ACC0039,2026-05-19,2026-06-17,2026-06-19,2026-07-10,0.0,60.97,18.5,0.0,79.47,79.47,0.0,Paid
BILL000466,ACC0039,2026-06-18,2026-07-17,2026-07-19,2026-08-09,0.0,62.43,18.5,0.0,80.93,80.93,0.0,Paid
BILL000467,ACC0039,2026-07-18,2026-08-16,2026-08-18,2026-09-08,0.0,54.83,18.5,0.0,73.33,73.33,0.0,Paid
BILL000468,ACC0039,2026-08-17,2026-09-15,2026-09-17,2026-10-08,0.0,59.25,18.5,0.0,77.75,77.75,0.0,Paid
BILL000469,ACC0040,2025-09-21,2025-10-20,2025-10-22,2025-11-12,0.0,37.86,18.5,0.0,56.36,56.36,0.0,Paid
BILL000470,ACC0040,2025-10-21,2025-11-19,2025-11-21,2025-12-12,0.0,32.39,18.5,0.0,50.89,50.89,0.0,Paid
BILL000471,ACC0040,2025-11-20,2025-12-19,2025-12-21,2026-01-11,0.0,31.94,18.5,0.0,50.44,50.44,0.0,Paid
BILL000472,ACC0040,2025-12-20,2026-01-18,2026-01-20,2026-02-10,0.0,33.77,18.5,0.0,52.27,52.27,0.0,Paid
BILL000473,ACC0040,2026-01-19,2026-02-17,2026-02-19,2026-03-12,0.0,31.98,18.5,0.0,50.48,50.48,0.0,Paid
BILL000474,ACC0040,2026-02-18,2026-03-19,2026-03-21,2026-04-11,0.0,32.81,18.5,0.0,51.31,51.31,0.0,Paid
BILL000475,ACC0040,2026-03-20,2026-04-18,2026-04-20,2026-05-11,0.0,34.96,18.5,0.0,53.46,53.46,0.0,Paid
BILL000476,ACC0040,2026-04-19,2026-05-18,2026-05-20,2026-06-10,0.0,33.59,18.5,0.0,52.09,52.09,0.0,Paid
BILL000477,ACC0040,2026-05-19,2026-06-17,2026-06-19,2026-07-10,0.0,36.3,18.5,0.0,54.8,54.8,0.0,Paid
BILL000478,ACC0040,2026-06-18,2026-07-17,2026-07-19,2026-08-09,0.0,35.43,18.5,0.0,53.93,53.93,0.0,Paid
BILL000479,ACC0040,2026-07-18,2026-08-16,2026-08-18,2026-09-08,0.0,36.25,18.5,0.0,54.75,54.75,0.0,Paid
BILL000480,ACC0040,2026-08-17,2026-09-15,2026-09-17,2026-10-08,0.0,38.73,18.5,0.0,57.23,57.23,0.0,Paid
BILL000481,ACC0041,2025-09-21,2025-10-20,2025-10-22,2025-11-12,0.0,37.96,18.5,0.0,56.46,56.46,0.0,Paid
BILL000482,ACC0041,2025-10-21,2025-11-19,2025-11-21,2025-12-12,0.0,42.59,18.5,0.0,61.09,61.09,0.0,Paid
BILL000483,ACC0041,2025-11-20,2025-12-19,2025-12-21,2026-01-11,0.0,41.52,18.5,0.0,60.02,60.02,0.0,Paid
BILL000484,ACC0041,2025-12-20,2026-01-18,2026-01-20,2026-02-10,0.0,37.9,18.5,0.0,56.4,56.4,0.0,Paid
BILL000485,ACC0041,2026-01-19,2026-02-17,2026-02-19,2026-03-12,0.0,37.65,18.5,0.0,56.15,56.15,0.0,Paid
BILL000486,ACC0041,2026-02-18,2026-03-19,2026-03-21,2026-04-11,0.0,41.2,18.5,0.0,59.7,59.7,0.0,Paid
BILL000487,ACC0041,2026-03-20,2026-04-18,2026-04-20,2026-05-11,0.0,41.45,18.5,0.0,59.95,59.95,0.0,Paid
BILL000488,ACC0041,2026-04-19,2026-05-18,2026-05-20,2026-06-10,0.0,34.15,18.5,0.0,52.65,52.65,0.0,Paid
BILL000489,ACC0041,2026-05-19,2026-06-17,2026-06-19,2026-07-10,0.0,37.72,18.5,0.0,56.22,56.22,0.0,Paid
BILL000490,ACC0041,2026-06-18,2026-07-17,2026-07-19,2026-08-09,0.0,36.3,18.5,0.0,54.8,54.8,0.0,Paid
BILL000491,ACC0041,2026-07-18,2026-08-16,2026-08-18,2026-09-08,0.0,40.33,18.5,0.0,58.83,58.83,0.0,Paid
BILL000492,ACC0041,2026-08-17,2026-09-15,2026-09-17,2026-10-08,0.0,38.26,18.5,0.0,56.76,56.76,0.0,Paid
BILL000493,ACC0042,2025-09-21,2025-10-20,2025-10-22,2025-11-12,0.0,37.05,18.5,0.0,55.55,55.55,0.0,Paid
BILL000494,ACC0042,2025-10-21,2025-11-19,2025-11-21,2025-12-12,0.0,42.36,18.5,0.0,60.86,60.86,0.0,Paid
BILL000495,ACC0042,2025-11-20,2025-12-19,2025-12-21,2026-01-11,0.0,38.79,18.5,0.0,57.29,57.29,0.0,Paid
BILL000496,ACC0042,2025-12-20,2026-01-18,2026-01-20,2026-02-10,0.0,38.43,18.5,0.0,56.93,56.93,0.0,Paid
BILL000497,ACC0042,2026-01-19,2026-02-17,2026-02-19,2026-03-12,0.0,45.16,18.5,0.0,63.66,63.66,0.0,Paid
BILL000498,ACC0042,2026-02-18,2026-03-19,2026-03-21,2026-04-11,0.0,37.8,18.5,0.0,56.3,56.3,0.0,Paid
BILL000499,ACC0042,2026-03-20,2026-04-18,2026-04-20,2026-05-11,0.0,40.85,18.5,0.0,59.35,59.35,0.0,Paid
BILL000500,ACC0042,2026-04-19,2026-05-18,2026-05-20,2026-06-10,0.0,45.86,18.5,0.0,64.36,64.36,0.0,Paid
BILL000501,ACC0042,2026-05-19,2026-06-17,2026-06-19,2026-07-10,0.0,41.07,18.5,0.0,59.57,59.57,0.0,Paid
BILL000502,ACC0042,2026-06-18,2026-07-17,2026-07-19,2026-08-09,0.0,45.87,18.5,0.0,64.37,64.37,0.0,Paid
BILL000503,ACC0042,2026-07-18,2026-08-16,2026-08-18,2026-09-08,0.0,41.61,18.5,0.0,60.11,60.11,0.0,Paid
BILL000504,ACC0042,2026-08-17,2026-09-15,2026-09-17,2026-10-08,0.0,40.46,18.5,0.0,58.96,0.0,58.96,Open
BILL000505,ACC0043,2025-09-21,2025-10-20,2025-10-22,2025-11-12,0.0,45.53,18.5,0.0,64.03,64.03,0.0,Paid
BILL000506,ACC0043,2025-10-21,2025-11-19,2025-11-21,2025-12-12,0.0,48.37,18.5,0.0,66.87,66.87,0.0,Paid
BILL000507,ACC0043,2025-11-20,2025-12-19,2025-12-21,2026-01-11,0.0,43.43,18.5,0.0,61.93,61.93,0.0,Paid
BILL000508,ACC0043,2025-12-20,2026-01-18,2026-01-20,2026-02-10,0.0,46.8,18.5,0.0,65.3,65.3,0.0,Paid
BILL000509,ACC0043,2026-01-19,2026-02-17,2026-02-19,2026-03-12,0.0,40.07,18.5,0.0,58.57,58.57,0.0,Paid
BILL000510,ACC0043,2026-02-18,2026-03-19,2026-03-21,2026-04-11,0.0,47.44,18.5,0.0,65.94,65.94,0.0,Paid
BILL000511,ACC0043,2026-03-20,2026-04-18,2026-04-20,2026-05-11,0.0,38.6,18.5,0.0,57.1,57.1,0.0,Paid
BILL000512,ACC0043,2026-04-19,2026-05-18,2026-05-20,2026-06-10,0.0,42.59,18.5,0.0,61.09,61.09,0.0,Paid
BILL000513,ACC0043,2026-05-19,2026-06-17,2026-06-19,2026-07-10,0.0,46.94,18.5,0.0,65.44,65.44,0.0,Paid
BILL000514,ACC0043,2026-06-18,2026-07-17,2026-07-19,2026-08-09,0.0,39.08,18.5,0.0,57.58,57.58,0.0,Paid
BILL000515,ACC0043,2026-07-18,2026-08-16,2026-08-18,2026-09-08,0.0,42.72,18.5,0.0,61.22,61.22,0.0,Paid
BILL000516,ACC0043,2026-08-17,2026-09-15,2026-09-17,2026-10-08,0.0,41.8,18.5,0.0,60.3,60.3,0.0,Paid
BILL000517,ACC0044,2025-09-21,2025-10-20,2025-10-22,2025-11-12,0.0,42.33,18.5,0.0,60.83,60.83,0.0,Paid
BILL000518,ACC0044,2025-10-21,2025-11-19,2025-11-21,2025-12-12,0.0,50.17,18.5,0.0,68.67,68.67,0.0,Paid
BILL000519,ACC0044,2025-11-20,2025-12-19,2025-12-21,2026-01-11,0.0,48.15,18.5,0.0,66.65,66.65,0.0,Paid
BILL000520,ACC0044,2025-12-20,2026-01-18,2026-01-20,2026-02-10,0.0,43.38,18.5,0.0,61.88,61.88,0.0,Paid
BILL000521,ACC0044,2026-01-19,2026-02-17,2026-02-19,2026-03-12,0.0,48.87,18.5,0.0,67.37,67.37,0.0,Paid
BILL000522,ACC0044,2026-02-18,2026-03-19,2026-03-21,2026-04-11,0.0,46.18,18.5,0.0,64.68,64.68,0.0,Paid
BILL000523,ACC0044,2026-03-20,2026-04-18,2026-04-20,2026-05-11,0.0,43.94,18.5,0.0,62.44,62.44,0.0,Paid
BILL000524,ACC0044,2026-04-19,2026-05-18,2026-05-20,2026-06-10,0.0,41.36,18.5,0.0,59.86,59.86,0.0,Paid
BILL000525,ACC0044,2026-05-19,2026-06-17,2026-06-19,2026-07-10,0.0,45.95,18.5,0.0,64.45,64.45,0.0,Paid
BILL000526,ACC0044,2026-06-18,2026-07-17,2026-07-19,2026-08-09,0.0,47.18,18.5,0.0,65.68,65.68,0.0,Paid
BILL000527,ACC0044,2026-07-18,2026-08-16,2026-08-18,2026-09-08,0.0,47.02,18.5,0.0,65.52,65.52,0.0,Paid
BILL000528,ACC0044,2026-08-17,2026-09-15,2026-09-17,2026-10-08,0.0,41.57,18.5,0.0,60.07,60.07,0.0,Paid
BILL000529,ACC0045,2025-09-21,2025-10-20,2025-10-22,2025-11-12,0.0,50.18,18.5,0.0,68.68,68.68,0.0,Paid
BILL000530,ACC0045,2025-10-21,2025-11-19,2025-11-21,2025-12-12,0.0,43.88,18.5,0.0,62.38,62.38,0.0,Paid
BILL000531,ACC0045,2025-11-20,2025-12-19,2025-12-21,2026-01-11,0.0,44.1,18.5,0.0,62.6,62.6,0.0,Paid
BILL000532,ACC0045,2025-12-20,2026-01-18,2026-01-20,2026-02-10,0.0,46.5,18.5,0.0,65.0,65.0,0.0,Paid
BILL000533,ACC0045,2026-01-19,2026-02-17,2026-02-19,2026-03-12,0.0,46.38,18.5,0.0,64.88,64.88,0.0,Paid
BILL000534,ACC0045,2026-02-18,2026-03-19,2026-03-21,2026-04-11,0.0,46.99,18.5,0.0,65.49,65.49,0.0,Paid
BILL000535,ACC0045,2026-03-20,2026-04-18,2026-04-20,2026-05-11,0.0,51.91,18.5,0.0,70.41,70.41,0.0,Paid
BILL000536,ACC0045,2026-04-19,2026-05-18,2026-05-20,2026-06-10,0.0,50.57,18.5,0.0,69.07,69.07,0.0,Paid
BILL000537,ACC0045,2026-05-19,2026-06-17,2026-06-19,2026-07-10,0.0,52.56,18.5,0.0,71.06,71.06,0.0,Paid
BILL000538,ACC0045,2026-06-18,2026-07-17,2026-07-19,2026-08-09,0.0,51.84,18.5,0.0,70.34,70.34,0.0,Paid
BILL000539,ACC0045,2026-07-18,2026-08-16,2026-08-18,2026-09-08,0.0,47.0,18.5,0.0,65.5,65.5,0.0,Paid
BILL000540,ACC0045,2026-08-17,2026-09-15,2026-09-17,2026-10-08,0.0,48.17,18.5,0.0,66.67,66.67,0.0,Paid
BILL000541,ACC0046,2025-09-21,2025-10-20,2025-10-22,2025-11-12,0.0,46.12,18.5,0.0,64.62,64.62,0.0,Paid
BILL000542,ACC0046,2025-10-21,2025-11-19,2025-11-21,2025-12-12,0.0,56.24,18.5,0.0,74.74,74.74,0.0,Paid
BILL000543,ACC0046,2025-11-20,2025-12-19,2025-12-21,2026-01-11,0.0,47.12,18.5,0.0,65.62,65.62,0.0,Paid
BILL000544,ACC0046,2025-12-20,2026-01-18,2026-01-20,2026-02-10,0.0,45.91,18.5,0.0,64.41,64.41,0.0,Paid
BILL000545,ACC0046,2026-01-19,2026-02-17,2026-02-19,2026-03-12,0.0,46.2,18.5,0.0,64.7,64.7,0.0,Paid
BILL000546,ACC0046,2026-02-18,2026-03-19,2026-03-21,2026-04-11,0.0,56.46,18.5,0.0,74.96,74.96,0.0,Paid
BILL000547,ACC0046,2026-03-20,2026-04-18,2026-04-20,2026-05-11,0.0,55.46,18.5,0.0,73.96,73.96,0.0,Paid
BILL000548,ACC0046,2026-04-19,2026-05-18,2026-05-20,2026-06-10,0.0,55.5,18.5,0.0,74.0,74.0,0.0,Paid
BILL000549,ACC0046,2026-05-19,2026-06-17,2026-06-19,2026-07-10,0.0,46.5,18.5,0.0,65.0,65.0,0.0,Paid
BILL000550,ACC0046,2026-06-18,2026-07-17,2026-07-19,2026-08-09,0.0,54.83,18.5,0.0,73.33,73.33,0.0,Paid
BILL000551,ACC0046,2026-07-18,2026-08-16,2026-08-18,2026-09-08,0.0,56.81,18.5,0.0,75.31,75.31,0.0,Paid
BILL000552,ACC0046,2026-08-17,2026-09-15,2026-09-17,2026-10-08,0.0,45.37,18.5,0.0,63.87,63.87,0.0,Paid
BILL000553,ACC0047,2025-09-21,2025-10-20,2025-10-22,2025-11-12,0.0,58.16,18.5,0.0,76.66,76.66,0.0,Paid
BILL000554,ACC0047,2025-10-21,2025-11-19,2025-11-21,2025-12-12,0.0,48.04,18.5,0.0,66.54,66.54,0.0,Paid
BILL000555,ACC0047,2025-11-20,2025-12-19,2025-12-21,2026-01-11,0.0,60.19,18.5,0.0,78.69,78.69,0.0,Paid
BILL000556,ACC0047,2025-12-20,2026-01-18,2026-01-20,2026-02-10,0.0,58.5,18.5,0.0,77.0,77.0,0.0,Paid
BILL000557,ACC0047,2026-01-19,2026-02-17,2026-02-19,2026-03-12,0.0,57.32,18.5,0.0,75.82,75.82,0.0,Paid
BILL000558,ACC0047,2026-02-18,2026-03-19,2026-03-21,2026-04-11,0.0,60.1,18.5,0.0,78.6,78.6,0.0,Paid
BILL000559,ACC0047,2026-03-20,2026-04-18,2026-04-20,2026-05-11,0.0,57.91,18.5,0.0,76.41,76.41,0.0,Paid
BILL000560,ACC0047,2026-04-19,2026-05-18,2026-05-20,2026-06-10,0.0,48.11,18.5,0.0,66.61,66.61,0.0,Paid
BILL000561,ACC0047,2026-05-19,2026-06-17,2026-06-19,2026-07-10,0.0,52.48,18.5,0.0,70.98,70.98,0.0,Paid
BILL000562,ACC0047,2026-06-18,2026-07-17,2026-07-19,2026-08-09,0.0,57.83,18.5,0.0,76.33,76.33,0.0,Paid
BILL000563,ACC0047,2026-07-18,2026-08-16,2026-08-18,2026-09-08,0.0,50.19,18.5,0.0,68.69,68.69,0.0,Paid
BILL000564,ACC0047,2026-08-17,2026-09-15,2026-09-17,2026-10-08,0.0,52.3,18.5,0.0,70.8,70.8,0.0,Paid
BILL000565,ACC0048,2025-09-21,2025-10-20,2025-10-22,2025-11-12,0.0,59.87,18.5,0.0,78.37,78.37,0.0,Paid
BILL000566,ACC0048,2025-10-21,2025-11-19,2025-11-21,2025-12-12,0.0,56.35,18.5,0.0,74.85,74.85,0.0,Paid
BILL000567,ACC0048,2025-11-20,2025-12-19,2025-12-21,2026-01-11,0.0,58.13,18.5,0.0,76.63,76.63,0.0,Paid
BILL000568,ACC0048,2025-12-20,2026-01-18,2026-01-20,2026-02-10,0.0,60.41,18.5,0.0,78.91,78.91,0.0,Paid
BILL000569,ACC0048,2026-01-19,2026-02-17,2026-02-19,2026-03-12,0.0,59.85,18.5,0.0,78.35,78.35,0.0,Paid
BILL000570,ACC0048,2026-02-18,2026-03-19,2026-03-21,2026-04-11,0.0,57.79,18.5,0.0,76.29,76.29,0.0,Paid
BILL000571,ACC0048,2026-03-20,2026-04-18,2026-04-20,2026-05-11,0.0,50.49,18.5,0.0,68.99,68.99,0.0,Paid
BILL000572,ACC0048,2026-04-19,2026-05-18,2026-05-20,2026-06-10,0.0,63.42,18.5,0.0,81.92,81.92,0.0,Paid
BILL000573,ACC0048,2026-05-19,2026-06-17,2026-06-19,2026-07-10,0.0,59.8,18.5,0.0,78.3,78.3,0.0,Paid
BILL000574,ACC0048,2026-06-18,2026-07-17,2026-07-19,2026-08-09,0.0,56.01,18.5,0.0,74.51,74.51,0.0,Paid
BILL000575,ACC0048,2026-07-18,2026-08-16,2026-08-18,2026-09-08,0.0,62.15,18.5,0.0,80.65,80.65,0.0,Paid
BILL000576,ACC0048,2026-08-17,2026-09-15,2026-09-17,2026-10-08,0.0,51.37,18.5,0.0,69.87,69.87,0.0,Paid
BILL000577,ACC0049,2025-09-21,2025-10-20,2025-10-22,2025-11-12,0.0,54.54,18.5,0.0,73.04,73.04,0.0,Paid
BILL000578,ACC0049,2025-10-21,2025-11-19,2025-11-21,2025-12-12,0.0,64.17,18.5,0.0,82.67,82.67,0.0,Paid
BILL000579,ACC0049,2025-11-20,2025-12-19,2025-12-21,2026-01-11,0.0,52.43,18.5,0.0,70.93,70.93,0.0,Paid
BILL000580,ACC0049,2025-12-20,2026-01-18,2026-01-20,2026-02-10,0.0,64.2,18.5,0.0,82.7,82.7,0.0,Paid
BILL000581,ACC0049,2026-01-19,2026-02-17,2026-02-19,2026-03-12,0.0,54.94,18.5,0.0,73.44,73.44,0.0,Paid
BILL000582,ACC0049,2026-02-18,2026-03-19,2026-03-21,2026-04-11,0.0,57.51,18.5,0.0,76.01,76.01,0.0,Paid
BILL000583,ACC0049,2026-03-20,2026-04-18,2026-04-20,2026-05-11,0.0,65.64,18.5,0.0,84.14,84.14,0.0,Paid
BILL000584,ACC0049,2026-04-19,2026-05-18,2026-05-20,2026-06-10,0.0,65.94,18.5,0.0,84.44,84.44,0.0,Paid
BILL000585,ACC0049,2026-05-19,2026-06-17,2026-06-19,2026-07-10,0.0,62.73,18.5,0.0,81.23,81.23,0.0,Paid
BILL000586,ACC0049,2026-06-18,2026-07-17,2026-07-19,2026-08-09,0.0,52.62,18.5,0.0,71.12,71.12,0.0,Paid
BILL000587,ACC0049,2026-07-18,2026-08-16,2026-08-18,2026-09-08,0.0,65.15,18.5,0.0,83.65,83.65,0.0,Paid
BILL000588,ACC0049,2026-08-17,2026-09-15,2026-09-17,2026-10-08,0.0,57.66,18.5,0.0,76.16,0.0,76.16,Open
BILL000589,ACC0050,2025-09-21,2025-10-20,2025-10-22,2025-11-12,0.0,37.23,18.5,0.0,55.73,55.73,0.0,Paid
BILL000590,ACC0050,2025-10-21,2025-11-19,2025-11-21,2025-12-12,0.0,34.32,18.5,0.0,52.82,52.82,0.0,Paid
BILL000591,ACC0050,2025-11-20,2025-12-19,2025-12-21,2026-01-11,0.0,39.79,18.5,0.0,58.29,58.29,0.0,Paid
BILL000592,ACC0050,2025-12-20,2026-01-18,2026-01-20,2026-02-10,0.0,35.08,18.5,0.0,53.58,53.58,0.0,Paid
BILL000593,ACC0050,2026-01-19,2026-02-17,2026-02-19,2026-03-12,0.0,31.42,18.5,0.0,49.92,49.92,0.0,Paid
BILL000594,ACC0050,2026-02-18,2026-03-19,2026-03-21,2026-04-11,0.0,38.54,18.5,0.0,57.04,57.04,0.0,Paid
BILL000595,ACC0050,2026-03-20,2026-04-18,2026-04-20,2026-05-11,0.0,33.58,18.5,0.0,52.08,52.08,0.0,Paid
BILL000596,ACC0050,2026-04-19,2026-05-18,2026-05-20,2026-06-10,0.0,36.88,18.5,0.0,55.38,55.38,0.0,Paid
BILL000597,ACC0050,2026-05-19,2026-06-17,2026-06-19,2026-07-10,0.0,36.01,18.5,0.0,54.51,54.51,0.0,Paid
BILL000598,ACC0050,2026-06-18,2026-07-17,2026-07-19,2026-08-09,0.0,36.01,18.5,0.0,54.51,54.51,0.0,Paid
BILL000599,ACC0050,2026-07-18,2026-08-16,2026-08-18,2026-09-08,0.0,38.22,18.5,0.0,56.72,56.72,0.0,Paid
BILL000600,ACC0050,2026-08-17,2026-09-15,2026-09-17,2026-10-08,0.0,34.71,18.5,0.0,53.21,53.21,0.0,Paid
BILL000601,ACC0051,2025-09-21,2025-10-20,2025-10-22,2025-11-12,0.0,36.11,18.5,0.0,54.61,54.61,0.0,Paid
BILL000602,ACC0051,2025-10-21,2025-11-19,2025-11-21,2025-12-12,0.0,39.32,18.5,0.0,57.82,57.82,0.0,Paid
BILL000603,ACC0051,2025-11-20,2025-12-19,2025-12-21,2026-01-11,0.0,38.32,18.5,0.0,56.82,56.82,0.0,Paid
BILL000604,ACC0051,2025-12-20,2026-01-18,2026-01-20,2026-02-10,0.0,40.86,18.5,0.0,59.36,59.36,0.0,Paid
BILL000605,ACC0051,2026-01-19,2026-02-17,2026-02-19,2026-03-12,0.0,40.51,18.5,0.0,59.01,59.01,0.0,Paid
BILL000606,ACC0051,2026-02-18,2026-03-19,2026-03-21,2026-04-11,0.0,40.09,18.5,0.0,58.59,58.59,0.0,Paid
BILL000607,ACC0051,2026-03-20,2026-04-18,2026-04-20,2026-05-11,0.0,36.87,18.5,0.0,55.37,55.37,0.0,Paid
BILL000608,ACC0051,2026-04-19,2026-05-18,2026-05-20,2026-06-10,0.0,35.93,18.5,0.0,54.43,54.43,0.0,Paid
BILL000609,ACC0051,2026-05-19,2026-06-17,2026-06-19,2026-07-10,0.0,34.53,18.5,0.0,53.03,53.03,0.0,Paid
BILL000610,ACC0051,2026-06-18,2026-07-17,2026-07-19,2026-08-09,0.0,34.27,18.5,0.0,52.77,52.77,0.0,Paid
BILL000611,ACC0051,2026-07-18,2026-08-16,2026-08-18,2026-09-08,0.0,40.96,18.5,0.0,59.46,59.46,0.0,Paid
BILL000612,ACC0051,2026-08-17,2026-09-15,2026-09-17,2026-10-08,0.0,37.95,18.5,0.0,56.45,56.45,0.0,Paid
BILL000613,ACC0052,2025-09-21,2025-10-20,2025-10-22,2025-11-12,0.0,39.48,18.5,0.0,57.98,57.98,0.0,Paid
BILL000614,ACC0052,2025-10-21,2025-11-19,2025-11-21,2025-12-12,0.0,38.88,18.5,0.0,57.38,57.38,0.0,Paid
BILL000615,ACC0052,2025-11-20,2025-12-19,2025-12-21,2026-01-11,0.0,43.89,18.5,0.0,62.39,62.39,0.0,Paid
BILL000616,ACC0052,2025-12-20,2026-01-18,2026-01-20,2026-02-10,0.0,45.35,18.5,0.0,63.85,63.85,0.0,Paid
BILL000617,ACC0052,2026-01-19,2026-02-17,2026-02-19,2026-03-12,0.0,45.27,18.5,0.0,63.77,63.77,0.0,Paid
BILL000618,ACC0052,2026-02-18,2026-03-19,2026-03-21,2026-04-11,0.0,42.06,18.5,0.0,60.56,60.56,0.0,Paid
BILL000619,ACC0052,2026-03-20,2026-04-18,2026-04-20,2026-05-11,0.0,40.82,18.5,0.0,59.32,59.32,0.0,Paid
BILL000620,ACC0052,2026-04-19,2026-05-18,2026-05-20,2026-06-10,0.0,37.0,18.5,0.0,55.5,55.5,0.0,Paid
BILL000621,ACC0052,2026-05-19,2026-06-17,2026-06-19,2026-07-10,0.0,40.72,18.5,0.0,59.22,59.22,0.0,Paid
BILL000622,ACC0052,2026-06-18,2026-07-17,2026-07-19,2026-08-09,0.0,40.71,18.5,0.0,59.21,59.21,0.0,Paid
BILL000623,ACC0052,2026-07-18,2026-08-16,2026-08-18,2026-09-08,0.0,42.5,18.5,0.0,61.0,61.0,0.0,Paid
BILL000624,ACC0052,2026-08-17,2026-09-15,2026-09-17,2026-10-08,0.0,44.18,18.5,0.0,62.68,62.68,0.0,Paid
BILL000625,ACC0053,2025-09-21,2025-10-20,2025-10-22,2025-11-12,0.0,44.58,18.5,0.0,63.08,63.08,0.0,Paid
BILL000626,ACC0053,2025-10-21,2025-11-19,2025-11-21,2025-12-12,0.0,43.84,18.5,0.0,62.34,62.34,0.0,Paid
BILL000627,ACC0053,2025-11-20,2025-12-19,2025-12-21,2026-01-11,0.0,45.55,18.5,0.0,64.05,64.05,0.0,Paid
BILL000628,ACC0053,2025-12-20,2026-01-18,2026-01-20,2026-02-10,0.0,40.07,18.5,0.0,58.57,58.57,0.0,Paid
BILL000629,ACC0053,2026-01-19,2026-02-17,2026-02-19,2026-03-12,0.0,48.02,18.5,0.0,66.52,66.52,0.0,Paid
BILL000630,ACC0053,2026-02-18,2026-03-19,2026-03-21,2026-04-11,0.0,48.0,18.5,0.0,66.5,66.5,0.0,Paid
BILL000631,ACC0053,2026-03-20,2026-04-18,2026-04-20,2026-05-11,0.0,39.64,18.5,0.0,58.14,58.14,0.0,Paid
BILL000632,ACC0053,2026-04-19,2026-05-18,2026-05-20,2026-06-10,0.0,47.78,18.5,0.0,66.28,66.28,0.0,Paid
BILL000633,ACC0053,2026-05-19,2026-06-17,2026-06-19,2026-07-10,0.0,42.24,18.5,0.0,60.74,60.74,0.0,Paid
BILL000634,ACC0053,2026-06-18,2026-07-17,2026-07-19,2026-08-09,0.0,45.65,18.5,0.0,64.15,64.15,0.0,Paid
BILL000635,ACC0053,2026-07-18,2026-08-16,2026-08-18,2026-09-08,0.0,41.11,18.5,0.0,59.61,59.61,0.0,Paid
BILL000636,ACC0053,2026-08-17,2026-09-15,2026-09-17,2026-10-08,0.0,42.33,18.5,0.0,60.83,60.83,0.0,Paid
BILL000637,ACC0054,2025-09-21,2025-10-20,2025-10-22,2025-11-12,0.0,43.75,18.5,0.0,62.25,62.25,0.0,Paid
BILL000638,ACC0054,2025-10-21,2025-11-19,2025-11-21,2025-12-12,0.0,45.98,18.5,0.0,64.48,64.48,0.0,Paid
BILL000639,ACC0054,2025-11-20,2025-12-19,2025-12-21,2026-01-11,0.0,49.53,18.5,0.0,68.03,68.03,0.0,Paid
BILL000640,ACC0054,2025-12-20,2026-01-18,2026-01-20,2026-02-10,0.0,45.36,18.5,0.0,63.86,63.86,0.0,Paid
BILL000641,ACC0054,2026-01-19,2026-02-17,2026-02-19,2026-03-12,0.0,43.16,18.5,0.0,61.66,61.66,0.0,Paid
BILL000642,ACC0054,2026-02-18,2026-03-19,2026-03-21,2026-04-11,0.0,41.61,18.5,0.0,60.11,60.11,0.0,Paid
BILL000643,ACC0054,2026-03-20,2026-04-18,2026-04-20,2026-05-11,0.0,46.36,18.5,0.0,64.86,64.86,0.0,Paid
BILL000644,ACC0054,2026-04-19,2026-05-18,2026-05-20,2026-06-10,0.0,44.66,18.5,0.0,63.16,63.16,0.0,Paid
BILL000645,ACC0054,2026-05-19,2026-06-17,2026-06-19,2026-07-10,0.0,48.57,18.5,0.0,67.07,67.07,0.0,Paid
BILL000646,ACC0054,2026-06-18,2026-07-17,2026-07-19,2026-08-09,0.0,47.84,18.5,0.0,66.34,66.34,0.0,Paid
BILL000647,ACC0054,2026-07-18,2026-08-16,2026-08-18,2026-09-08,0.0,51.74,18.5,0.0,70.24,70.24,0.0,Paid
BILL000648,ACC0054,2026-08-17,2026-09-15,2026-09-17,2026-10-08,0.0,44.57,18.5,0.0,63.07,63.07,0.0,Paid
BILL000649,ACC0055,2025-09-21,2025-10-20,2025-10-22,2025-11-12,0.0,54.12,18.5,0.0,72.62,72.62,0.0,Paid
BILL000650,ACC0055,2025-10-21,2025-11-19,2025-11-21,2025-12-12,0.0,49.36,18.5,0.0,67.86,67.86,0.0,Paid
BILL000651,ACC0055,2025-11-20,2025-12-19,2025-12-21,2026-01-11,0.0,47.61,18.5,0.0,66.11,66.11,0.0,Paid
BILL000652,ACC0055,2025-12-20,2026-01-18,2026-01-20,2026-02-10,0.0,52.95,18.5,0.0,71.45,71.45,0.0,Paid
BILL000653,ACC0055,2026-01-19,2026-02-17,2026-02-19,2026-03-12,0.0,43.34,18.5,0.0,61.84,61.84,0.0,Paid
BILL000654,ACC0055,2026-02-18,2026-03-19,2026-03-21,2026-04-11,0.0,50.19,18.5,0.0,68.69,68.69,0.0,Paid
BILL000655,ACC0055,2026-03-20,2026-04-18,2026-04-20,2026-05-11,0.0,48.58,18.5,0.0,67.08,67.08,0.0,Paid
BILL000656,ACC0055,2026-04-19,2026-05-18,2026-05-20,2026-06-10,0.0,48.2,18.5,0.0,66.7,66.7,0.0,Paid
BILL000657,ACC0055,2026-05-19,2026-06-17,2026-06-19,2026-07-10,0.0,50.0,18.5,0.0,68.5,68.5,0.0,Paid
BILL000658,ACC0055,2026-06-18,2026-07-17,2026-07-19,2026-08-09,0.0,43.6,18.5,0.0,62.1,62.1,0.0,Paid
BILL000659,ACC0055,2026-07-18,2026-08-16,2026-08-18,2026-09-08,0.0,49.89,18.5,0.0,68.39,68.39,0.0,Paid
BILL000660,ACC0055,2026-08-17,2026-09-15,2026-09-17,2026-10-08,0.0,52.79,18.5,0.0,71.29,71.29,0.0,Paid
BILL000661,ACC0056,2025-09-21,2025-10-20,2025-10-22,2025-11-12,0.0,47.34,18.5,0.0,65.84,65.84,0.0,Paid
BILL000662,ACC0056,2025-10-21,2025-11-19,2025-11-21,2025-12-12,0.0,47.14,18.5,0.0,65.64,65.64,0.0,Paid
BILL000663,ACC0056,2025-11-20,2025-12-19,2025-12-21,2026-01-11,0.0,48.89,18.5,0.0,67.39,67.39,0.0,Paid
BILL000664,ACC0056,2025-12-20,2026-01-18,2026-01-20,2026-02-10,0.0,51.62,18.5,0.0,70.12,70.12,0.0,Paid
BILL000665,ACC0056,2026-01-19,2026-02-17,2026-02-19,2026-03-12,0.0,49.89,18.5,0.0,68.39,68.39,0.0,Paid
BILL000666,ACC0056,2026-02-18,2026-03-19,2026-03-21,2026-04-11,0.0,45.65,18.5,0.0,64.15,64.15,0.0,Paid
BILL000667,ACC0056,2026-03-20,2026-04-18,2026-04-20,2026-05-11,0.0,52.96,18.5,0.0,71.46,71.46,0.0,Paid
BILL000668,ACC0056,2026-04-19,2026-05-18,2026-05-20,2026-06-10,0.0,54.54,18.5,0.0,73.04,73.04,0.0,Paid
BILL000669,ACC0056,2026-05-19,2026-06-17,2026-06-19,2026-07-10,0.0,46.51,18.5,0.0,65.01,65.01,0.0,Paid
BILL000670,ACC0056,2026-06-18,2026-07-17,2026-07-19,2026-08-09,0.0,49.6,18.5,0.0,68.1,68.1,0.0,Paid
BILL000671,ACC0056,2026-07-18,2026-08-16,2026-08-18,2026-09-08,0.0,50.79,18.5,0.0,69.29,69.29,0.0,Paid
BILL000672,ACC0056,2026-08-17,2026-09-15,2026-09-17,2026-10-08,0.0,54.73,18.5,0.0,73.23,0.0,73.23,Open
BILL000673,ACC0057,2025-09-21,2025-10-20,2025-10-22,2025-11-12,0.0,60.01,18.5,0.0,78.51,78.51,0.0,Paid
BILL000674,ACC0057,2025-10-21,2025-11-19,2025-11-21,2025-12-12,0.0,49.15,18.5,0.0,67.65,67.65,0.0,Paid
BILL000675,ACC0057,2025-11-20,2025-12-19,2025-12-21,2026-01-11,0.0,60.43,18.5,0.0,78.93,78.93,0.0,Paid
BILL000676,ACC0057,2025-12-20,2026-01-18,2026-01-20,2026-02-10,0.0,57.19,18.5,0.0,75.69,75.69,0.0,Paid
BILL000677,ACC0057,2026-01-19,2026-02-17,2026-02-19,2026-03-12,0.0,52.9,18.5,0.0,71.4,71.4,0.0,Paid
BILL000678,ACC0057,2026-02-18,2026-03-19,2026-03-21,2026-04-11,0.0,60.4,18.5,0.0,78.9,78.9,0.0,Paid
BILL000679,ACC0057,2026-03-20,2026-04-18,2026-04-20,2026-05-11,0.0,52.52,18.5,0.0,71.02,71.02,0.0,Paid
BILL000680,ACC0057,2026-04-19,2026-05-18,2026-05-20,2026-06-10,0.0,57.09,18.5,0.0,75.59,75.59,0.0,Paid
BILL000681,ACC0057,2026-05-19,2026-06-17,2026-06-19,2026-07-10,0.0,49.52,18.5,0.0,68.02,68.02,0.0,Paid
BILL000682,ACC0057,2026-06-18,2026-07-17,2026-07-19,2026-08-09,0.0,55.58,18.5,0.0,74.08,74.08,0.0,Paid
BILL000683,ACC0057,2026-07-18,2026-08-16,2026-08-18,2026-09-08,0.0,54.49,18.5,0.0,72.99,72.99,0.0,Paid
BILL000684,ACC0057,2026-08-17,2026-09-15,2026-09-17,2026-10-08,0.0,55.57,18.5,0.0,74.07,74.07,0.0,Paid
BILL000685,ACC0058,2025-09-21,2025-10-20,2025-10-22,2025-11-12,0.0,51.81,18.5,0.0,70.31,70.31,0.0,Paid
BILL000686,ACC0058,2025-10-21,2025-11-19,2025-11-21,2025-12-12,0.0,53.86,18.5,0.0,72.36,72.36,0.0,Paid
BILL000687,ACC0058,2025-11-20,2025-12-19,2025-12-21,2026-01-11,0.0,51.26,18.5,0.0,69.76,69.76,0.0,Paid
BILL000688,ACC0058,2025-12-20,2026-01-18,2026-01-20,2026-02-10,0.0,53.84,18.5,0.0,72.34,72.34,0.0,Paid
BILL000689,ACC0058,2026-01-19,2026-02-17,2026-02-19,2026-03-12,0.0,55.47,18.5,0.0,73.97,73.97,0.0,Paid
BILL000690,ACC0058,2026-02-18,2026-03-19,2026-03-21,2026-04-11,0.0,50.42,18.5,0.0,68.92,68.92,0.0,Paid
BILL000691,ACC0058,2026-03-20,2026-04-18,2026-04-20,2026-05-11,0.0,62.92,18.5,0.0,81.42,81.42,0.0,Paid
BILL000692,ACC0058,2026-04-19,2026-05-18,2026-05-20,2026-06-10,0.0,56.71,18.5,0.0,75.21,75.21,0.0,Paid
BILL000693,ACC0058,2026-05-19,2026-06-17,2026-06-19,2026-07-10,0.0,58.25,18.5,0.0,76.75,76.75,0.0,Paid
BILL000694,ACC0058,2026-06-18,2026-07-17,2026-07-19,2026-08-09,0.0,58.18,18.5,0.0,76.68,76.68,0.0,Paid
BILL000695,ACC0058,2026-07-18,2026-08-16,2026-08-18,2026-09-08,0.0,59.26,18.5,0.0,77.76,77.76,0.0,Paid
BILL000696,ACC0058,2026-08-17,2026-09-15,2026-09-17,2026-10-08,0.0,52.22,18.5,0.0,70.72,70.72,0.0,Paid
BILL000697,ACC0059,2025-09-21,2025-10-20,2025-10-22,2025-11-12,0.0,66.28,18.5,0.0,84.78,84.78,0.0,Paid
BILL000698,ACC0059,2025-10-21,2025-11-19,2025-11-21,2025-12-12,0.0,62.06,18.5,0.0,80.56,80.56,0.0,Paid
BILL000699,ACC0059,2025-11-20,2025-12-19,2025-12-21,2026-01-11,0.0,54.54,18.5,0.0,73.04,73.04,0.0,Paid
BILL000700,ACC0059,2025-12-20,2026-01-18,2026-01-20,2026-02-10,0.0,64.01,18.5,0.0,82.51,82.51,0.0,Paid
BILL000701,ACC0059,2026-01-19,2026-02-17,2026-02-19,2026-03-12,0.0,58.95,18.5,0.0,77.45,77.45,0.0,Paid
BILL000702,ACC0059,2026-02-18,2026-03-19,2026-03-21,2026-04-11,0.0,60.09,18.5,0.0,78.59,78.59,0.0,Paid
BILL000703,ACC0059,2026-03-20,2026-04-18,2026-04-20,2026-05-11,0.0,58.78,18.5,0.0,77.28,77.28,0.0,Paid
BILL000704,ACC0059,2026-04-19,2026-05-18,2026-05-20,2026-06-10,0.0,64.56,18.5,0.0,83.06,83.06,0.0,Paid
BILL000705,ACC0059,2026-05-19,2026-06-17,2026-06-19,2026-07-10,0.0,54.2,18.5,0.0,72.7,72.7,0.0,Paid
BILL000706,ACC0059,2026-06-18,2026-07-17,2026-07-19,2026-08-09,0.0,65.05,18.5,0.0,83.55,83.55,0.0,Paid
BILL000707,ACC0059,2026-07-18,2026-08-16,2026-08-18,2026-09-08,0.0,59.91,18.5,0.0,78.41,78.41,0.0,Paid
BILL000708,ACC0059,2026-08-17,2026-09-15,2026-09-17,2026-10-08,0.0,52.72,18.5,0.0,71.22,71.22,0.0,Paid
BILL000709,ACC0060,2025-09-21,2025-10-20,2025-10-22,2025-11-12,0.0,39.95,18.5,0.0,58.45,58.45,0.0,Paid
BILL000710,ACC0060,2025-10-21,2025-11-19,2025-11-21,2025-12-12,0.0,31.44,18.5,0.0,49.94,49.94,0.0,Paid
BILL000711,ACC0060,2025-11-20,2025-12-19,2025-12-21,2026-01-11,0.0,37.3,18.5,0.0,55.8,55.8,0.0,Paid
BILL000712,ACC0060,2025-12-20,2026-01-18,2026-01-20,2026-02-10,0.0,36.37,18.5,0.0,54.87,54.87,0.0,Paid
BILL000713,ACC0060,2026-01-19,2026-02-17,2026-02-19,2026-03-12,0.0,38.55,18.5,0.0,57.05,57.05,0.0,Paid
BILL000714,ACC0060,2026-02-18,2026-03-19,2026-03-21,2026-04-11,0.0,36.53,18.5,0.0,55.03,55.03,0.0,Paid
BILL000715,ACC0060,2026-03-20,2026-04-18,2026-04-20,2026-05-11,0.0,36.02,18.5,0.0,54.52,54.52,0.0,Paid
BILL000716,ACC0060,2026-04-19,2026-05-18,2026-05-20,2026-06-10,0.0,34.95,18.5,0.0,53.45,53.45,0.0,Paid
BILL000717,ACC0060,2026-05-19,2026-06-17,2026-06-19,2026-07-10,0.0,36.48,18.5,0.0,54.98,54.98,0.0,Paid
BILL000718,ACC0060,2026-06-18,2026-07-17,2026-07-19,2026-08-09,0.0,31.8,18.5,0.0,50.3,50.3,0.0,Paid
BILL000719,ACC0060,2026-07-18,2026-08-16,2026-08-18,2026-09-08,0.0,35.12,18.5,0.0,53.62,53.62,0.0,Paid
BILL000720,ACC0060,2026-08-17,2026-09-15,2026-09-17,2026-10-08,0.0,39.94,18.5,0.0,58.44,58.44,0.0,Paid
