service_point_id,premise_id,service_point_type,service_status,install_date,service_area,tap_number
SP0001,PREM0001,Metered Water Service,Active,2015-01-18,North,TAP000001
SP0002,PREM0002,Metered Water Service,Active,2015-02-04,South,TAP000002
SP0003,PREM0003,Metered Water Service,Active,2015-02-21,East,TAP000003
SP0004,PREM0004,Metered Water Service,Active,2015-03-10,West,TAP000004
SP0005,PREM0005,Metered Water Service,Active,2015-03-27,Central,TAP000005
SP0006,PREM0006,Metered Water Service,Active,2015-04-13,North,TAP000006
SP0007,PREM0007,Metered Water Service,Active,2015-04-30,South,TAP000007
SP0008,PREM0008,Metered Water Service,Active,2015-05-17,East,TAP000008
SP0009,PREM0009,Metered Water Service,Active,2015-06-03,West,TAP000009
SP0010,PREM0010,Metered Water Service,Active,2015-06-20,Central,TAP000010
SP0011,PREM0011,Metered Water Service,Active,2015-07-07,North,TAP000011
SP0012,PREM0012,Metered Water Service,Active,2015-07-24,South,TAP000012
SP0013,PREM0013,Metered Water Service,Active,2015-08-10,East,TAP000013
SP0014,PREM0014,Metered Water Service,Active,2015-08-27,West,TAP000014
SP0015,PREM0015,Metered Water Service,Active,2015-09-13,Central,TAP000015
SP0016,PREM0016,Metered Water Service,Active,2015-09-30,North,TAP000016
SP0017,PREM0017,Metered Water Service,Active,2015-10-17,South,TAP000017
SP0018,PREM0018,Metered Water Service,Active,2015-11-03,East,TAP000018
SP0019,PREM0019,Metered Water Service,Active,2015-11-20,West,TAP000019
SP0020,PREM0020,Metered Water Service,Active,2015-12-07,Central,TAP000020
SP0021,PREM0021,Metered Water Service,Active,2015-12-24,North,TAP000021
SP0022,PREM0022,Metered Water Service,Active,2016-01-10,South,TAP000022
SP0023,PREM0023,Metered Water Service,Active,2016-01-27,East,TAP000023
SP0024,PREM0024,Metered Water Service,Active,2016-02-13,West,TAP000024
SP0025,PREM0025,Metered Water Service,Active,2016-03-01,Central,TAP000025
SP0026,PREM0026,Metered Water Service,Active,2016-03-18,North,TAP000026
SP0027,PREM0027,Metered Water Service,Active,2016-04-04,South,TAP000027
SP0028,PREM0028,Metered Water Service,Active,2016-04-21,East,TAP000028
SP0029,PREM0029,Metered Water Service,Active,2016-05-08,West,TAP000029
SP0030,PREM0030,Metered Water Service,Active,2016-05-25,Central,TAP000030
SP0031,PREM0031,Metered Water Service,Active,2016-06-11,North,TAP000031
SP0032,PREM0032,Metered Water Service,Active,2016-06-28,South,TAP000032
SP0033,PREM0033,Metered Water Service,Active,2016-07-15,East,TAP000033
SP0034,PREM0034,Metered Water Service,Active,2016-08-01,West,TAP000034
SP0035,PREM0035,Metered Water Service,Active,2016-08-18,Central,TAP000035
SP0036,PREM0036,Metered Water Service,Active,2016-09-04,North,TAP000036
SP0037,PREM0037,Metered Water Service,Active,2016-09-21,South,TAP000037
SP0038,PREM0038,Metered Water Service,Active,2016-10-08,East,TAP000038
SP0039,PREM0039,Metered Water Service,Active,2016-10-25,West,TAP000039
SP0040,PREM0040,Metered Water Service,Active,2016-11-11,Central,TAP000040
SP0041,PREM0041,Metered Water Service,Active,2016-11-28,North,TAP000041
SP0042,PREM0042,Metered Water Service,Active,2016-12-15,South,TAP000042
SP0043,PREM0043,Metered Water Service,Active,2017-01-01,East,TAP000043
SP0044,PREM0044,Metered Water Service,Active,2017-01-18,West,TAP000044
SP0045,PREM0045,Metered Water Service,Active,2017-02-04,Central,TAP000045
SP0046,PREM0046,Metered Water Service,Active,2017-02-21,North,TAP000046
SP0047,PREM0047,Metered Water Service,Inactive,2017-03-10,South,TAP000047
SP0048,PREM0048,Metered Water Service,Active,2017-03-27,East,TAP000048
SP0049,PREM0049,Metered Water Service,Active,2017-04-13,West,TAP000049
SP0050,PREM0050,Metered Water Service,Active,2017-04-30,Central,TAP000050
SP0051,PREM0051,Metered Water Service,Active,2017-05-17,North,TAP000051
SP0052,PREM0052,Metered Water Service,Active,2017-06-03,South,TAP000052
SP0053,PREM0053,Metered Water Service,Active,2017-06-20,East,TAP000053
SP0054,PREM0054,Metered Water Service,Active,2017-07-07,West,TAP000054
SP0055,PREM0055,Metered Water Service,Active,2017-07-24,Central,TAP000055
SP0056,PREM0056,Metered Water Service,Active,2017-08-10,North,TAP000056
SP0057,PREM0057,Metered Water Service,Active,2017-08-27,South,TAP000057
SP0058,PREM0058,Metered Water Service,Inactive,2017-09-13,East,TAP000058
SP0059,PREM0059,Metered Water Service,Active,2017-09-30,West,TAP000059
SP0060,PREM0060,Metered Water Service,Active,2017-10-17,Central,TAP000060
