account_person_id,account_id,person_id,relationship_type,is_primary,start_date,end_date
AP0001,ACC0001,PER0001,Owner,True,2020-01-10,
AP0002,ACC0002,PER0002,Owner,True,2020-01-19,
AP0003,ACC0003,PER0003,Owner,True,2020-01-28,
AP0004,ACC0004,PER0004,Owner,True,2020-02-06,
AP0005,ACC0005,PER0005,Tenant,True,2020-02-15,
AP0006,ACC0006,PER0006,Owner,True,2020-02-24,
AP0007,ACC0007,PER0007,Owner,True,2020-03-04,
AP0008,ACC0008,PER0008,Owner,True,2020-03-13,
AP0009,ACC0009,PER0009,Owner,True,2020-03-22,
AP0010,ACC0010,PER0010,Tenant,True,2020-03-31,
AP0011,ACC0011,PER0011,Owner,True,2020-04-09,
AP0012,ACC0012,PER0012,Owner,True,2020-04-18,
AP0013,ACC0013,PER0013,Owner,True,2020-04-27,
AP0014,ACC0014,PER0014,Owner,True,2020-05-06,
AP0015,ACC0015,PER0015,Tenant,True,2020-05-15,
AP0016,ACC0016,PER0016,Owner,True,2020-05-24,
AP0017,ACC0017,PER0017,Owner,True,2020-06-02,
AP0018,ACC0018,PER0018,Owner,True,2020-06-11,
AP0019,ACC0019,PER0019,Owner,True,2020-06-20,
AP0020,ACC0020,PER0020,Tenant,True,2020-06-29,
AP0021,ACC0021,PER0021,Owner,True,2020-07-08,
AP0022,ACC0022,PER0022,Owner,True,2020-07-17,
AP0023,ACC0023,PER0023,Owner,True,2020-07-26,
AP0024,ACC0024,PER0024,Owner,True,2020-08-04,
AP0025,ACC0025,PER0025,Tenant,True,2020-08-13,
AP0026,ACC0026,PER0026,Owner,True,2020-08-22,
AP0027,ACC0027,PER0027,Owner,True,2020-08-31,
AP0028,ACC0028,PER0028,Owner,True,2020-09-09,
AP0029,ACC0029,PER0029,Owner,True,2020-09-18,
AP0030,ACC0030,PER0030,Tenant,True,2020-09-27,
AP0031,ACC0031,PER0031,Owner,True,2020-10-06,
AP0032,ACC0032,PER0032,Owner,True,2020-10-15,
AP0033,ACC0033,PER0033,Owner,True,2020-10-24,
AP0034,ACC0034,PER0034,Owner,True,2020-11-02,
AP0035,ACC0035,PER0035,Tenant,True,2020-11-11,
AP0036,ACC0036,PER0036,Owner,True,2020-11-20,
AP0037,ACC0037,PER0037,Owner,True,2020-11-29,
AP0038,ACC0038,PER0038,Owner,True,2020-12-08,
AP0039,ACC0039,PER0039,Owner,True,2020-12-17,
AP0040,ACC0040,PER0040,Tenant,True,2020-12-26,
AP0041,ACC0041,PER0041,Owner,True,2021-01-04,
AP0042,ACC0042,PER0042,Owner,True,2021-01-13,
AP0043,ACC0043,PER0043,Owner,True,2021-01-22,
AP0044,ACC0044,PER0044,Owner,True,2021-01-31,
AP0045,ACC0045,PER0045,Tenant,True,2021-02-09,
AP0046,ACC0046,PER0046,Owner,True,2021-02-18,
AP0047,ACC0047,PER0047,Owner,True,2021-02-27,
AP0048,ACC0048,PER0048,Owner,True,2021-03-08,
AP0049,ACC0049,PER0049,Owner,True,2021-03-17,
AP0050,ACC0050,PER0050,Tenant,True,2021-03-26,
AP0051,ACC0051,PER0051,Owner,True,2021-04-04,
AP0052,ACC0052,PER0052,Owner,True,2021-04-13,
AP0053,ACC0053,PER0053,Owner,True,2021-04-22,
AP0054,ACC0054,PER0054,Owner,True,2021-05-01,
AP0055,ACC0055,PER0055,Tenant,True,2021-05-10,
AP0056,ACC0056,PER0056,Owner,True,2021-05-19,
AP0057,ACC0057,PER0057,Owner,True,2021-05-28,
AP0058,ACC0058,PER0058,Owner,True,2021-06-06,
AP0059,ACC0059,PER0059,Owner,True,2021-06-15,
AP0060,ACC0060,PER0060,Tenant,True,2021-06-24,
AP0061,ACC0001,PER0061,Authorized Person,False,2025-06-01,
AP0062,ACC0005,PER0062,Tenant,False,2025-06-01,
AP0063,ACC0012,PER0063,Property Manager,False,2025-06-01,
AP0064,ACC0020,PER0064,Tenant,False,2025-06-01,
AP0065,ACC0033,PER0065,Authorized Person,False,2025-06-01,
