consumption_id,account_id,premise_id,meter_id,period_start,period_end,previous_read,current_read,usage_gallons,read_type,usage_flag
CON000001,ACC0001,PREM0001,MTR0001,2025-09-21,2025-10-20,105000,109893,4893,AMI Actual,NORMAL
CON000002,ACC0001,PREM0001,MTR0001,2025-10-21,2025-11-19,109510,114441,4931,AMI Actual,NORMAL
CON000003,ACC0001,PREM0001,MTR0001,2025-11-20,2025-12-19,114020,118601,4581,AMI Actual,NORMAL
CON000004,ACC0001,PREM0001,MTR0001,2025-12-20,2026-01-18,118530,122937,4407,AMI Actual,NORMAL
CON000005,ACC0001,PREM0001,MTR0001,2026-01-19,2026-02-17,123040,127905,4865,AMI Actual,NORMAL
CON000006,ACC0001,PREM0001,MTR0001,2026-02-18,2026-03-19,127550,131734,4184,AMI Actual,NORMAL
CON000007,ACC0001,PREM0001,MTR0001,2026-03-20,2026-04-18,132060,136476,4416,AMI Actual,NORMAL
CON000008,ACC0001,PREM0001,MTR0001,2026-04-19,2026-05-18,136570,140646,4076,AMI Actual,NORMAL
CON000009,ACC0001,PREM0001,MTR0001,2026-05-19,2026-06-17,141080,145278,4198,AMI Actual,NORMAL
CON000010,ACC0001,PREM0001,MTR0001,2026-06-18,2026-07-17,145590,150054,4464,AMI Actual,NORMAL
CON000011,ACC0001,PREM0001,MTR0001,2026-07-18,2026-08-16,150100,154352,4252,AMI Actual,NORMAL
CON000012,ACC0001,PREM0001,MTR0001,2026-08-17,2026-09-15,154610,169510,14900,AMI Actual,HIGH
CON000013,ACC0002,PREM0002,MTR0002,2025-09-21,2025-10-20,110000,114392,4392,AMI Actual,NORMAL
CON000014,ACC0002,PREM0002,MTR0002,2025-10-21,2025-11-19,114820,119712,4892,AMI Actual,NORMAL
CON000015,ACC0002,PREM0002,MTR0002,2025-11-20,2025-12-19,119640,124373,4733,AMI Actual,NORMAL
CON000016,ACC0002,PREM0002,MTR0002,2025-12-20,2026-01-18,124460,128900,4440,AMI Actual,NORMAL
CON000017,ACC0002,PREM0002,MTR0002,2026-01-19,2026-02-17,129280,134435,5155,AMI Actual,NORMAL
CON000018,ACC0002,PREM0002,MTR0002,2026-02-18,2026-03-19,134100,139255,5155,AMI Actual,NORMAL
CON000019,ACC0002,PREM0002,MTR0002,2026-03-20,2026-04-18,138920,143245,4325,AMI Actual,NORMAL
CON000020,ACC0002,PREM0002,MTR0002,2026-04-19,2026-05-18,143740,148843,5103,AMI Actual,NORMAL
CON000021,ACC0002,PREM0002,MTR0002,2026-05-19,2026-06-17,148560,153643,5083,AMI Actual,NORMAL
CON000022,ACC0002,PREM0002,MTR0002,2026-06-18,2026-07-17,153380,157729,4349,AMI Actual,NORMAL
CON000023,ACC0002,PREM0002,MTR0002,2026-07-18,2026-08-16,158200,162613,4413,AMI Actual,NORMAL
CON000024,ACC0002,PREM0002,MTR0002,2026-08-17,2026-09-15,163020,167732,4712,AMI Actual,NORMAL
CON000025,ACC0003,PREM0003,MTR0003,2025-09-21,2025-10-20,115000,120171,5171,AMI Actual,NORMAL
CON000026,ACC0003,PREM0003,MTR0003,2025-10-21,2025-11-19,120130,125325,5195,AMI Actual,NORMAL
CON000027,ACC0003,PREM0003,MTR0003,2025-11-20,2025-12-19,125260,130901,5641,AMI Actual,NORMAL
CON000028,ACC0003,PREM0003,MTR0003,2025-12-20,2026-01-18,130390,135283,4893,AMI Actual,NORMAL
CON000029,ACC0003,PREM0003,MTR0003,2026-01-19,2026-02-17,135520,141220,5700,AMI Actual,NORMAL
CON000030,ACC0003,PREM0003,MTR0003,2026-02-18,2026-03-19,140650,145582,4932,AMI Actual,NORMAL
CON000031,ACC0003,PREM0003,MTR0003,2026-03-20,2026-04-18,145780,150934,5154,AMI Actual,NORMAL
CON000032,ACC0003,PREM0003,MTR0003,2026-04-19,2026-05-18,150910,156301,5391,AMI Actual,NORMAL
CON000033,ACC0003,PREM0003,MTR0003,2026-05-19,2026-06-17,156040,161494,5454,AMI Actual,NORMAL
CON000034,ACC0003,PREM0003,MTR0003,2026-06-18,2026-07-17,161170,165892,4722,AMI Actual,NORMAL
CON000035,ACC0003,PREM0003,MTR0003,2026-07-18,2026-08-16,166300,171475,5175,AMI Actual,NORMAL
CON000036,ACC0003,PREM0003,MTR0003,2026-08-17,2026-09-15,171430,176583,5153,AMI Actual,NORMAL
CON000037,ACC0004,PREM0004,MTR0004,2025-09-21,2025-10-20,120000,124877,4877,Actual,NORMAL
CON000038,ACC0004,PREM0004,MTR0004,2025-10-21,2025-11-19,125440,130943,5503,Actual,NORMAL
CON000039,ACC0004,PREM0004,MTR0004,2025-11-20,2025-12-19,130880,136529,5649,Actual,NORMAL
CON000040,ACC0004,PREM0004,MTR0004,2025-12-20,2026-01-18,136320,141459,5139,Actual,NORMAL
CON000041,ACC0004,PREM0004,MTR0004,2026-01-19,2026-02-17,141760,147772,6012,Actual,NORMAL
CON000042,ACC0004,PREM0004,MTR0004,2026-02-18,2026-03-19,147200,152885,5685,Actual,NORMAL
CON000043,ACC0004,PREM0004,MTR0004,2026-03-20,2026-04-18,152640,157601,4961,Actual,NORMAL
CON000044,ACC0004,PREM0004,MTR0004,2026-04-19,2026-05-18,158080,163751,5671,Actual,NORMAL
CON000045,ACC0004,PREM0004,MTR0004,2026-05-19,2026-06-17,163520,168887,5367,Actual,NORMAL
CON000046,ACC0004,PREM0004,MTR0004,2026-06-18,2026-07-17,168960,173907,4947,Actual,NORMAL
CON000047,ACC0004,PREM0004,MTR0004,2026-07-18,2026-08-16,174400,180363,5963,Actual,NORMAL
CON000048,ACC0004,PREM0004,MTR0004,2026-08-17,2026-09-15,179840,185417,5577,Actual,NORMAL
CON000049,ACC0005,PREM0005,MTR0005,2025-09-21,2025-10-20,125000,131059,6059,AMI Actual,NORMAL
CON000050,ACC0005,PREM0005,MTR0005,2025-10-21,2025-11-19,130750,137034,6284,AMI Actual,NORMAL
CON000051,ACC0005,PREM0005,MTR0005,2025-11-20,2025-12-19,136500,142113,5613,AMI Actual,NORMAL
CON000052,ACC0005,PREM0005,MTR0005,2025-12-20,2026-01-18,142250,148057,5807,AMI Actual,NORMAL
CON000053,ACC0005,PREM0005,MTR0005,2026-01-19,2026-02-17,148000,153635,5635,AMI Actual,NORMAL
CON000054,ACC0005,PREM0005,MTR0005,2026-02-18,2026-03-19,153750,159949,6199,AMI Actual,NORMAL
CON000055,ACC0005,PREM0005,MTR0005,2026-03-20,2026-04-18,159500,165009,5509,AMI Actual,NORMAL
CON000056,ACC0005,PREM0005,MTR0005,2026-04-19,2026-05-18,165250,170496,5246,AMI Actual,NORMAL
CON000057,ACC0005,PREM0005,MTR0005,2026-05-19,2026-06-17,171000,177254,6254,AMI Actual,NORMAL
CON000058,ACC0005,PREM0005,MTR0005,2026-06-18,2026-07-17,176750,181851,5101,AMI Actual,NORMAL
CON000059,ACC0005,PREM0005,MTR0005,2026-07-18,2026-08-16,182500,188269,5769,AMI Actual,NORMAL
CON000060,ACC0005,PREM0005,MTR0005,2026-08-17,2026-09-15,188250,194321,6071,AMI Actual,NORMAL
CON000061,ACC0006,PREM0006,MTR0006,2025-09-21,2025-10-20,130000,135789,5789,AMI Actual,NORMAL
CON000062,ACC0006,PREM0006,MTR0006,2025-10-21,2025-11-19,136060,142560,6500,AMI Actual,NORMAL
CON000063,ACC0006,PREM0006,MTR0006,2025-11-20,2025-12-19,142120,148758,6638,AMI Actual,NORMAL
CON000064,ACC0006,PREM0006,MTR0006,2025-12-20,2026-01-18,148180,154714,6534,AMI Actual,NORMAL
CON000065,ACC0006,PREM0006,MTR0006,2026-01-19,2026-02-17,154240,160786,6546,AMI Actual,NORMAL
CON000066,ACC0006,PREM0006,MTR0006,2026-02-18,2026-03-19,160300,165658,5358,AMI Actual,NORMAL
CON000067,ACC0006,PREM0006,MTR0006,2026-03-20,2026-04-18,166360,172517,6157,AMI Actual,NORMAL
CON000068,ACC0006,PREM0006,MTR0006,2026-04-19,2026-05-18,172420,178325,5905,AMI Actual,NORMAL
CON000069,ACC0006,PREM0006,MTR0006,2026-05-19,2026-06-17,178480,184606,6126,AMI Actual,NORMAL
CON000070,ACC0006,PREM0006,MTR0006,2026-06-18,2026-07-17,184540,190813,6273,AMI Actual,NORMAL
CON000071,ACC0006,PREM0006,MTR0006,2026-07-18,2026-08-16,190600,197105,6505,AMI Actual,NORMAL
CON000072,ACC0006,PREM0006,MTR0006,2026-08-17,2026-09-15,196660,197860,1200,AMI Actual,LOW
CON000073,ACC0007,PREM0007,MTR0007,2025-09-21,2025-10-20,135000,142018,7018,AMI Actual,NORMAL
CON000074,ACC0007,PREM0007,MTR0007,2025-10-21,2025-11-19,141370,147861,6491,AMI Actual,NORMAL
CON000075,ACC0007,PREM0007,MTR0007,2025-11-20,2025-12-19,147740,154271,6531,AMI Actual,NORMAL
CON000076,ACC0007,PREM0007,MTR0007,2025-12-20,2026-01-18,154110,160791,6681,AMI Actual,NORMAL
CON000077,ACC0007,PREM0007,MTR0007,2026-01-19,2026-02-17,160480,166957,6477,AMI Actual,NORMAL
CON000078,ACC0007,PREM0007,MTR0007,2026-02-18,2026-03-19,166850,172752,5902,AMI Actual,NORMAL
CON000079,ACC0007,PREM0007,MTR0007,2026-03-20,2026-04-18,173220,180012,6792,AMI Actual,NORMAL
CON000080,ACC0007,PREM0007,MTR0007,2026-04-19,2026-05-18,179590,186121,6531,AMI Actual,NORMAL
CON000081,ACC0007,PREM0007,MTR0007,2026-05-19,2026-06-17,185960,191822,5862,AMI Actual,NORMAL
CON000082,ACC0007,PREM0007,MTR0007,2026-06-18,2026-07-17,192330,198091,5761,AMI Actual,NORMAL
CON000083,ACC0007,PREM0007,MTR0007,2026-07-18,2026-08-16,198700,205752,7052,AMI Actual,NORMAL
CON000084,ACC0007,PREM0007,MTR0007,2026-08-17,2026-09-15,205070,212067,6997,AMI Actual,NORMAL
CON000085,ACC0008,PREM0008,MTR0008,2025-09-21,2025-10-20,140000,147069,7069,Actual,NORMAL
CON000086,ACC0008,PREM0008,MTR0008,2025-10-21,2025-11-19,146680,153507,6827,Actual,NORMAL
CON000087,ACC0008,PREM0008,MTR0008,2025-11-20,2025-12-19,153360,160140,6780,Actual,NORMAL
CON000088,ACC0008,PREM0008,MTR0008,2025-12-20,2026-01-18,160040,166920,6880,Actual,NORMAL
CON000089,ACC0008,PREM0008,MTR0008,2026-01-19,2026-02-17,166720,172602,5882,Actual,NORMAL
CON000090,ACC0008,PREM0008,MTR0008,2026-02-18,2026-03-19,173400,179782,6382,Actual,NORMAL
CON000091,ACC0008,PREM0008,MTR0008,2026-03-20,2026-04-18,180080,186047,5967,Actual,NORMAL
CON000092,ACC0008,PREM0008,MTR0008,2026-04-19,2026-05-18,186760,193358,6598,Actual,NORMAL
CON000093,ACC0008,PREM0008,MTR0008,2026-05-19,2026-06-17,193440,200003,6563,Actual,NORMAL
CON000094,ACC0008,PREM0008,MTR0008,2026-06-18,2026-07-17,200120,206251,6131,Actual,NORMAL
CON000095,ACC0008,PREM0008,MTR0008,2026-07-18,2026-08-16,206800,217700,10900,Actual,NORMAL
CON000096,ACC0008,PREM0008,MTR0008,2026-08-17,2026-09-15,213480,226680,13200,Actual,HIGH
CON000097,ACC0009,PREM0009,MTR0009,2025-09-21,2025-10-20,145000,151649,6649,AMI Actual,NORMAL
CON000098,ACC0009,PREM0009,MTR0009,2025-10-21,2025-11-19,151990,158266,6276,AMI Actual,NORMAL
CON000099,ACC0009,PREM0009,MTR0009,2025-11-20,2025-12-19,158980,166444,7464,AMI Actual,NORMAL
CON000100,ACC0009,PREM0009,MTR0009,2025-12-20,2026-01-18,165970,172506,6536,AMI Actual,NORMAL
CON000101,ACC0009,PREM0009,MTR0009,2026-01-19,2026-02-17,172960,180032,7072,AMI Actual,NORMAL
CON000102,ACC0009,PREM0009,MTR0009,2026-02-18,2026-03-19,179950,187774,7824,AMI Actual,NORMAL
CON000103,ACC0009,PREM0009,MTR0009,2026-03-20,2026-04-18,186940,194735,7795,AMI Actual,NORMAL
CON000104,ACC0009,PREM0009,MTR0009,2026-04-19,2026-05-18,193930,200374,6444,AMI Actual,NORMAL
CON000105,ACC0009,PREM0009,MTR0009,2026-05-19,2026-06-17,200920,207225,6305,AMI Actual,NORMAL
CON000106,ACC0009,PREM0009,MTR0009,2026-06-18,2026-07-17,207910,214485,6575,AMI Actual,NORMAL
CON000107,ACC0009,PREM0009,MTR0009,2026-07-18,2026-08-16,214900,222414,7514,AMI Actual,NORMAL
CON000108,ACC0009,PREM0009,MTR0009,2026-08-17,2026-09-15,221890,229411,7521,AMI Actual,NORMAL
CON000109,ACC0010,PREM0010,MTR0010,2025-09-21,2025-10-20,150000,154306,4306,AMI Actual,NORMAL
CON000110,ACC0010,PREM0010,MTR0010,2025-10-21,2025-11-19,154200,157944,3744,AMI Actual,NORMAL
CON000111,ACC0010,PREM0010,MTR0010,2025-11-20,2025-12-19,158400,163041,4641,AMI Actual,NORMAL
CON000112,ACC0010,PREM0010,MTR0010,2025-12-20,2026-01-18,162600,166440,3840,AMI Actual,NORMAL
CON000113,ACC0010,PREM0010,MTR0010,2026-01-19,2026-02-17,166800,171306,4506,AMI Actual,NORMAL
CON000114,ACC0010,PREM0010,MTR0010,2026-02-18,2026-03-19,171000,174837,3837,AMI Actual,NORMAL
CON000115,ACC0010,PREM0010,MTR0010,2026-03-20,2026-04-18,175200,178973,3773,AMI Actual,NORMAL
CON000116,ACC0010,PREM0010,MTR0010,2026-04-19,2026-05-18,179400,183192,3792,AMI Actual,NORMAL
CON000117,ACC0010,PREM0010,MTR0010,2026-05-19,2026-06-17,183600,187902,4302,AMI Actual,NORMAL
CON000118,ACC0010,PREM0010,MTR0010,2026-06-18,2026-07-17,187800,192079,4279,AMI Actual,NORMAL
CON000119,ACC0010,PREM0010,MTR0010,2026-07-18,2026-08-16,192000,196603,4603,AMI Actual,NORMAL
CON000120,ACC0010,PREM0010,MTR0010,2026-08-17,2026-09-15,196200,200521,4321,AMI Actual,NORMAL
CON000121,ACC0011,PREM0011,MTR0011,2025-09-21,2025-10-20,155000,159743,4743,AMI Actual,NORMAL
CON000122,ACC0011,PREM0011,MTR0011,2025-10-21,2025-11-19,159510,163849,4339,AMI Actual,NORMAL
CON000123,ACC0011,PREM0011,MTR0011,2025-11-20,2025-12-19,164020,168039,4019,AMI Actual,NORMAL
CON000124,ACC0011,PREM0011,MTR0011,2025-12-20,2026-01-18,168530,173222,4692,AMI Actual,NORMAL
CON000125,ACC0011,PREM0011,MTR0011,2026-01-19,2026-02-17,173040,177751,4711,AMI Actual,NORMAL
CON000126,ACC0011,PREM0011,MTR0011,2026-02-18,2026-03-19,177550,181947,4397,AMI Actual,NORMAL
CON000127,ACC0011,PREM0011,MTR0011,2026-03-20,2026-04-18,182060,186978,4918,AMI Actual,NORMAL
CON000128,ACC0011,PREM0011,MTR0011,2026-04-19,2026-05-18,186570,191607,5037,AMI Actual,NORMAL
CON000129,ACC0011,PREM0011,MTR0011,2026-05-19,2026-06-17,191080,195900,4820,AMI Actual,NORMAL
CON000130,ACC0011,PREM0011,MTR0011,2026-06-18,2026-07-17,195590,200563,4973,AMI Actual,NORMAL
CON000131,ACC0011,PREM0011,MTR0011,2026-07-18,2026-08-16,200100,204152,4052,AMI Actual,NORMAL
CON000132,ACC0011,PREM0011,MTR0011,2026-08-17,2026-09-15,204610,209118,4508,AMI Actual,NORMAL
CON000133,ACC0012,PREM0012,MTR0012,2025-09-21,2025-10-20,160000,164466,4466,Actual,NORMAL
CON000134,ACC0012,PREM0012,MTR0012,2025-10-21,2025-11-19,164820,169822,5002,Actual,NORMAL
CON000135,ACC0012,PREM0012,MTR0012,2025-11-20,2025-12-19,169640,174605,4965,Actual,NORMAL
CON000136,ACC0012,PREM0012,MTR0012,2025-12-20,2026-01-18,174460,179415,4955,Actual,NORMAL
CON000137,ACC0012,PREM0012,MTR0012,2026-01-19,2026-02-17,179280,183611,4331,Actual,NORMAL
CON000138,ACC0012,PREM0012,MTR0012,2026-02-18,2026-03-19,184100,188387,4287,Actual,NORMAL
CON000139,ACC0012,PREM0012,MTR0012,2026-03-20,2026-04-18,188920,193478,4558,Actual,NORMAL
CON000140,ACC0012,PREM0012,MTR0012,2026-04-19,2026-05-18,193740,198359,4619,Actual,NORMAL
CON000141,ACC0012,PREM0012,MTR0012,2026-05-19,2026-06-17,198560,202856,4296,Actual,NORMAL
CON000142,ACC0012,PREM0012,MTR0012,2026-06-18,2026-07-17,203380,207685,4305,Actual,NORMAL
CON000143,ACC0012,PREM0012,MTR0012,2026-07-18,2026-08-16,208200,212495,4295,Actual,NORMAL
CON000144,ACC0012,PREM0012,MTR0012,2026-08-17,2026-09-15,213020,218213,5193,Actual,NORMAL
CON000145,ACC0013,PREM0013,MTR0013,2025-09-21,2025-10-20,165000,170689,5689,AMI Actual,NORMAL
CON000146,ACC0013,PREM0013,MTR0013,2025-10-21,2025-11-19,170130,175590,5460,AMI Actual,NORMAL
CON000147,ACC0013,PREM0013,MTR0013,2025-11-20,2025-12-19,175260,180694,5434,AMI Actual,NORMAL
CON000148,ACC0013,PREM0013,MTR0013,2025-12-20,2026-01-18,180390,186025,5635,AMI Actual,NORMAL
CON000149,ACC0013,PREM0013,MTR0013,2026-01-19,2026-02-17,185520,190731,5211,AMI Actual,NORMAL
CON000150,ACC0013,PREM0013,MTR0013,2026-02-18,2026-03-19,190650,195377,4727,AMI Actual,NORMAL
CON000151,ACC0013,PREM0013,MTR0013,2026-03-20,2026-04-18,195780,200955,5175,AMI Actual,NORMAL
CON000152,ACC0013,PREM0013,MTR0013,2026-04-19,2026-05-18,200910,205887,4977,AMI Actual,NORMAL
CON000153,ACC0013,PREM0013,MTR0013,2026-05-19,2026-06-17,206040,211606,5566,AMI Actual,NORMAL
CON000154,ACC0013,PREM0013,MTR0013,2026-06-18,2026-07-17,211170,216838,5668,AMI Actual,NORMAL
CON000155,ACC0013,PREM0013,MTR0013,2026-07-18,2026-08-16,216300,221423,5123,AMI Actual,NORMAL
CON000156,ACC0013,PREM0013,MTR0013,2026-08-17,2026-09-15,221430,227108,5678,AMI Actual,NORMAL
CON000157,ACC0014,PREM0014,MTR0014,2025-09-21,2025-10-20,170000,175821,5821,AMI Actual,NORMAL
CON000158,ACC0014,PREM0014,MTR0014,2025-10-21,2025-11-19,175440,180886,5446,AMI Actual,NORMAL
CON000159,ACC0014,PREM0014,MTR0014,2025-11-20,2025-12-19,180880,185679,4799,AMI Actual,NORMAL
CON000160,ACC0014,PREM0014,MTR0014,2025-12-20,2026-01-18,186320,191759,5439,AMI Actual,NORMAL
CON000161,ACC0014,PREM0014,MTR0014,2026-01-19,2026-02-17,191760,197067,5307,AMI Actual,NORMAL
CON000162,ACC0014,PREM0014,MTR0014,2026-02-18,2026-03-19,197200,202902,5702,AMI Actual,NORMAL
CON000163,ACC0014,PREM0014,MTR0014,2026-03-20,2026-04-18,202640,207686,5046,AMI Actual,NORMAL
CON000164,ACC0014,PREM0014,MTR0014,2026-04-19,2026-05-18,208080,213928,5848,AMI Actual,NORMAL
CON000165,ACC0014,PREM0014,MTR0014,2026-05-19,2026-06-17,213520,219436,5916,AMI Actual,NORMAL
CON000166,ACC0014,PREM0014,MTR0014,2026-06-18,2026-07-17,218960,224722,5762,AMI Actual,NORMAL
CON000167,ACC0014,PREM0014,MTR0014,2026-07-18,2026-08-16,224400,229470,5070,AMI Actual,NORMAL
CON000168,ACC0014,PREM0014,MTR0014,2026-08-17,2026-09-15,229840,235357,5517,AMI Actual,NORMAL
CON000169,ACC0015,PREM0015,MTR0015,2025-09-21,2025-10-20,175000,180548,5548,AMI Actual,NORMAL
CON000170,ACC0015,PREM0015,MTR0015,2025-10-21,2025-11-19,180750,186462,5712,AMI Actual,NORMAL
CON000171,ACC0015,PREM0015,MTR0015,2025-11-20,2025-12-19,186500,192810,6310,AMI Actual,NORMAL
CON000172,ACC0015,PREM0015,MTR0015,2025-12-20,2026-01-18,192250,198250,6000,AMI Actual,NORMAL
CON000173,ACC0015,PREM0015,MTR0015,2026-01-19,2026-02-17,198000,203617,5617,AMI Actual,NORMAL
CON000174,ACC0015,PREM0015,MTR0015,2026-02-18,2026-03-19,203750,210054,6304,AMI Actual,NORMAL
CON000175,ACC0015,PREM0015,MTR0015,2026-03-20,2026-04-18,209500,215177,5677,AMI Actual,NORMAL
CON000176,ACC0015,PREM0015,MTR0015,2026-04-19,2026-05-18,215250,220388,5138,AMI Actual,NORMAL
CON000177,ACC0015,PREM0015,MTR0015,2026-05-19,2026-06-17,221000,227297,6297,AMI Actual,NORMAL
CON000178,ACC0015,PREM0015,MTR0015,2026-06-18,2026-07-17,226750,232332,5582,AMI Actual,NORMAL
CON000179,ACC0015,PREM0015,MTR0015,2026-07-18,2026-08-16,232500,238200,5700,AMI Actual,NORMAL
CON000180,ACC0015,PREM0015,MTR0015,2026-08-17,2026-09-15,238250,243970,5720,AMI Actual,NORMAL
CON000181,ACC0016,PREM0016,MTR0016,2025-09-21,2025-10-20,180000,185685,5685,Actual,NORMAL
CON000182,ACC0016,PREM0016,MTR0016,2025-10-21,2025-11-19,186060,192251,6191,Actual,NORMAL
CON000183,ACC0016,PREM0016,MTR0016,2025-11-20,2025-12-19,192120,198037,5917,Actual,NORMAL
CON000184,ACC0016,PREM0016,MTR0016,2025-12-20,2026-01-18,198180,204594,6414,Actual,NORMAL
CON000185,ACC0016,PREM0016,MTR0016,2026-01-19,2026-02-17,204240,210505,6265,Actual,NORMAL
CON000186,ACC0016,PREM0016,MTR0016,2026-02-18,2026-03-19,210300,216021,5721,Actual,NORMAL
CON000187,ACC0016,PREM0016,MTR0016,2026-03-20,2026-04-18,216360,222126,5766,Actual,NORMAL
CON000188,ACC0016,PREM0016,MTR0016,2026-04-19,2026-05-18,222420,229059,6639,Actual,NORMAL
CON000189,ACC0016,PREM0016,MTR0016,2026-05-19,2026-06-17,228480,234659,6179,Actual,NORMAL
CON000190,ACC0016,PREM0016,MTR0016,2026-06-18,2026-07-17,234540,240105,5565,Actual,NORMAL
CON000191,ACC0016,PREM0016,MTR0016,2026-07-18,2026-08-16,240600,246946,6346,Actual,NORMAL
CON000192,ACC0016,PREM0016,MTR0016,2026-08-17,2026-09-15,246660,252028,5368,Actual,NORMAL
CON000193,ACC0017,PREM0017,MTR0017,2025-09-21,2025-10-20,185000,191100,6100,AMI Actual,NORMAL
CON000194,ACC0017,PREM0017,MTR0017,2025-10-21,2025-11-19,191370,197516,6146,AMI Actual,NORMAL
CON000195,ACC0017,PREM0017,MTR0017,2025-11-20,2025-12-19,197740,204360,6620,AMI Actual,NORMAL
CON000196,ACC0017,PREM0017,MTR0017,2025-12-20,2026-01-18,204110,210408,6298,AMI Actual,NORMAL
CON000197,ACC0017,PREM0017,MTR0017,2026-01-19,2026-02-17,210480,217021,6541,AMI Actual,NORMAL
CON000198,ACC0017,PREM0017,MTR0017,2026-02-18,2026-03-19,216850,223135,6285,AMI Actual,NORMAL
CON000199,ACC0017,PREM0017,MTR0017,2026-03-20,2026-04-18,223220,229476,6256,AMI Actual,NORMAL
CON000200,ACC0017,PREM0017,MTR0017,2026-04-19,2026-05-18,229590,235968,6378,AMI Actual,NORMAL
CON000201,ACC0017,PREM0017,MTR0017,2026-05-19,2026-06-17,235960,242896,6936,AMI Actual,NORMAL
CON000202,ACC0017,PREM0017,MTR0017,2026-06-18,2026-07-17,242330,248589,6259,AMI Actual,NORMAL
CON000203,ACC0017,PREM0017,MTR0017,2026-07-18,2026-08-16,248700,255792,7092,AMI Actual,NORMAL
CON000204,ACC0017,PREM0017,MTR0017,2026-08-17,2026-09-15,255070,261703,6633,AMI Actual,NORMAL
CON000205,ACC0018,PREM0018,MTR0018,2025-09-21,2025-10-20,190000,196549,6549,AMI Actual,NORMAL
CON000206,ACC0018,PREM0018,MTR0018,2025-10-21,2025-11-19,196680,202640,5960,AMI Actual,NORMAL
CON000207,ACC0018,PREM0018,MTR0018,2025-11-20,2025-12-19,203360,210201,6841,AMI Actual,NORMAL
CON000208,ACC0018,PREM0018,MTR0018,2025-12-20,2026-01-18,210040,216802,6762,AMI Actual,NORMAL
CON000209,ACC0018,PREM0018,MTR0018,2026-01-19,2026-02-17,216720,222772,6052,AMI Actual,NORMAL
CON000210,ACC0018,PREM0018,MTR0018,2026-02-18,2026-03-19,223400,230217,6817,AMI Actual,NORMAL
CON000211,ACC0018,PREM0018,MTR0018,2026-03-20,2026-04-18,230080,236423,6343,AMI Actual,NORMAL
CON000212,ACC0018,PREM0018,MTR0018,2026-04-19,2026-05-18,236760,242691,5931,AMI Actual,NORMAL
CON000213,ACC0018,PREM0018,MTR0018,2026-05-19,2026-06-17,243440,249846,6406,AMI Actual,NORMAL
CON000214,ACC0018,PREM0018,MTR0018,2026-06-18,2026-07-17,250120,256837,6717,AMI Actual,NORMAL
CON000215,ACC0018,PREM0018,MTR0018,2026-07-18,2026-08-16,256800,263821,7021,AMI Actual,NORMAL
CON000216,ACC0018,PREM0018,MTR0018,2026-08-17,2026-09-15,263480,270895,7415,AMI Actual,NORMAL
CON000217,ACC0019,PREM0019,MTR0019,2025-09-21,2025-10-20,195000,202469,7469,AMI Actual,NORMAL
CON000218,ACC0019,PREM0019,MTR0019,2025-10-21,2025-11-19,201990,209368,7378,AMI Actual,NORMAL
CON000219,ACC0019,PREM0019,MTR0019,2025-11-20,2025-12-19,208980,215477,6497,AMI Actual,NORMAL
CON000220,ACC0019,PREM0019,MTR0019,2025-12-20,2026-01-18,215970,223651,7681,AMI Actual,NORMAL
CON000221,ACC0019,PREM0019,MTR0019,2026-01-19,2026-02-17,222960,230378,7418,AMI Actual,NORMAL
CON000222,ACC0019,PREM0019,MTR0019,2026-02-18,2026-03-19,229950,237261,7311,AMI Actual,NORMAL
CON000223,ACC0019,PREM0019,MTR0019,2026-03-20,2026-04-18,236940,244741,7801,AMI Actual,NORMAL
CON000224,ACC0019,PREM0019,MTR0019,2026-04-19,2026-05-18,243930,250101,6171,AMI Actual,NORMAL
CON000225,ACC0019,PREM0019,MTR0019,2026-05-19,2026-06-17,250920,258485,7565,AMI Actual,NORMAL
CON000226,ACC0019,PREM0019,MTR0019,2026-06-18,2026-07-17,257910,264419,6509,AMI Actual,NORMAL
CON000227,ACC0019,PREM0019,MTR0019,2026-07-18,2026-08-16,264900,271434,6534,AMI Actual,NORMAL
CON000228,ACC0019,PREM0019,MTR0019,2026-08-17,2026-09-15,271890,279667,7777,AMI Actual,NORMAL
CON000229,ACC0020,PREM0020,MTR0020,2025-09-21,2025-10-20,200000,204423,4423,Actual,NORMAL
CON000230,ACC0020,PREM0020,MTR0020,2025-10-21,2025-11-19,204200,208323,4123,Actual,NORMAL
CON000231,ACC0020,PREM0020,MTR0020,2025-11-20,2025-12-19,208400,212317,3917,Actual,NORMAL
CON000232,ACC0020,PREM0020,MTR0020,2025-12-20,2026-01-18,212600,217006,4406,Actual,NORMAL
CON000233,ACC0020,PREM0020,MTR0020,2026-01-19,2026-02-17,216800,220605,3805,Actual,NORMAL
CON000234,ACC0020,PREM0020,MTR0020,2026-02-18,2026-03-19,221000,225249,4249,Actual,NORMAL
CON000235,ACC0020,PREM0020,MTR0020,2026-03-20,2026-04-18,225200,229839,4639,Actual,NORMAL
CON000236,ACC0020,PREM0020,MTR0020,2026-04-19,2026-05-18,229400,234033,4633,Actual,NORMAL
CON000237,ACC0020,PREM0020,MTR0020,2026-05-19,2026-06-17,233600,238253,4653,Actual,NORMAL
CON000238,ACC0020,PREM0020,MTR0020,2026-06-18,2026-07-17,237800,241531,3731,Actual,NORMAL
CON000239,ACC0020,PREM0020,MTR0020,2026-07-18,2026-08-16,242000,245725,3725,Actual,NORMAL
CON000240,ACC0020,PREM0020,MTR0020,2026-08-17,2026-09-15,246200,250222,4022,Actual,NORMAL
CON000241,ACC0021,PREM0021,MTR0021,2025-09-21,2025-10-20,205000,209098,4098,AMI Actual,NORMAL
CON000242,ACC0021,PREM0021,MTR0021,2025-10-21,2025-11-19,209510,213534,4024,AMI Actual,NORMAL
CON000243,ACC0021,PREM0021,MTR0021,2025-11-20,2025-12-19,214020,218482,4462,AMI Actual,NORMAL
CON000244,ACC0021,PREM0021,MTR0021,2025-12-20,2026-01-18,218530,222935,4405,AMI Actual,NORMAL
CON000245,ACC0021,PREM0021,MTR0021,2026-01-19,2026-02-17,223040,227215,4175,AMI Actual,NORMAL
CON000246,ACC0021,PREM0021,MTR0021,2026-02-18,2026-03-19,227550,232589,5039,AMI Actual,NORMAL
CON000247,ACC0021,PREM0021,MTR0021,2026-03-20,2026-04-18,232060,236857,4797,AMI Actual,NORMAL
CON000248,ACC0021,PREM0021,MTR0021,2026-04-19,2026-05-18,236570,241099,4529,AMI Actual,NORMAL
CON000249,ACC0021,PREM0021,MTR0021,2026-05-19,2026-06-17,241080,245362,4282,AMI Actual,NORMAL
CON000250,ACC0021,PREM0021,MTR0021,2026-06-18,2026-07-17,245590,250457,4867,AMI Actual,NORMAL
CON000251,ACC0021,PREM0021,MTR0021,2026-07-18,2026-08-16,250100,254797,4697,AMI Actual,NORMAL
CON000252,ACC0021,PREM0021,MTR0021,2026-08-17,2026-09-15,254610,259154,4544,AMI Actual,NORMAL
CON000253,ACC0022,PREM0022,MTR0022,2025-09-21,2025-10-20,210000,214645,4645,AMI Actual,NORMAL
CON000254,ACC0022,PREM0022,MTR0022,2025-10-21,2025-11-19,214820,219972,5152,AMI Actual,NORMAL
CON000255,ACC0022,PREM0022,MTR0022,2025-11-20,2025-12-19,219640,224029,4389,AMI Actual,NORMAL
CON000256,ACC0022,PREM0022,MTR0022,2025-12-20,2026-01-18,224460,229640,5180,AMI Actual,NORMAL
CON000257,ACC0022,PREM0022,MTR0022,2026-01-19,2026-02-17,229280,234174,4894,AMI Actual,NORMAL
CON000258,ACC0022,PREM0022,MTR0022,2026-02-18,2026-03-19,234100,238662,4562,AMI Actual,NORMAL
CON000259,ACC0022,PREM0022,MTR0022,2026-03-20,2026-04-18,238920,243694,4774,AMI Actual,NORMAL
CON000260,ACC0022,PREM0022,MTR0022,2026-04-19,2026-05-18,243740,248471,4731,AMI Actual,NORMAL
CON000261,ACC0022,PREM0022,MTR0022,2026-05-19,2026-06-17,248560,253567,5007,AMI Actual,NORMAL
CON000262,ACC0022,PREM0022,MTR0022,2026-06-18,2026-07-17,253380,257870,4490,AMI Actual,NORMAL
CON000263,ACC0022,PREM0022,MTR0022,2026-07-18,2026-08-16,258200,263569,5369,AMI Actual,NORMAL
CON000264,ACC0022,PREM0022,MTR0022,2026-08-17,2026-09-15,263020,267373,4353,AMI Actual,NORMAL
CON000265,ACC0023,PREM0023,MTR0023,2025-09-21,2025-10-20,215000,219736,4736,AMI Actual,NORMAL
CON000266,ACC0023,PREM0023,MTR0023,2025-10-21,2025-11-19,220130,224750,4620,AMI Actual,NORMAL
CON000267,ACC0023,PREM0023,MTR0023,2025-11-20,2025-12-19,225260,230010,4750,AMI Actual,NORMAL
CON000268,ACC0023,PREM0023,MTR0023,2025-12-20,2026-01-18,230390,235123,4733,AMI Actual,NORMAL
CON000269,ACC0023,PREM0023,MTR0023,2026-01-19,2026-02-17,235520,240099,4579,AMI Actual,NORMAL
CON000270,ACC0023,PREM0023,MTR0023,2026-02-18,2026-03-19,240650,246333,5683,AMI Actual,NORMAL
CON000271,ACC0023,PREM0023,MTR0023,2026-03-20,2026-04-18,245780,251364,5584,AMI Actual,NORMAL
CON000272,ACC0023,PREM0023,MTR0023,2026-04-19,2026-05-18,250910,256534,5624,AMI Actual,NORMAL
CON000273,ACC0023,PREM0023,MTR0023,2026-05-19,2026-06-17,256040,261329,5289,AMI Actual,NORMAL
CON000274,ACC0023,PREM0023,MTR0023,2026-06-18,2026-07-17,261170,266200,5030,AMI Actual,NORMAL
CON000275,ACC0023,PREM0023,MTR0023,2026-07-18,2026-08-16,266300,271112,4812,AMI Actual,NORMAL
CON000276,ACC0023,PREM0023,MTR0023,2026-08-17,2026-09-15,271430,276466,5036,AMI Actual,NORMAL
CON000277,ACC0024,PREM0024,MTR0024,2025-09-21,2025-10-20,220000,225988,5988,Actual,NORMAL
CON000278,ACC0024,PREM0024,MTR0024,2025-10-21,2025-11-19,225440,230541,5101,Actual,NORMAL
CON000279,ACC0024,PREM0024,MTR0024,2025-11-20,2025-12-19,230880,236378,5498,Actual,NORMAL
CON000280,ACC0024,PREM0024,MTR0024,2025-12-20,2026-01-18,236320,241574,5254,Actual,NORMAL
CON000281,ACC0024,PREM0024,MTR0024,2026-01-19,2026-02-17,241760,246829,5069,Actual,NORMAL
CON000282,ACC0024,PREM0024,MTR0024,2026-02-18,2026-03-19,247200,252064,4864,Actual,NORMAL
CON000283,ACC0024,PREM0024,MTR0024,2026-03-20,2026-04-18,252640,258212,5572,Actual,NORMAL
CON000284,ACC0024,PREM0024,MTR0024,2026-04-19,2026-05-18,258080,262895,4815,Actual,NORMAL
CON000285,ACC0024,PREM0024,MTR0024,2026-05-19,2026-06-17,263520,268566,5046,Actual,NORMAL
CON000286,ACC0024,PREM0024,MTR0024,2026-06-18,2026-07-17,268960,274946,5986,Actual,NORMAL
CON000287,ACC0024,PREM0024,MTR0024,2026-07-18,2026-08-16,274400,279302,4902,Actual,NORMAL
CON000288,ACC0024,PREM0024,MTR0024,2026-08-17,2026-09-15,279840,285317,5477,Actual,NORMAL
CON000289,ACC0025,PREM0025,MTR0025,2025-09-21,2025-10-20,225000,230539,5539,AMI Actual,NORMAL
CON000290,ACC0025,PREM0025,MTR0025,2025-10-21,2025-11-19,230750,235848,5098,AMI Actual,NORMAL
CON000291,ACC0025,PREM0025,MTR0025,2025-11-20,2025-12-19,236500,242032,5532,AMI Actual,NORMAL
CON000292,ACC0025,PREM0025,MTR0025,2025-12-20,2026-01-18,242250,247902,5652,AMI Actual,NORMAL
CON000293,ACC0025,PREM0025,MTR0025,2026-01-19,2026-02-17,248000,253759,5759,AMI Actual,NORMAL
CON000294,ACC0025,PREM0025,MTR0025,2026-02-18,2026-03-19,253750,259791,6041,AMI Actual,NORMAL
CON000295,ACC0025,PREM0025,MTR0025,2026-03-20,2026-04-18,259500,265128,5628,AMI Actual,NORMAL
CON000296,ACC0025,PREM0025,MTR0025,2026-04-19,2026-05-18,265250,271000,5750,AMI Actual,NORMAL
CON000297,ACC0025,PREM0025,MTR0025,2026-05-19,2026-06-17,271000,277377,6377,AMI Actual,NORMAL
CON000298,ACC0025,PREM0025,MTR0025,2026-06-18,2026-07-17,276750,281836,5086,AMI Actual,NORMAL
CON000299,ACC0025,PREM0025,MTR0025,2026-07-18,2026-08-16,282500,288274,5774,AMI Actual,NORMAL
CON000300,ACC0025,PREM0025,MTR0025,2026-08-17,2026-09-15,288250,294131,5881,AMI Actual,NORMAL
CON000301,ACC0026,PREM0026,MTR0026,2025-09-21,2025-10-20,230000,235853,5853,AMI Actual,NORMAL
CON000302,ACC0026,PREM0026,MTR0026,2025-10-21,2025-11-19,236060,242346,6286,AMI Actual,NORMAL
CON000303,ACC0026,PREM0026,MTR0026,2025-11-20,2025-12-19,242120,248232,6112,AMI Actual,NORMAL
CON000304,ACC0026,PREM0026,MTR0026,2025-12-20,2026-01-18,248180,254152,5972,AMI Actual,NORMAL
CON000305,ACC0026,PREM0026,MTR0026,2026-01-19,2026-02-17,254240,260703,6463,AMI Actual,NORMAL
CON000306,ACC0026,PREM0026,MTR0026,2026-02-18,2026-03-19,260300,266904,6604,AMI Actual,NORMAL
CON000307,ACC0026,PREM0026,MTR0026,2026-03-20,2026-04-18,266360,272418,6058,AMI Actual,NORMAL
CON000308,ACC0026,PREM0026,MTR0026,2026-04-19,2026-05-18,272420,279123,6703,AMI Actual,NORMAL
CON000309,ACC0026,PREM0026,MTR0026,2026-05-19,2026-06-17,278480,285039,6559,AMI Actual,NORMAL
CON000310,ACC0026,PREM0026,MTR0026,2026-06-18,2026-07-17,284540,290018,5478,AMI Actual,NORMAL
CON000311,ACC0026,PREM0026,MTR0026,2026-07-18,2026-08-16,290600,296530,5930,AMI Actual,NORMAL
CON000312,ACC0026,PREM0026,MTR0026,2026-08-17,2026-09-15,296660,302492,5832,AMI Actual,NORMAL
CON000313,ACC0027,PREM0027,MTR0027,2025-09-21,2025-10-20,235000,241208,6208,AMI Actual,NORMAL
CON000314,ACC0027,PREM0027,MTR0027,2025-10-21,2025-11-19,241370,247141,5771,AMI Actual,NORMAL
CON000315,ACC0027,PREM0027,MTR0027,2025-11-20,2025-12-19,247740,253632,5892,AMI Actual,NORMAL
CON000316,ACC0027,PREM0027,MTR0027,2025-12-20,2026-01-18,254110,259951,5841,AMI Actual,NORMAL
CON000317,ACC0027,PREM0027,MTR0027,2026-01-19,2026-02-17,260480,267159,6679,AMI Actual,NORMAL
CON000318,ACC0027,PREM0027,MTR0027,2026-02-18,2026-03-19,266850,272793,5943,AMI Actual,NORMAL
CON000319,ACC0027,PREM0027,MTR0027,2026-03-20,2026-04-18,273220,280088,6868,AMI Actual,NORMAL
CON000320,ACC0027,PREM0027,MTR0027,2026-04-19,2026-05-18,279590,285321,5731,AMI Actual,NORMAL
CON000321,ACC0027,PREM0027,MTR0027,2026-05-19,2026-06-17,285960,292289,6329,AMI Actual,NORMAL
CON000322,ACC0027,PREM0027,MTR0027,2026-06-18,2026-07-17,292330,298516,6186,AMI Actual,NORMAL
CON000323,ACC0027,PREM0027,MTR0027,2026-07-18,2026-08-16,298700,305629,6929,AMI Actual,NORMAL
CON000324,ACC0027,PREM0027,MTR0027,2026-08-17,2026-09-15,305070,312049,6979,AMI Actual,NORMAL
CON000325,ACC0028,PREM0028,MTR0028,2025-09-21,2025-10-20,240000,246549,6549,Actual,NORMAL
CON000326,ACC0028,PREM0028,MTR0028,2025-10-21,2025-11-19,246680,252962,6282,Actual,NORMAL
CON000327,ACC0028,PREM0028,MTR0028,2025-11-20,2025-12-19,253360,260022,6662,Actual,NORMAL
CON000328,ACC0028,PREM0028,MTR0028,2025-12-20,2026-01-18,260040,267456,7416,Actual,NORMAL
CON000329,ACC0028,PREM0028,MTR0028,2026-01-19,2026-02-17,266720,273378,6658,Actual,NORMAL
CON000330,ACC0028,PREM0028,MTR0028,2026-02-18,2026-03-19,273400,279530,6130,Actual,NORMAL
CON000331,ACC0028,PREM0028,MTR0028,2026-03-20,2026-04-18,280080,286669,6589,Actual,NORMAL
CON000332,ACC0028,PREM0028,MTR0028,2026-04-19,2026-05-18,286760,292899,6139,Actual,NORMAL
CON000333,ACC0028,PREM0028,MTR0028,2026-05-19,2026-06-17,293440,299854,6414,Actual,NORMAL
CON000334,ACC0028,PREM0028,MTR0028,2026-06-18,2026-07-17,300120,307430,7310,Actual,NORMAL
CON000335,ACC0028,PREM0028,MTR0028,2026-07-18,2026-08-16,306800,312865,6065,Actual,NORMAL
CON000336,ACC0028,PREM0028,MTR0028,2026-08-17,2026-09-15,313480,319608,6128,Actual,NORMAL
CON000337,ACC0029,PREM0029,MTR0029,2025-09-21,2025-10-20,245000,251928,6928,AMI Actual,NORMAL
CON000338,ACC0029,PREM0029,MTR0029,2025-10-21,2025-11-19,251990,259181,7191,AMI Actual,NORMAL
CON000339,ACC0029,PREM0029,MTR0029,2025-11-20,2025-12-19,258980,266760,7780,AMI Actual,NORMAL
CON000340,ACC0029,PREM0029,MTR0029,2025-12-20,2026-01-18,265970,272867,6897,AMI Actual,NORMAL
CON000341,ACC0029,PREM0029,MTR0029,2026-01-19,2026-02-17,272960,280193,7233,AMI Actual,NORMAL
CON000342,ACC0029,PREM0029,MTR0029,2026-02-18,2026-03-19,279950,287444,7494,AMI Actual,NORMAL
CON000343,ACC0029,PREM0029,MTR0029,2026-03-20,2026-04-18,286940,294148,7208,AMI Actual,NORMAL
CON000344,ACC0029,PREM0029,MTR0029,2026-04-19,2026-05-18,293930,300460,6530,AMI Actual,NORMAL
CON000345,ACC0029,PREM0029,MTR0029,2026-05-19,2026-06-17,300920,308687,7767,AMI Actual,NORMAL
CON000346,ACC0029,PREM0029,MTR0029,2026-06-18,2026-07-17,307910,315668,7758,AMI Actual,NORMAL
CON000347,ACC0029,PREM0029,MTR0029,2026-07-18,2026-08-16,314900,321211,6311,AMI Actual,NORMAL
CON000348,ACC0029,PREM0029,MTR0029,2026-08-17,2026-09-15,321890,329330,7440,AMI Actual,NORMAL
CON000349,ACC0030,PREM0030,MTR0030,2025-09-21,2025-10-20,250000,253869,3869,AMI Actual,NORMAL
CON000350,ACC0030,PREM0030,MTR0030,2025-10-21,2025-11-19,254200,258482,4282,AMI Actual,NORMAL
CON000351,ACC0030,PREM0030,MTR0030,2025-11-20,2025-12-19,258400,262538,4138,AMI Actual,NORMAL
CON000352,ACC0030,PREM0030,MTR0030,2025-12-20,2026-01-18,262600,266409,3809,AMI Actual,NORMAL
CON000353,ACC0030,PREM0030,MTR0030,2026-01-19,2026-02-17,266800,270586,3786,AMI Actual,NORMAL
CON000354,ACC0030,PREM0030,MTR0030,2026-02-18,2026-03-19,271000,274791,3791,AMI Actual,NORMAL
CON000355,ACC0030,PREM0030,MTR0030,2026-03-20,2026-04-18,275200,279829,4629,AMI Actual,NORMAL
CON000356,ACC0030,PREM0030,MTR0030,2026-04-19,2026-05-18,279400,283145,3745,AMI Actual,NORMAL
CON000357,ACC0030,PREM0030,MTR0030,2026-05-19,2026-06-17,283600,288074,4474,AMI Actual,NORMAL
CON000358,ACC0030,PREM0030,MTR0030,2026-06-18,2026-07-17,287800,292020,4220,AMI Actual,NORMAL
CON000359,ACC0030,PREM0030,MTR0030,2026-07-18,2026-08-16,292000,296158,4158,AMI Actual,NORMAL
CON000360,ACC0030,PREM0030,MTR0030,2026-08-17,2026-09-15,296200,300614,4414,AMI Actual,NORMAL
CON000361,ACC0031,PREM0031,MTR0031,2025-09-21,2025-10-20,255000,259318,4318,AMI Actual,NORMAL
CON000362,ACC0031,PREM0031,MTR0031,2025-10-21,2025-11-19,259510,264379,4869,AMI Actual,NORMAL
CON000363,ACC0031,PREM0031,MTR0031,2025-11-20,2025-12-19,264020,268287,4267,AMI Actual,NORMAL
CON000364,ACC0031,PREM0031,MTR0031,2025-12-20,2026-01-18,268530,272926,4396,AMI Actual,NORMAL
CON000365,ACC0031,PREM0031,MTR0031,2026-01-19,2026-02-17,273040,277654,4614,AMI Actual,NORMAL
CON000366,ACC0031,PREM0031,MTR0031,2026-02-18,2026-03-19,277550,281708,4158,AMI Actual,NORMAL
CON000367,ACC0031,PREM0031,MTR0031,2026-03-20,2026-04-18,282060,286161,4101,AMI Actual,NORMAL
CON000368,ACC0031,PREM0031,MTR0031,2026-04-19,2026-05-18,286570,291525,4955,AMI Actual,NORMAL
CON000369,ACC0031,PREM0031,MTR0031,2026-05-19,2026-06-17,291080,295714,4634,AMI Actual,NORMAL
CON000370,ACC0031,PREM0031,MTR0031,2026-06-18,2026-07-17,295590,300277,4687,AMI Actual,NORMAL
CON000371,ACC0031,PREM0031,MTR0031,2026-07-18,2026-08-16,300100,304968,4868,AMI Actual,NORMAL
CON000372,ACC0031,PREM0031,MTR0031,2026-08-17,2026-09-15,304610,308923,4313,AMI Actual,NORMAL
CON000373,ACC0032,PREM0032,MTR0032,2025-09-21,2025-10-20,260000,265048,5048,Actual,NORMAL
CON000374,ACC0032,PREM0032,MTR0032,2025-10-21,2025-11-19,264820,269392,4572,Actual,NORMAL
CON000375,ACC0032,PREM0032,MTR0032,2025-11-20,2025-12-19,269640,274051,4411,Actual,NORMAL
CON000376,ACC0032,PREM0032,MTR0032,2025-12-20,2026-01-18,274460,279068,4608,Actual,NORMAL
CON000377,ACC0032,PREM0032,MTR0032,2026-01-19,2026-02-17,279280,283921,4641,Actual,NORMAL
CON000378,ACC0032,PREM0032,MTR0032,2026-02-18,2026-03-19,284100,288562,4462,Actual,NORMAL
CON000379,ACC0032,PREM0032,MTR0032,2026-03-20,2026-04-18,288920,293371,4451,Actual,NORMAL
CON000380,ACC0032,PREM0032,MTR0032,2026-04-19,2026-05-18,293740,298893,5153,Actual,NORMAL
CON000381,ACC0032,PREM0032,MTR0032,2026-05-19,2026-06-17,298560,302923,4363,Actual,NORMAL
CON000382,ACC0032,PREM0032,MTR0032,2026-06-18,2026-07-17,303380,307890,4510,Actual,NORMAL
CON000383,ACC0032,PREM0032,MTR0032,2026-07-18,2026-08-16,308200,312698,4498,Actual,NORMAL
CON000384,ACC0032,PREM0032,MTR0032,2026-08-17,2026-09-15,313020,317285,4265,Actual,NORMAL
CON000385,ACC0033,PREM0033,MTR0033,2025-09-21,2025-10-20,265000,269915,4915,AMI Actual,NORMAL
CON000386,ACC0033,PREM0033,MTR0033,2025-10-21,2025-11-19,270130,274881,4751,AMI Actual,NORMAL
CON000387,ACC0033,PREM0033,MTR0033,2025-11-20,2025-12-19,275260,280452,5192,AMI Actual,NORMAL
CON000388,ACC0033,PREM0033,MTR0033,2025-12-20,2026-01-18,280390,284954,4564,AMI Actual,NORMAL
CON000389,ACC0033,PREM0033,MTR0033,2026-01-19,2026-02-17,285520,290488,4968,AMI Actual,NORMAL
CON000390,ACC0033,PREM0033,MTR0033,2026-02-18,2026-03-19,290650,295911,5261,AMI Actual,NORMAL
CON000391,ACC0033,PREM0033,MTR0033,2026-03-20,2026-04-18,295780,300621,4841,AMI Actual,NORMAL
CON000392,ACC0033,PREM0033,MTR0033,2026-04-19,2026-05-18,300910,305458,4548,AMI Actual,NORMAL
CON000393,ACC0033,PREM0033,MTR0033,2026-05-19,2026-06-17,306040,311380,5340,AMI Actual,NORMAL
CON000394,ACC0033,PREM0033,MTR0033,2026-06-18,2026-07-17,311170,316150,4980,AMI Actual,NORMAL
CON000395,ACC0033,PREM0033,MTR0033,2026-07-18,2026-08-16,316300,321080,4780,AMI Actual,NORMAL
CON000396,ACC0033,PREM0033,MTR0033,2026-08-17,2026-09-15,321430,326598,5168,AMI Actual,NORMAL
CON000397,ACC0034,PREM0034,MTR0034,2025-09-21,2025-10-20,270000,275235,5235,AMI Actual,NORMAL
CON000398,ACC0034,PREM0034,MTR0034,2025-10-21,2025-11-19,275440,280261,4821,AMI Actual,NORMAL
CON000399,ACC0034,PREM0034,MTR0034,2025-11-20,2025-12-19,280880,286559,5679,AMI Actual,NORMAL
CON000400,ACC0034,PREM0034,MTR0034,2025-12-20,2026-01-18,286320,292367,6047,AMI Actual,NORMAL
CON000401,ACC0034,PREM0034,MTR0034,2026-01-19,2026-02-17,291760,297834,6074,AMI Actual,NORMAL
CON000402,ACC0034,PREM0034,MTR0034,2026-02-18,2026-03-19,297200,302976,5776,AMI Actual,NORMAL
CON000403,ACC0034,PREM0034,MTR0034,2026-03-20,2026-04-18,302640,307802,5162,AMI Actual,NORMAL
CON000404,ACC0034,PREM0034,MTR0034,2026-04-19,2026-05-18,308080,313550,5470,AMI Actual,NORMAL
CON000405,ACC0034,PREM0034,MTR0034,2026-05-19,2026-06-17,313520,318684,5164,AMI Actual,NORMAL
CON000406,ACC0034,PREM0034,MTR0034,2026-06-18,2026-07-17,318960,324201,5241,AMI Actual,NORMAL
CON000407,ACC0034,PREM0034,MTR0034,2026-07-18,2026-08-16,324400,329647,5247,AMI Actual,NORMAL
CON000408,ACC0034,PREM0034,MTR0034,2026-08-17,2026-09-15,329840,334641,4801,AMI Actual,NORMAL
CON000409,ACC0035,PREM0035,MTR0035,2025-09-21,2025-10-20,275000,281065,6065,AMI Actual,NORMAL
CON000410,ACC0035,PREM0035,MTR0035,2025-10-21,2025-11-19,280750,285951,5201,AMI Actual,NORMAL
CON000411,ACC0035,PREM0035,MTR0035,2025-11-20,2025-12-19,286500,292671,6171,AMI Actual,NORMAL
CON000412,ACC0035,PREM0035,MTR0035,2025-12-20,2026-01-18,292250,298510,6260,AMI Actual,NORMAL
CON000413,ACC0035,PREM0035,MTR0035,2026-01-19,2026-02-17,298000,304431,6431,AMI Actual,NORMAL
CON000414,ACC0035,PREM0035,MTR0035,2026-02-18,2026-03-19,303750,310189,6439,AMI Actual,NORMAL
CON000415,ACC0035,PREM0035,MTR0035,2026-03-20,2026-04-18,309500,314830,5330,AMI Actual,NORMAL
CON000416,ACC0035,PREM0035,MTR0035,2026-04-19,2026-05-18,315250,321386,6136,AMI Actual,NORMAL
CON000417,ACC0035,PREM0035,MTR0035,2026-05-19,2026-06-17,321000,327107,6107,AMI Actual,NORMAL
CON000418,ACC0035,PREM0035,MTR0035,2026-06-18,2026-07-17,326750,333189,6439,AMI Actual,NORMAL
CON000419,ACC0035,PREM0035,MTR0035,2026-07-18,2026-08-16,332500,338518,6018,AMI Actual,NORMAL
CON000420,ACC0035,PREM0035,MTR0035,2026-08-17,2026-09-15,338250,344286,6036,AMI Actual,NORMAL
CON000421,ACC0036,PREM0036,MTR0036,2025-09-21,2025-10-20,280000,285412,5412,Actual,NORMAL
CON000422,ACC0036,PREM0036,MTR0036,2025-10-21,2025-11-19,286060,291569,5509,Actual,NORMAL
CON000423,ACC0036,PREM0036,MTR0036,2025-11-20,2025-12-19,292120,298781,6661,Actual,NORMAL
CON000424,ACC0036,PREM0036,MTR0036,2025-12-20,2026-01-18,298180,304780,6600,Actual,NORMAL
CON000425,ACC0036,PREM0036,MTR0036,2026-01-19,2026-02-17,304240,310608,6368,Actual,NORMAL
CON000426,ACC0036,PREM0036,MTR0036,2026-02-18,2026-03-19,310300,317080,6780,Actual,NORMAL
CON000427,ACC0036,PREM0036,MTR0036,2026-03-20,2026-04-18,316360,322307,5947,Actual,NORMAL
CON000428,ACC0036,PREM0036,MTR0036,2026-04-19,2026-05-18,322420,329137,6717,Actual,NORMAL
CON000429,ACC0036,PREM0036,MTR0036,2026-05-19,2026-06-17,328480,334203,5723,Actual,NORMAL
CON000430,ACC0036,PREM0036,MTR0036,2026-06-18,2026-07-17,334540,340628,6088,Actual,NORMAL
CON000431,ACC0036,PREM0036,MTR0036,2026-07-18,2026-08-16,340600,346765,6165,Actual,NORMAL
CON000432,ACC0036,PREM0036,MTR0036,2026-08-17,2026-09-15,346660,352567,5907,Actual,NORMAL
CON000433,ACC0037,PREM0037,MTR0037,2025-09-21,2025-10-20,285000,291044,6044,AMI Actual,NORMAL
CON000434,ACC0037,PREM0037,MTR0037,2025-10-21,2025-11-19,291370,297155,5785,AMI Actual,NORMAL
CON000435,ACC0037,PREM0037,MTR0037,2025-11-20,2025-12-19,297740,304132,6392,AMI Actual,NORMAL
CON000436,ACC0037,PREM0037,MTR0037,2025-12-20,2026-01-18,304110,309932,5822,AMI Actual,NORMAL
CON000437,ACC0037,PREM0037,MTR0037,2026-01-19,2026-02-17,310480,317429,6949,AMI Actual,NORMAL
CON000438,ACC0037,PREM0037,MTR0037,2026-02-18,2026-03-19,316850,322931,6081,AMI Actual,NORMAL
CON000439,ACC0037,PREM0037,MTR0037,2026-03-20,2026-04-18,323220,329806,6586,AMI Actual,NORMAL
CON000440,ACC0037,PREM0037,MTR0037,2026-04-19,2026-05-18,329590,336007,6417,AMI Actual,NORMAL
CON000441,ACC0037,PREM0037,MTR0037,2026-05-19,2026-06-17,335960,343004,7044,AMI Actual,NORMAL
CON000442,ACC0037,PREM0037,MTR0037,2026-06-18,2026-07-17,342330,348479,6149,AMI Actual,NORMAL
CON000443,ACC0037,PREM0037,MTR0037,2026-07-18,2026-08-16,348700,355058,6358,AMI Actual,NORMAL
CON000444,ACC0037,PREM0037,MTR0037,2026-08-17,2026-09-15,355070,361686,6616,AMI Actual,NORMAL
CON000445,ACC0038,PREM0038,MTR0038,2025-09-21,2025-10-20,290000,296998,6998,AMI Actual,NORMAL
CON000446,ACC0038,PREM0038,MTR0038,2025-10-21,2025-11-19,296680,302565,5885,AMI Actual,NORMAL
CON000447,ACC0038,PREM0038,MTR0038,2025-11-20,2025-12-19,303360,310816,7456,AMI Actual,NORMAL
CON000448,ACC0038,PREM0038,MTR0038,2025-12-20,2026-01-18,310040,316717,6677,AMI Actual,NORMAL
CON000449,ACC0038,PREM0038,MTR0038,2026-01-19,2026-02-17,316720,323852,7132,AMI Actual,NORMAL
CON000450,ACC0038,PREM0038,MTR0038,2026-02-18,2026-03-19,323400,329446,6046,AMI Actual,NORMAL
CON000451,ACC0038,PREM0038,MTR0038,2026-03-20,2026-04-18,330080,337228,7148,AMI Actual,NORMAL
CON000452,ACC0038,PREM0038,MTR0038,2026-04-19,2026-05-18,336760,343401,6641,AMI Actual,NORMAL
CON000453,ACC0038,PREM0038,MTR0038,2026-05-19,2026-06-17,343440,349388,5948,AMI Actual,NORMAL
CON000454,ACC0038,PREM0038,MTR0038,2026-06-18,2026-07-17,350120,357173,7053,AMI Actual,NORMAL
CON000455,ACC0038,PREM0038,MTR0038,2026-07-18,2026-08-16,356800,363971,7171,AMI Actual,NORMAL
CON000456,ACC0038,PREM0038,MTR0038,2026-08-17,2026-09-15,363480,370942,7462,AMI Actual,NORMAL
CON000457,ACC0039,PREM0039,MTR0039,2025-09-21,2025-10-20,295000,302198,7198,AMI Actual,NORMAL
CON000458,ACC0039,PREM0039,MTR0039,2025-10-21,2025-11-19,301990,309653,7663,AMI Actual,NORMAL
CON000459,ACC0039,PREM0039,MTR0039,2025-11-20,2025-12-19,308980,315384,6404,AMI Actual,NORMAL
CON000460,ACC0039,PREM0039,MTR0039,2025-12-20,2026-01-18,315970,322834,6864,AMI Actual,NORMAL
CON000461,ACC0039,PREM0039,MTR0039,2026-01-19,2026-02-17,322960,330564,7604,AMI Actual,NORMAL
CON000462,ACC0039,PREM0039,MTR0039,2026-02-18,2026-03-19,329950,337603,7653,AMI Actual,NORMAL
CON000463,ACC0039,PREM0039,MTR0039,2026-03-20,2026-04-18,336940,343590,6650,AMI Actual,NORMAL
CON000464,ACC0039,PREM0039,MTR0039,2026-04-19,2026-05-18,343930,351573,7643,AMI Actual,NORMAL
CON000465,ACC0039,PREM0039,MTR0039,2026-05-19,2026-06-17,350920,358093,7173,AMI Actual,NORMAL
CON000466,ACC0039,PREM0039,MTR0039,2026-06-18,2026-07-17,357910,365255,7345,AMI Actual,NORMAL
CON000467,ACC0039,PREM0039,MTR0039,2026-07-18,2026-08-16,364900,371351,6451,AMI Actual,NORMAL
CON000468,ACC0039,PREM0039,MTR0039,2026-08-17,2026-09-15,371890,378861,6971,AMI Actual,NORMAL
CON000469,ACC0040,PREM0040,MTR0040,2025-09-21,2025-10-20,300000,304454,4454,Actual,NORMAL
CON000470,ACC0040,PREM0040,MTR0040,2025-10-21,2025-11-19,304200,308011,3811,Actual,NORMAL
CON000471,ACC0040,PREM0040,MTR0040,2025-11-20,2025-12-19,308400,312158,3758,Actual,NORMAL
CON000472,ACC0040,PREM0040,MTR0040,2025-12-20,2026-01-18,312600,316573,3973,Actual,NORMAL
CON000473,ACC0040,PREM0040,MTR0040,2026-01-19,2026-02-17,316800,320562,3762,Actual,NORMAL
CON000474,ACC0040,PREM0040,MTR0040,2026-02-18,2026-03-19,321000,324860,3860,Actual,NORMAL
CON000475,ACC0040,PREM0040,MTR0040,2026-03-20,2026-04-18,325200,329313,4113,Actual,NORMAL
CON000476,ACC0040,PREM0040,MTR0040,2026-04-19,2026-05-18,329400,333352,3952,Actual,NORMAL
CON000477,ACC0040,PREM0040,MTR0040,2026-05-19,2026-06-17,333600,337871,4271,Actual,NORMAL
CON000478,ACC0040,PREM0040,MTR0040,2026-06-18,2026-07-17,337800,341968,4168,Actual,NORMAL
CON000479,ACC0040,PREM0040,MTR0040,2026-07-18,2026-08-16,342000,346265,4265,Actual,NORMAL
CON000480,ACC0040,PREM0040,MTR0040,2026-08-17,2026-09-15,346200,350757,4557,Actual,NORMAL
CON000481,ACC0041,PREM0041,MTR0041,2025-09-21,2025-10-20,305000,309466,4466,AMI Actual,NORMAL
CON000482,ACC0041,PREM0041,MTR0041,2025-10-21,2025-11-19,309510,314520,5010,AMI Actual,NORMAL
CON000483,ACC0041,PREM0041,MTR0041,2025-11-20,2025-12-19,314020,318905,4885,AMI Actual,NORMAL
CON000484,ACC0041,PREM0041,MTR0041,2025-12-20,2026-01-18,318530,322989,4459,AMI Actual,NORMAL
CON000485,ACC0041,PREM0041,MTR0041,2026-01-19,2026-02-17,323040,327469,4429,AMI Actual,NORMAL
CON000486,ACC0041,PREM0041,MTR0041,2026-02-18,2026-03-19,327550,332397,4847,AMI Actual,NORMAL
CON000487,ACC0041,PREM0041,MTR0041,2026-03-20,2026-04-18,332060,336936,4876,AMI Actual,NORMAL
CON000488,ACC0041,PREM0041,MTR0041,2026-04-19,2026-05-18,336570,340588,4018,AMI Actual,NORMAL
CON000489,ACC0041,PREM0041,MTR0041,2026-05-19,2026-06-17,341080,345518,4438,AMI Actual,NORMAL
CON000490,ACC0041,PREM0041,MTR0041,2026-06-18,2026-07-17,345590,349860,4270,AMI Actual,NORMAL
CON000491,ACC0041,PREM0041,MTR0041,2026-07-18,2026-08-16,350100,354845,4745,AMI Actual,NORMAL
CON000492,ACC0041,PREM0041,MTR0041,2026-08-17,2026-09-15,354610,359111,4501,AMI Actual,NORMAL
CON000493,ACC0042,PREM0042,MTR0042,2025-09-21,2025-10-20,310000,314359,4359,AMI Actual,NORMAL
CON000494,ACC0042,PREM0042,MTR0042,2025-10-21,2025-11-19,314820,319804,4984,AMI Actual,NORMAL
CON000495,ACC0042,PREM0042,MTR0042,2025-11-20,2025-12-19,319640,324203,4563,AMI Actual,NORMAL
CON000496,ACC0042,PREM0042,MTR0042,2025-12-20,2026-01-18,324460,328981,4521,AMI Actual,NORMAL
CON000497,ACC0042,PREM0042,MTR0042,2026-01-19,2026-02-17,329280,334593,5313,AMI Actual,NORMAL
CON000498,ACC0042,PREM0042,MTR0042,2026-02-18,2026-03-19,334100,338547,4447,AMI Actual,NORMAL
CON000499,ACC0042,PREM0042,MTR0042,2026-03-20,2026-04-18,338920,343726,4806,AMI Actual,NORMAL
CON000500,ACC0042,PREM0042,MTR0042,2026-04-19,2026-05-18,343740,349135,5395,AMI Actual,NORMAL
CON000501,ACC0042,PREM0042,MTR0042,2026-05-19,2026-06-17,348560,353392,4832,AMI Actual,NORMAL
CON000502,ACC0042,PREM0042,MTR0042,2026-06-18,2026-07-17,353380,358777,5397,AMI Actual,NORMAL
CON000503,ACC0042,PREM0042,MTR0042,2026-07-18,2026-08-16,358200,363095,4895,AMI Actual,NORMAL
CON000504,ACC0042,PREM0042,MTR0042,2026-08-17,2026-09-15,363020,367780,4760,AMI Actual,NORMAL
CON000505,ACC0043,PREM0043,MTR0043,2025-09-21,2025-10-20,315000,320356,5356,AMI Actual,NORMAL
CON000506,ACC0043,PREM0043,MTR0043,2025-10-21,2025-11-19,320130,325821,5691,AMI Actual,NORMAL
CON000507,ACC0043,PREM0043,MTR0043,2025-11-20,2025-12-19,325260,330369,5109,AMI Actual,NORMAL
CON000508,ACC0043,PREM0043,MTR0043,2025-12-20,2026-01-18,330390,335896,5506,AMI Actual,NORMAL
CON000509,ACC0043,PREM0043,MTR0043,2026-01-19,2026-02-17,335520,340234,4714,AMI Actual,NORMAL
CON000510,ACC0043,PREM0043,MTR0043,2026-02-18,2026-03-19,340650,346231,5581,AMI Actual,NORMAL
CON000511,ACC0043,PREM0043,MTR0043,2026-03-20,2026-04-18,345780,350321,4541,AMI Actual,NORMAL
CON000512,ACC0043,PREM0043,MTR0043,2026-04-19,2026-05-18,350910,355920,5010,AMI Actual,NORMAL
CON000513,ACC0043,PREM0043,MTR0043,2026-05-19,2026-06-17,356040,361562,5522,AMI Actual,NORMAL
CON000514,ACC0043,PREM0043,MTR0043,2026-06-18,2026-07-17,361170,365768,4598,AMI Actual,NORMAL
CON000515,ACC0043,PREM0043,MTR0043,2026-07-18,2026-08-16,366300,371326,5026,AMI Actual,NORMAL
CON000516,ACC0043,PREM0043,MTR0043,2026-08-17,2026-09-15,371430,376348,4918,AMI Actual,NORMAL
CON000517,ACC0044,PREM0044,MTR0044,2025-09-21,2025-10-20,320000,324980,4980,Actual,NORMAL
CON000518,ACC0044,PREM0044,MTR0044,2025-10-21,2025-11-19,325440,331342,5902,Actual,NORMAL
CON000519,ACC0044,PREM0044,MTR0044,2025-11-20,2025-12-19,330880,336545,5665,Actual,NORMAL
CON000520,ACC0044,PREM0044,MTR0044,2025-12-20,2026-01-18,336320,341423,5103,Actual,NORMAL
CON000521,ACC0044,PREM0044,MTR0044,2026-01-19,2026-02-17,341760,347509,5749,Actual,NORMAL
CON000522,ACC0044,PREM0044,MTR0044,2026-02-18,2026-03-19,347200,352633,5433,Actual,NORMAL
CON000523,ACC0044,PREM0044,MTR0044,2026-03-20,2026-04-18,352640,357809,5169,Actual,NORMAL
CON000524,ACC0044,PREM0044,MTR0044,2026-04-19,2026-05-18,358080,362946,4866,Actual,NORMAL
CON000525,ACC0044,PREM0044,MTR0044,2026-05-19,2026-06-17,363520,368926,5406,Actual,NORMAL
CON000526,ACC0044,PREM0044,MTR0044,2026-06-18,2026-07-17,368960,374510,5550,Actual,NORMAL
CON000527,ACC0044,PREM0044,MTR0044,2026-07-18,2026-08-16,374400,379932,5532,Actual,NORMAL
CON000528,ACC0044,PREM0044,MTR0044,2026-08-17,2026-09-15,379840,384730,4890,Actual,NORMAL
CON000529,ACC0045,PREM0045,MTR0045,2025-09-21,2025-10-20,325000,330903,5903,AMI Actual,NORMAL
CON000530,ACC0045,PREM0045,MTR0045,2025-10-21,2025-11-19,330750,335912,5162,AMI Actual,NORMAL
CON000531,ACC0045,PREM0045,MTR0045,2025-11-20,2025-12-19,336500,341688,5188,AMI Actual,NORMAL
CON000532,ACC0045,PREM0045,MTR0045,2025-12-20,2026-01-18,342250,347721,5471,AMI Actual,NORMAL
CON000533,ACC0045,PREM0045,MTR0045,2026-01-19,2026-02-17,348000,353456,5456,AMI Actual,NORMAL
CON000534,ACC0045,PREM0045,MTR0045,2026-02-18,2026-03-19,353750,359278,5528,AMI Actual,NORMAL
CON000535,ACC0045,PREM0045,MTR0045,2026-03-20,2026-04-18,359500,365607,6107,AMI Actual,NORMAL
CON000536,ACC0045,PREM0045,MTR0045,2026-04-19,2026-05-18,365250,371199,5949,AMI Actual,NORMAL
CON000537,ACC0045,PREM0045,MTR0045,2026-05-19,2026-06-17,371000,377184,6184,AMI Actual,NORMAL
CON000538,ACC0045,PREM0045,MTR0045,2026-06-18,2026-07-17,376750,382849,6099,AMI Actual,NORMAL
CON000539,ACC0045,PREM0045,MTR0045,2026-07-18,2026-08-16,382500,388029,5529,AMI Actual,NORMAL
CON000540,ACC0045,PREM0045,MTR0045,2026-08-17,2026-09-15,388250,393917,5667,AMI Actual,NORMAL
CON000541,ACC0046,PREM0046,MTR0046,2025-09-21,2025-10-20,330000,335426,5426,AMI Actual,NORMAL
CON000542,ACC0046,PREM0046,MTR0046,2025-10-21,2025-11-19,336060,342677,6617,AMI Actual,NORMAL
CON000543,ACC0046,PREM0046,MTR0046,2025-11-20,2025-12-19,342120,347664,5544,AMI Actual,NORMAL
CON000544,ACC0046,PREM0046,MTR0046,2025-12-20,2026-01-18,348180,353581,5401,AMI Actual,NORMAL
CON000545,ACC0046,PREM0046,MTR0046,2026-01-19,2026-02-17,354240,359675,5435,AMI Actual,NORMAL
CON000546,ACC0046,PREM0046,MTR0046,2026-02-18,2026-03-19,360300,366942,6642,AMI Actual,NORMAL
CON000547,ACC0046,PREM0046,MTR0046,2026-03-20,2026-04-18,366360,372885,6525,AMI Actual,NORMAL
CON000548,ACC0046,PREM0046,MTR0046,2026-04-19,2026-05-18,372420,378949,6529,AMI Actual,NORMAL
CON000549,ACC0046,PREM0046,MTR0046,2026-05-19,2026-06-17,378480,383951,5471,AMI Actual,NORMAL
CON000550,ACC0046,PREM0046,MTR0046,2026-06-18,2026-07-17,384540,390990,6450,AMI Actual,NORMAL
CON000551,ACC0046,PREM0046,MTR0046,2026-07-18,2026-08-16,390600,397283,6683,AMI Actual,NORMAL
CON000552,ACC0046,PREM0046,MTR0046,2026-08-17,2026-09-15,396660,401998,5338,AMI Actual,NORMAL
CON000553,ACC0047,PREM0047,MTR0047,2025-09-21,2025-10-20,335000,341842,6842,AMI Actual,NORMAL
CON000554,ACC0047,PREM0047,MTR0047,2025-10-21,2025-11-19,341370,347022,5652,AMI Actual,NORMAL
CON000555,ACC0047,PREM0047,MTR0047,2025-11-20,2025-12-19,347740,354821,7081,AMI Actual,NORMAL
CON000556,ACC0047,PREM0047,MTR0047,2025-12-20,2026-01-18,354110,360992,6882,AMI Actual,NORMAL
CON000557,ACC0047,PREM0047,MTR0047,2026-01-19,2026-02-17,360480,367224,6744,AMI Actual,NORMAL
CON000558,ACC0047,PREM0047,MTR0047,2026-02-18,2026-03-19,366850,373921,7071,AMI Actual,NORMAL
CON000559,ACC0047,PREM0047,MTR0047,2026-03-20,2026-04-18,373220,380033,6813,AMI Actual,NORMAL
CON000560,ACC0047,PREM0047,MTR0047,2026-04-19,2026-05-18,379590,385250,5660,AMI Actual,NORMAL
CON000561,ACC0047,PREM0047,MTR0047,2026-05-19,2026-06-17,385960,392134,6174,AMI Actual,NORMAL
CON000562,ACC0047,PREM0047,MTR0047,2026-06-18,2026-07-17,392330,399134,6804,AMI Actual,NORMAL
CON000563,ACC0047,PREM0047,MTR0047,2026-07-18,2026-08-16,398700,404605,5905,AMI Actual,NORMAL
CON000564,ACC0047,PREM0047,MTR0047,2026-08-17,2026-09-15,405070,411223,6153,AMI Actual,NORMAL
CON000565,ACC0048,PREM0048,MTR0048,2025-09-21,2025-10-20,340000,347044,7044,Actual,NORMAL
CON000566,ACC0048,PREM0048,MTR0048,2025-10-21,2025-11-19,346680,353309,6629,Actual,NORMAL
CON000567,ACC0048,PREM0048,MTR0048,2025-11-20,2025-12-19,353360,360199,6839,Actual,NORMAL
CON000568,ACC0048,PREM0048,MTR0048,2025-12-20,2026-01-18,360040,367147,7107,Actual,NORMAL
CON000569,ACC0048,PREM0048,MTR0048,2026-01-19,2026-02-17,366720,373761,7041,Actual,NORMAL
CON000570,ACC0048,PREM0048,MTR0048,2026-02-18,2026-03-19,373400,380199,6799,Actual,NORMAL
CON000571,ACC0048,PREM0048,MTR0048,2026-03-20,2026-04-18,380080,386020,5940,Actual,NORMAL
CON000572,ACC0048,PREM0048,MTR0048,2026-04-19,2026-05-18,386760,394221,7461,Actual,NORMAL
CON000573,ACC0048,PREM0048,MTR0048,2026-05-19,2026-06-17,393440,400475,7035,Actual,NORMAL
CON000574,ACC0048,PREM0048,MTR0048,2026-06-18,2026-07-17,400120,406709,6589,Actual,NORMAL
CON000575,ACC0048,PREM0048,MTR0048,2026-07-18,2026-08-16,406800,414112,7312,Actual,NORMAL
CON000576,ACC0048,PREM0048,MTR0048,2026-08-17,2026-09-15,413480,419524,6044,Actual,NORMAL
CON000577,ACC0049,PREM0049,MTR0049,2025-09-21,2025-10-20,345000,351416,6416,AMI Actual,NORMAL
CON000578,ACC0049,PREM0049,MTR0049,2025-10-21,2025-11-19,351990,359539,7549,AMI Actual,NORMAL
CON000579,ACC0049,PREM0049,MTR0049,2025-11-20,2025-12-19,358980,365148,6168,AMI Actual,NORMAL
CON000580,ACC0049,PREM0049,MTR0049,2025-12-20,2026-01-18,365970,373523,7553,AMI Actual,NORMAL
CON000581,ACC0049,PREM0049,MTR0049,2026-01-19,2026-02-17,372960,379424,6464,AMI Actual,NORMAL
CON000582,ACC0049,PREM0049,MTR0049,2026-02-18,2026-03-19,379950,386716,6766,AMI Actual,NORMAL
CON000583,ACC0049,PREM0049,MTR0049,2026-03-20,2026-04-18,386940,394662,7722,AMI Actual,NORMAL
CON000584,ACC0049,PREM0049,MTR0049,2026-04-19,2026-05-18,393930,401688,7758,AMI Actual,NORMAL
CON000585,ACC0049,PREM0049,MTR0049,2026-05-19,2026-06-17,400920,408300,7380,AMI Actual,NORMAL
CON000586,ACC0049,PREM0049,MTR0049,2026-06-18,2026-07-17,407910,414101,6191,AMI Actual,NORMAL
CON000587,ACC0049,PREM0049,MTR0049,2026-07-18,2026-08-16,414900,422565,7665,AMI Actual,NORMAL
CON000588,ACC0049,PREM0049,MTR0049,2026-08-17,2026-09-15,421890,428673,6783,AMI Actual,NORMAL
CON000589,ACC0050,PREM0050,MTR0050,2025-09-21,2025-10-20,350000,354380,4380,AMI Actual,NORMAL
CON000590,ACC0050,PREM0050,MTR0050,2025-10-21,2025-11-19,354200,358238,4038,AMI Actual,NORMAL
CON000591,ACC0050,PREM0050,MTR0050,2025-11-20,2025-12-19,358400,363081,4681,AMI Actual,NORMAL
CON000592,ACC0050,PREM0050,MTR0050,2025-12-20,2026-01-18,362600,366727,4127,AMI Actual,NORMAL
CON000593,ACC0050,PREM0050,MTR0050,2026-01-19,2026-02-17,366800,370496,3696,AMI Actual,NORMAL
CON000594,ACC0050,PREM0050,MTR0050,2026-02-18,2026-03-19,371000,375534,4534,AMI Actual,NORMAL
CON000595,ACC0050,PREM0050,MTR0050,2026-03-20,2026-04-18,375200,379150,3950,AMI Actual,NORMAL
CON000596,ACC0050,PREM0050,MTR0050,2026-04-19,2026-05-18,379400,383739,4339,AMI Actual,NORMAL
CON000597,ACC0050,PREM0050,MTR0050,2026-05-19,2026-06-17,383600,387837,4237,AMI Actual,NORMAL
CON000598,ACC0050,PREM0050,MTR0050,2026-06-18,2026-07-17,387800,392036,4236,AMI Actual,NORMAL
CON000599,ACC0050,PREM0050,MTR0050,2026-07-18,2026-08-16,392000,396497,4497,AMI Actual,NORMAL
CON000600,ACC0050,PREM0050,MTR0050,2026-08-17,2026-09-15,396200,400283,4083,AMI Actual,NORMAL
CON000601,ACC0051,PREM0051,MTR0051,2025-09-21,2025-10-20,355000,359248,4248,AMI Actual,NORMAL
CON000602,ACC0051,PREM0051,MTR0051,2025-10-21,2025-11-19,359510,364136,4626,AMI Actual,NORMAL
CON000603,ACC0051,PREM0051,MTR0051,2025-11-20,2025-12-19,364020,368528,4508,AMI Actual,NORMAL
CON000604,ACC0051,PREM0051,MTR0051,2025-12-20,2026-01-18,368530,373337,4807,AMI Actual,NORMAL
CON000605,ACC0051,PREM0051,MTR0051,2026-01-19,2026-02-17,373040,377806,4766,AMI Actual,NORMAL
CON000606,ACC0051,PREM0051,MTR0051,2026-02-18,2026-03-19,377550,382266,4716,AMI Actual,NORMAL
CON000607,ACC0051,PREM0051,MTR0051,2026-03-20,2026-04-18,382060,386398,4338,AMI Actual,NORMAL
CON000608,ACC0051,PREM0051,MTR0051,2026-04-19,2026-05-18,386570,390797,4227,AMI Actual,NORMAL
CON000609,ACC0051,PREM0051,MTR0051,2026-05-19,2026-06-17,391080,395142,4062,AMI Actual,NORMAL
CON000610,ACC0051,PREM0051,MTR0051,2026-06-18,2026-07-17,395590,399622,4032,AMI Actual,NORMAL
CON000611,ACC0051,PREM0051,MTR0051,2026-07-18,2026-08-16,400100,404919,4819,AMI Actual,NORMAL
CON000612,ACC0051,PREM0051,MTR0051,2026-08-17,2026-09-15,404610,409075,4465,AMI Actual,NORMAL
CON000613,ACC0052,PREM0052,MTR0052,2025-09-21,2025-10-20,360000,364645,4645,Actual,NORMAL
CON000614,ACC0052,PREM0052,MTR0052,2025-10-21,2025-11-19,364820,369394,4574,Actual,NORMAL
CON000615,ACC0052,PREM0052,MTR0052,2025-11-20,2025-12-19,369640,374804,5164,Actual,NORMAL
CON000616,ACC0052,PREM0052,MTR0052,2025-12-20,2026-01-18,374460,379795,5335,Actual,NORMAL
CON000617,ACC0052,PREM0052,MTR0052,2026-01-19,2026-02-17,379280,384606,5326,Actual,NORMAL
CON000618,ACC0052,PREM0052,MTR0052,2026-02-18,2026-03-19,384100,389048,4948,Actual,NORMAL
CON000619,ACC0052,PREM0052,MTR0052,2026-03-20,2026-04-18,388920,393722,4802,Actual,NORMAL
CON000620,ACC0052,PREM0052,MTR0052,2026-04-19,2026-05-18,393740,398093,4353,Actual,NORMAL
CON000621,ACC0052,PREM0052,MTR0052,2026-05-19,2026-06-17,398560,403351,4791,Actual,NORMAL
CON000622,ACC0052,PREM0052,MTR0052,2026-06-18,2026-07-17,403380,408169,4789,Actual,NORMAL
CON000623,ACC0052,PREM0052,MTR0052,2026-07-18,2026-08-16,408200,413200,5000,Actual,NORMAL
CON000624,ACC0052,PREM0052,MTR0052,2026-08-17,2026-09-15,413020,418218,5198,Actual,NORMAL
CON000625,ACC0053,PREM0053,MTR0053,2025-09-21,2025-10-20,365000,370245,5245,AMI Actual,NORMAL
CON000626,ACC0053,PREM0053,MTR0053,2025-10-21,2025-11-19,370130,375288,5158,AMI Actual,NORMAL
CON000627,ACC0053,PREM0053,MTR0053,2025-11-20,2025-12-19,375260,380619,5359,AMI Actual,NORMAL
CON000628,ACC0053,PREM0053,MTR0053,2025-12-20,2026-01-18,380390,385104,4714,AMI Actual,NORMAL
CON000629,ACC0053,PREM0053,MTR0053,2026-01-19,2026-02-17,385520,391169,5649,AMI Actual,NORMAL
CON000630,ACC0053,PREM0053,MTR0053,2026-02-18,2026-03-19,390650,396297,5647,AMI Actual,NORMAL
CON000631,ACC0053,PREM0053,MTR0053,2026-03-20,2026-04-18,395780,400443,4663,AMI Actual,NORMAL
CON000632,ACC0053,PREM0053,MTR0053,2026-04-19,2026-05-18,400910,406531,5621,AMI Actual,NORMAL
CON000633,ACC0053,PREM0053,MTR0053,2026-05-19,2026-06-17,406040,411009,4969,AMI Actual,NORMAL
CON000634,ACC0053,PREM0053,MTR0053,2026-06-18,2026-07-17,411170,416541,5371,AMI Actual,NORMAL
CON000635,ACC0053,PREM0053,MTR0053,2026-07-18,2026-08-16,416300,421137,4837,AMI Actual,NORMAL
CON000636,ACC0053,PREM0053,MTR0053,2026-08-17,2026-09-15,421430,426410,4980,AMI Actual,NORMAL
CON000637,ACC0054,PREM0054,MTR0054,2025-09-21,2025-10-20,370000,375147,5147,AMI Actual,NORMAL
CON000638,ACC0054,PREM0054,MTR0054,2025-10-21,2025-11-19,375440,380849,5409,AMI Actual,NORMAL
CON000639,ACC0054,PREM0054,MTR0054,2025-11-20,2025-12-19,380880,386707,5827,AMI Actual,NORMAL
CON000640,ACC0054,PREM0054,MTR0054,2025-12-20,2026-01-18,386320,391657,5337,AMI Actual,NORMAL
CON000641,ACC0054,PREM0054,MTR0054,2026-01-19,2026-02-17,391760,396838,5078,AMI Actual,NORMAL
CON000642,ACC0054,PREM0054,MTR0054,2026-02-18,2026-03-19,397200,402095,4895,AMI Actual,NORMAL
CON000643,ACC0054,PREM0054,MTR0054,2026-03-20,2026-04-18,402640,408094,5454,AMI Actual,NORMAL
CON000644,ACC0054,PREM0054,MTR0054,2026-04-19,2026-05-18,408080,413334,5254,AMI Actual,NORMAL
CON000645,ACC0054,PREM0054,MTR0054,2026-05-19,2026-06-17,413520,419234,5714,AMI Actual,NORMAL
CON000646,ACC0054,PREM0054,MTR0054,2026-06-18,2026-07-17,418960,424588,5628,AMI Actual,NORMAL
CON000647,ACC0054,PREM0054,MTR0054,2026-07-18,2026-08-16,424400,430487,6087,AMI Actual,NORMAL
CON000648,ACC0054,PREM0054,MTR0054,2026-08-17,2026-09-15,429840,435084,5244,AMI Actual,NORMAL
CON000649,ACC0055,PREM0055,MTR0055,2025-09-21,2025-10-20,375000,381367,6367,AMI Actual,NORMAL
CON000650,ACC0055,PREM0055,MTR0055,2025-10-21,2025-11-19,380750,386557,5807,AMI Actual,NORMAL
CON000651,ACC0055,PREM0055,MTR0055,2025-11-20,2025-12-19,386500,392101,5601,AMI Actual,NORMAL
CON000652,ACC0055,PREM0055,MTR0055,2025-12-20,2026-01-18,392250,398479,6229,AMI Actual,NORMAL
CON000653,ACC0055,PREM0055,MTR0055,2026-01-19,2026-02-17,398000,403099,5099,AMI Actual,NORMAL
CON000654,ACC0055,PREM0055,MTR0055,2026-02-18,2026-03-19,403750,409655,5905,AMI Actual,NORMAL
CON000655,ACC0055,PREM0055,MTR0055,2026-03-20,2026-04-18,409500,415215,5715,AMI Actual,NORMAL
CON000656,ACC0055,PREM0055,MTR0055,2026-04-19,2026-05-18,415250,420920,5670,AMI Actual,NORMAL
CON000657,ACC0055,PREM0055,MTR0055,2026-05-19,2026-06-17,421000,426882,5882,AMI Actual,NORMAL
CON000658,ACC0055,PREM0055,MTR0055,2026-06-18,2026-07-17,426750,431879,5129,AMI Actual,NORMAL
CON000659,ACC0055,PREM0055,MTR0055,2026-07-18,2026-08-16,432500,438369,5869,AMI Actual,NORMAL
CON000660,ACC0055,PREM0055,MTR0055,2026-08-17,2026-09-15,438250,444460,6210,AMI Actual,NORMAL
CON000661,ACC0056,PREM0056,MTR0056,2025-09-21,2025-10-20,380000,385569,5569,Actual,NORMAL
CON000662,ACC0056,PREM0056,MTR0056,2025-10-21,2025-11-19,386060,391606,5546,Actual,NORMAL
CON000663,ACC0056,PREM0056,MTR0056,2025-11-20,2025-12-19,392120,397872,5752,Actual,NORMAL
CON000664,ACC0056,PREM0056,MTR0056,2025-12-20,2026-01-18,398180,404253,6073,Actual,NORMAL
CON000665,ACC0056,PREM0056,MTR0056,2026-01-19,2026-02-17,404240,410109,5869,Actual,NORMAL
CON000666,ACC0056,PREM0056,MTR0056,2026-02-18,2026-03-19,410300,415671,5371,Actual,NORMAL
CON000667,ACC0056,PREM0056,MTR0056,2026-03-20,2026-04-18,416360,422591,6231,Actual,NORMAL
CON000668,ACC0056,PREM0056,MTR0056,2026-04-19,2026-05-18,422420,428837,6417,Actual,NORMAL
CON000669,ACC0056,PREM0056,MTR0056,2026-05-19,2026-06-17,428480,433952,5472,Actual,NORMAL
CON000670,ACC0056,PREM0056,MTR0056,2026-06-18,2026-07-17,434540,440375,5835,Actual,NORMAL
CON000671,ACC0056,PREM0056,MTR0056,2026-07-18,2026-08-16,440600,446575,5975,Actual,NORMAL
CON000672,ACC0056,PREM0056,MTR0056,2026-08-17,2026-09-15,446660,453099,6439,Actual,NORMAL
CON000673,ACC0057,PREM0057,MTR0057,2025-09-21,2025-10-20,385000,392060,7060,AMI Actual,NORMAL
CON000674,ACC0057,PREM0057,MTR0057,2025-10-21,2025-11-19,391370,397152,5782,AMI Actual,NORMAL
CON000675,ACC0057,PREM0057,MTR0057,2025-11-20,2025-12-19,397740,404849,7109,AMI Actual,NORMAL
CON000676,ACC0057,PREM0057,MTR0057,2025-12-20,2026-01-18,404110,410838,6728,AMI Actual,NORMAL
CON000677,ACC0057,PREM0057,MTR0057,2026-01-19,2026-02-17,410480,416703,6223,AMI Actual,NORMAL
CON000678,ACC0057,PREM0057,MTR0057,2026-02-18,2026-03-19,416850,423956,7106,AMI Actual,NORMAL
CON000679,ACC0057,PREM0057,MTR0057,2026-03-20,2026-04-18,423220,429399,6179,AMI Actual,NORMAL
CON000680,ACC0057,PREM0057,MTR0057,2026-04-19,2026-05-18,429590,436307,6717,AMI Actual,NORMAL
CON000681,ACC0057,PREM0057,MTR0057,2026-05-19,2026-06-17,435960,441786,5826,AMI Actual,NORMAL
CON000682,ACC0057,PREM0057,MTR0057,2026-06-18,2026-07-17,442330,448869,6539,AMI Actual,NORMAL
CON000683,ACC0057,PREM0057,MTR0057,2026-07-18,2026-08-16,448700,455110,6410,AMI Actual,NORMAL
CON000684,ACC0057,PREM0057,MTR0057,2026-08-17,2026-09-15,455070,461608,6538,AMI Actual,NORMAL
CON000685,ACC0058,PREM0058,MTR0058,2025-09-21,2025-10-20,390000,396095,6095,AMI Actual,NORMAL
CON000686,ACC0058,PREM0058,MTR0058,2025-10-21,2025-11-19,396680,403016,6336,AMI Actual,NORMAL
CON000687,ACC0058,PREM0058,MTR0058,2025-11-20,2025-12-19,403360,409390,6030,AMI Actual,NORMAL
CON000688,ACC0058,PREM0058,MTR0058,2025-12-20,2026-01-18,410040,416374,6334,AMI Actual,NORMAL
CON000689,ACC0058,PREM0058,MTR0058,2026-01-19,2026-02-17,416720,423246,6526,AMI Actual,NORMAL
CON000690,ACC0058,PREM0058,MTR0058,2026-02-18,2026-03-19,423400,429332,5932,AMI Actual,NORMAL
CON000691,ACC0058,PREM0058,MTR0058,2026-03-20,2026-04-18,430080,437482,7402,AMI Actual,NORMAL
CON000692,ACC0058,PREM0058,MTR0058,2026-04-19,2026-05-18,436760,443432,6672,AMI Actual,NORMAL
CON000693,ACC0058,PREM0058,MTR0058,2026-05-19,2026-06-17,443440,450293,6853,AMI Actual,NORMAL
CON000694,ACC0058,PREM0058,MTR0058,2026-06-18,2026-07-17,450120,456965,6845,AMI Actual,NORMAL
CON000695,ACC0058,PREM0058,MTR0058,2026-07-18,2026-08-16,456800,463772,6972,AMI Actual,NORMAL
CON000696,ACC0058,PREM0058,MTR0058,2026-08-17,2026-09-15,463480,469624,6144,AMI Actual,NORMAL
CON000697,ACC0059,PREM0059,MTR0059,2025-09-21,2025-10-20,395000,402798,7798,AMI Actual,NORMAL
CON000698,ACC0059,PREM0059,MTR0059,2025-10-21,2025-11-19,401990,409291,7301,AMI Actual,NORMAL
CON000699,ACC0059,PREM0059,MTR0059,2025-11-20,2025-12-19,408980,415396,6416,AMI Actual,NORMAL
CON000700,ACC0059,PREM0059,MTR0059,2025-12-20,2026-01-18,415970,423501,7531,AMI Actual,NORMAL
CON000701,ACC0059,PREM0059,MTR0059,2026-01-19,2026-02-17,422960,429895,6935,AMI Actual,NORMAL
CON000702,ACC0059,PREM0059,MTR0059,2026-02-18,2026-03-19,429950,437019,7069,AMI Actual,NORMAL
CON000703,ACC0059,PREM0059,MTR0059,2026-03-20,2026-04-18,436940,443855,6915,AMI Actual,NORMAL
CON000704,ACC0059,PREM0059,MTR0059,2026-04-19,2026-05-18,443930,451525,7595,AMI Actual,NORMAL
CON000705,ACC0059,PREM0059,MTR0059,2026-05-19,2026-06-17,450920,457296,6376,AMI Actual,NORMAL
CON000706,ACC0059,PREM0059,MTR0059,2026-06-18,2026-07-17,457910,465563,7653,AMI Actual,NORMAL
CON000707,ACC0059,PREM0059,MTR0059,2026-07-18,2026-08-16,464900,471948,7048,AMI Actual,NORMAL
CON000708,ACC0059,PREM0059,MTR0059,2026-08-17,2026-09-15,471890,478092,6202,AMI Actual,NORMAL
CON000709,ACC0060,PREM0060,MTR0060,2025-09-21,2025-10-20,400000,404700,4700,Actual,NORMAL
CON000710,ACC0060,PREM0060,MTR0060,2025-10-21,2025-11-19,404200,407899,3699,Actual,NORMAL
CON000711,ACC0060,PREM0060,MTR0060,2025-11-20,2025-12-19,408400,412788,4388,Actual,NORMAL
CON000712,ACC0060,PREM0060,MTR0060,2025-12-20,2026-01-18,412600,416879,4279,Actual,NORMAL
CON000713,ACC0060,PREM0060,MTR0060,2026-01-19,2026-02-17,416800,421335,4535,Actual,NORMAL
CON000714,ACC0060,PREM0060,MTR0060,2026-02-18,2026-03-19,421000,425298,4298,Actual,NORMAL
CON000715,ACC0060,PREM0060,MTR0060,2026-03-20,2026-04-18,425200,429438,4238,Actual,NORMAL
CON000716,ACC0060,PREM0060,MTR0060,2026-04-19,2026-05-18,429400,433512,4112,Actual,NORMAL
CON000717,ACC0060,PREM0060,MTR0060,2026-05-19,2026-06-17,433600,437892,4292,Actual,NORMAL
CON000718,ACC0060,PREM0060,MTR0060,2026-06-18,2026-07-17,437800,441541,3741,Actual,NORMAL
CON000719,ACC0060,PREM0060,MTR0060,2026-07-18,2026-08-16,442000,446132,4132,Actual,NORMAL
CON000720,ACC0060,PREM0060,MTR0060,2026-08-17,2026-09-15,446200,450899,4699,Actual,NORMAL
