payment_id,account_id,bill_id,payment_date,payment_amount,payment_method,payment_status,confirmation_number
PAY000001,ACC0001,BILL000001,2025-11-01,60.09,Online Portal,Posted,CNF000000001
PAY000002,ACC0001,BILL000002,2025-12-01,60.41,Online Portal,Posted,CNF000000002
PAY000003,ACC0001,BILL000003,2025-12-31,57.44,Online Portal,Posted,CNF000000003
PAY000004,ACC0001,BILL000004,2026-01-30,55.96,Online Portal,Posted,CNF000000004
PAY000005,ACC0001,BILL000005,2026-03-01,59.85,Online Portal,Posted,CNF000000005
PAY000006,ACC0001,BILL000006,2026-03-31,54.06,Online Portal,Posted,CNF000000006
PAY000007,ACC0001,BILL000007,2026-04-30,56.04,Online Portal,Posted,CNF000000007
PAY000008,ACC0001,BILL000008,2026-05-30,53.15,Online Portal,Posted,CNF000000008
PAY000009,ACC0001,BILL000009,2026-06-29,54.18,Online Portal,Posted,CNF000000009
PAY000010,ACC0001,BILL000010,2026-07-29,56.44,Online Portal,Posted,CNF000000010
PAY000011,ACC0001,BILL000011,2026-08-28,54.64,Online Portal,Posted,CNF000000011
PAY000012,ACC0001,BILL000012,2026-09-27,145.15,Online Portal,Posted,CNF000000012
PAY000013,ACC0002,BILL000013,2025-11-01,55.83,Check,Posted,CNF000000013
PAY000014,ACC0002,BILL000014,2025-12-01,60.08,Check,Posted,CNF000000014
PAY000015,ACC0002,BILL000015,2025-12-31,58.73,Check,Posted,CNF000000015
PAY000016,ACC0002,BILL000016,2026-01-30,56.24,Check,Posted,CNF000000016
PAY000017,ACC0002,BILL000017,2026-03-01,62.32,Check,Posted,CNF000000017
PAY000018,ACC0002,BILL000018,2026-03-31,62.32,Check,Posted,CNF000000018
PAY000019,ACC0002,BILL000019,2026-04-30,55.26,Check,Posted,CNF000000019
PAY000020,ACC0002,BILL000020,2026-05-30,61.88,Check,Posted,CNF000000020
PAY000021,ACC0002,BILL000021,2026-06-29,61.71,Check,Posted,CNF000000021
PAY000022,ACC0002,BILL000022,2026-07-29,55.47,Check,Posted,CNF000000022
PAY000023,ACC0002,BILL000023,2026-08-28,56.01,Check,Posted,CNF000000023
PAY000024,ACC0002,BILL000024,2026-09-27,58.55,Check,Posted,CNF000000024
PAY000025,ACC0003,BILL000025,2025-11-01,62.45,Phone - Secure Vendor,Posted,CNF000000025
PAY000026,ACC0003,BILL000026,2025-12-01,62.66,Phone - Secure Vendor,Posted,CNF000000026
PAY000027,ACC0003,BILL000027,2025-12-31,66.45,Phone - Secure Vendor,Posted,CNF000000027
PAY000028,ACC0003,BILL000028,2026-01-30,60.09,Phone - Secure Vendor,Posted,CNF000000028
PAY000029,ACC0003,BILL000029,2026-03-01,66.95,Phone - Secure Vendor,Posted,CNF000000029
PAY000030,ACC0003,BILL000030,2026-03-31,60.42,Phone - Secure Vendor,Posted,CNF000000030
PAY000031,ACC0003,BILL000031,2026-04-30,62.31,Phone - Secure Vendor,Posted,CNF000000031
PAY000032,ACC0003,BILL000032,2026-05-30,64.32,Phone - Secure Vendor,Posted,CNF000000032
PAY000033,ACC0003,BILL000033,2026-06-29,64.86,Phone - Secure Vendor,Posted,CNF000000033
PAY000034,ACC0003,BILL000034,2026-07-29,58.64,Phone - Secure Vendor,Posted,CNF000000034
PAY000035,ACC0003,BILL000035,2026-08-28,62.49,Phone - Secure Vendor,Posted,CNF000000035
PAY000036,ACC0003,BILL000036,2026-09-27,62.3,Phone - Secure Vendor,Posted,CNF000000036
PAY000037,ACC0004,BILL000037,2025-11-01,59.95,ACH,Posted,CNF000000037
PAY000038,ACC0004,BILL000038,2025-12-01,65.28,ACH,Posted,CNF000000038
PAY000039,ACC0004,BILL000039,2025-12-31,66.52,ACH,Posted,CNF000000039
PAY000040,ACC0004,BILL000040,2026-01-30,62.18,ACH,Posted,CNF000000040
PAY000041,ACC0004,BILL000041,2026-03-01,69.6,ACH,Posted,CNF000000041
PAY000042,ACC0004,BILL000042,2026-03-31,66.82,ACH,Posted,CNF000000042
PAY000043,ACC0004,BILL000043,2026-04-30,60.67,ACH,Posted,CNF000000043
PAY000044,ACC0004,BILL000044,2026-05-30,66.7,ACH,Posted,CNF000000044
PAY000045,ACC0004,BILL000045,2026-06-29,64.12,ACH,Posted,CNF000000045
PAY000046,ACC0004,BILL000046,2026-07-29,60.55,ACH,Posted,CNF000000046
PAY000047,ACC0004,BILL000047,2026-08-28,69.19,ACH,Posted,CNF000000047
PAY000048,ACC0005,BILL000049,2025-11-01,70.0,Online Portal,Posted,CNF000000048
PAY000049,ACC0005,BILL000050,2025-12-01,71.91,Online Portal,Posted,CNF000000049
PAY000050,ACC0005,BILL000051,2025-12-31,66.21,Online Portal,Posted,CNF000000050
PAY000051,ACC0005,BILL000052,2026-01-30,67.86,Online Portal,Posted,CNF000000051
PAY000052,ACC0005,BILL000053,2026-03-01,66.4,Online Portal,Posted,CNF000000052
PAY000053,ACC0005,BILL000054,2026-03-31,71.19,Online Portal,Posted,CNF000000053
PAY000054,ACC0005,BILL000055,2026-04-30,65.33,Online Portal,Posted,CNF000000054
PAY000055,ACC0005,BILL000056,2026-05-30,63.09,Online Portal,Posted,CNF000000055
PAY000056,ACC0005,BILL000057,2026-06-29,71.66,Online Portal,Posted,CNF000000056
PAY000057,ACC0005,BILL000058,2026-07-29,61.86,Online Portal,Posted,CNF000000057
PAY000058,ACC0005,BILL000059,2026-08-28,67.54,Online Portal,Posted,CNF000000058
PAY000059,ACC0005,BILL000060,2026-09-27,70.1,Online Portal,Posted,CNF000000059
PAY000060,ACC0006,BILL000061,2025-11-01,67.71,Check,Posted,CNF000000060
PAY000061,ACC0006,BILL000062,2025-12-01,73.75,Check,Posted,CNF000000061
PAY000062,ACC0006,BILL000063,2025-12-31,74.92,Check,Posted,CNF000000062
PAY000063,ACC0006,BILL000064,2026-01-30,74.04,Check,Posted,CNF000000063
PAY000064,ACC0006,BILL000065,2026-03-01,74.14,Check,Posted,CNF000000064
PAY000065,ACC0006,BILL000066,2026-03-31,64.04,Check,Posted,CNF000000065
PAY000066,ACC0006,BILL000067,2026-04-30,70.83,Check,Posted,CNF000000066
PAY000067,ACC0006,BILL000068,2026-05-30,68.69,Check,Posted,CNF000000067
PAY000068,ACC0006,BILL000069,2026-06-29,70.57,Check,Posted,CNF000000068
PAY000069,ACC0006,BILL000070,2026-07-29,71.82,Check,Posted,CNF000000069
PAY000070,ACC0006,BILL000071,2026-08-28,73.79,Check,Posted,CNF000000070
PAY000071,ACC0006,BILL000072,2026-09-27,28.7,Check,Posted,CNF000000071
PAY000072,ACC0007,BILL000073,2025-11-01,78.15,Phone - Secure Vendor,Posted,CNF000000072
PAY000073,ACC0007,BILL000074,2025-12-01,73.67,Phone - Secure Vendor,Posted,CNF000000073
PAY000074,ACC0007,BILL000075,2025-12-31,74.01,Phone - Secure Vendor,Posted,CNF000000074
PAY000075,ACC0007,BILL000076,2026-01-30,75.29,Phone - Secure Vendor,Posted,CNF000000075
PAY000076,ACC0007,BILL000077,2026-03-01,73.55,Phone - Secure Vendor,Posted,CNF000000076
PAY000077,ACC0007,BILL000078,2026-03-31,68.67,Phone - Secure Vendor,Posted,CNF000000077
PAY000078,ACC0007,BILL000079,2026-04-30,76.23,Phone - Secure Vendor,Posted,CNF000000078
PAY000079,ACC0007,BILL000080,2026-05-30,74.01,Phone - Secure Vendor,Posted,CNF000000079
PAY000080,ACC0007,BILL000081,2026-06-29,68.33,Phone - Secure Vendor,Posted,CNF000000080
PAY000081,ACC0007,BILL000082,2026-07-29,67.47,Phone - Secure Vendor,Posted,CNF000000081
PAY000082,ACC0007,BILL000083,2026-08-28,78.44,Phone - Secure Vendor,Posted,CNF000000082
PAY000083,ACC0008,BILL000085,2025-11-01,78.59,ACH,Posted,CNF000000083
PAY000084,ACC0008,BILL000086,2025-12-01,76.53,ACH,Posted,CNF000000084
PAY000085,ACC0008,BILL000087,2025-12-31,76.13,ACH,Posted,CNF000000085
PAY000086,ACC0008,BILL000088,2026-01-30,76.98,ACH,Posted,CNF000000086
PAY000087,ACC0008,BILL000089,2026-03-01,68.5,ACH,Posted,CNF000000087
PAY000088,ACC0008,BILL000090,2026-03-31,72.75,ACH,Posted,CNF000000088
PAY000089,ACC0008,BILL000091,2026-04-30,69.22,ACH,Posted,CNF000000089
PAY000090,ACC0008,BILL000092,2026-05-30,74.58,ACH,Posted,CNF000000090
PAY000091,ACC0008,BILL000093,2026-06-29,74.29,ACH,Posted,CNF000000091
PAY000092,ACC0008,BILL000094,2026-07-29,70.61,ACH,Posted,CNF000000092
PAY000093,ACC0008,BILL000095,2026-08-28,111.15,ACH,Posted,CNF000000093
PAY000094,ACC0008,BILL000096,2026-09-27,130.7,ACH,Posted,CNF000000094
PAY000095,ACC0009,BILL000097,2025-11-01,75.02,Online Portal,Posted,CNF000000095
PAY000096,ACC0009,BILL000098,2025-12-01,71.85,Online Portal,Posted,CNF000000096
PAY000097,ACC0009,BILL000099,2025-12-31,81.94,Online Portal,Posted,CNF000000097
PAY000098,ACC0009,BILL000100,2026-01-30,74.06,Online Portal,Posted,CNF000000098
PAY000099,ACC0009,BILL000101,2026-03-01,78.61,Online Portal,Posted,CNF000000099
PAY000100,ACC0009,BILL000102,2026-03-31,85.0,Online Portal,Posted,CNF000000100
PAY000101,ACC0009,BILL000103,2026-04-30,84.76,Online Portal,Posted,CNF000000101
PAY000102,ACC0009,BILL000104,2026-05-30,73.27,Online Portal,Posted,CNF000000102
PAY000103,ACC0009,BILL000105,2026-06-29,72.09,Online Portal,Posted,CNF000000103
PAY000104,ACC0009,BILL000106,2026-07-29,74.39,Online Portal,Posted,CNF000000104
PAY000105,ACC0009,BILL000107,2026-08-28,82.37,Online Portal,Posted,CNF000000105
PAY000106,ACC0009,BILL000108,2026-09-27,82.43,Online Portal,Posted,CNF000000106
PAY000107,ACC0010,BILL000109,2025-11-01,55.1,Check,Posted,CNF000000107
PAY000108,ACC0010,BILL000110,2025-12-01,50.32,Check,Posted,CNF000000108
PAY000109,ACC0010,BILL000111,2025-12-31,57.95,Check,Posted,CNF000000109
PAY000110,ACC0010,BILL000112,2026-01-30,51.14,Check,Posted,CNF000000110
PAY000111,ACC0010,BILL000113,2026-03-01,56.8,Check,Posted,CNF000000111
PAY000112,ACC0010,BILL000114,2026-03-31,51.11,Check,Posted,CNF000000112
PAY000113,ACC0010,BILL000115,2026-04-30,50.57,Check,Posted,CNF000000113
PAY000114,ACC0010,BILL000116,2026-05-30,50.73,Check,Posted,CNF000000114
PAY000115,ACC0010,BILL000117,2026-06-29,55.07,Check,Posted,CNF000000115
PAY000116,ACC0010,BILL000118,2026-07-29,54.87,Check,Posted,CNF000000116
PAY000117,ACC0010,BILL000119,2026-08-28,57.63,Check,Posted,CNF000000117
PAY000118,ACC0010,BILL000120,2026-09-27,55.23,Check,Posted,CNF000000118
PAY000119,ACC0011,BILL000121,2025-11-01,58.82,Phone - Secure Vendor,Posted,CNF000000119
PAY000120,ACC0011,BILL000122,2025-12-01,55.38,Phone - Secure Vendor,Posted,CNF000000120
PAY000121,ACC0011,BILL000123,2025-12-31,52.66,Phone - Secure Vendor,Posted,CNF000000121
PAY000122,ACC0011,BILL000124,2026-01-30,58.38,Phone - Secure Vendor,Posted,CNF000000122
PAY000123,ACC0011,BILL000125,2026-03-01,58.54,Phone - Secure Vendor,Posted,CNF000000123
PAY000124,ACC0011,BILL000126,2026-03-31,55.87,Phone - Secure Vendor,Posted,CNF000000124
PAY000125,ACC0011,BILL000127,2026-04-30,60.3,Phone - Secure Vendor,Posted,CNF000000125
PAY000126,ACC0011,BILL000128,2026-05-30,61.31,Phone - Secure Vendor,Posted,CNF000000126
PAY000127,ACC0011,BILL000129,2026-06-29,59.47,Phone - Secure Vendor,Posted,CNF000000127
PAY000128,ACC0011,BILL000130,2026-07-29,60.77,Phone - Secure Vendor,Posted,CNF000000128
PAY000129,ACC0011,BILL000131,2026-08-28,52.94,Phone - Secure Vendor,Posted,CNF000000129
PAY000130,ACC0011,BILL000132,2026-09-27,56.82,Phone - Secure Vendor,Posted,CNF000000130
PAY000131,ACC0012,BILL000133,2025-11-01,56.46,ACH,Posted,CNF000000131
PAY000132,ACC0012,BILL000134,2025-12-01,61.02,ACH,Posted,CNF000000132
PAY000133,ACC0012,BILL000135,2025-12-31,60.7,ACH,Posted,CNF000000133
PAY000134,ACC0012,BILL000136,2026-01-30,60.62,ACH,Posted,CNF000000134
PAY000135,ACC0012,BILL000137,2026-03-01,55.31,ACH,Posted,CNF000000135
PAY000136,ACC0012,BILL000138,2026-03-31,54.94,ACH,Posted,CNF000000136
PAY000137,ACC0012,BILL000139,2026-04-30,57.24,ACH,Posted,CNF000000137
PAY000138,ACC0012,BILL000140,2026-05-30,57.76,ACH,Posted,CNF000000138
PAY000139,ACC0012,BILL000141,2026-06-29,55.02,ACH,Posted,CNF000000139
PAY000140,ACC0012,BILL000142,2026-07-29,55.09,ACH,Posted,CNF000000140
PAY000141,ACC0012,BILL000143,2026-08-28,55.01,ACH,Posted,CNF000000141
PAY000142,ACC0012,BILL000144,2026-09-27,62.64,ACH,Posted,CNF000000142
PAY000143,ACC0013,BILL000145,2025-11-01,66.86,Online Portal,Posted,CNF000000143
PAY000144,ACC0013,BILL000146,2025-12-01,64.91,Online Portal,Posted,CNF000000144
PAY000145,ACC0013,BILL000147,2025-12-31,64.69,Online Portal,Posted,CNF000000145
PAY000146,ACC0013,BILL000148,2026-01-30,66.4,Online Portal,Posted,CNF000000146
PAY000147,ACC0013,BILL000149,2026-03-01,62.79,Online Portal,Posted,CNF000000147
PAY000148,ACC0013,BILL000150,2026-03-31,58.68,Online Portal,Posted,CNF000000148
PAY000149,ACC0013,BILL000151,2026-04-30,62.49,Online Portal,Posted,CNF000000149
PAY000150,ACC0013,BILL000152,2026-05-30,60.8,Online Portal,Posted,CNF000000150
PAY000151,ACC0013,BILL000153,2026-06-29,65.81,Online Portal,Posted,CNF000000151
PAY000152,ACC0013,BILL000154,2026-07-29,66.68,Online Portal,Posted,CNF000000152
PAY000153,ACC0013,BILL000155,2026-08-28,62.05,Online Portal,Posted,CNF000000153
PAY000154,ACC0013,BILL000156,2026-09-27,66.76,Online Portal,Posted,CNF000000154
PAY000155,ACC0014,BILL000157,2025-11-01,67.98,Check,Posted,CNF000000155
PAY000156,ACC0014,BILL000158,2025-12-01,64.79,Check,Posted,CNF000000156
PAY000157,ACC0014,BILL000159,2025-12-31,59.29,Check,Posted,CNF000000157
PAY000158,ACC0014,BILL000160,2026-01-30,64.73,Check,Posted,CNF000000158
PAY000159,ACC0014,BILL000161,2026-03-01,63.61,Check,Posted,CNF000000159
PAY000160,ACC0014,BILL000162,2026-03-31,66.97,Check,Posted,CNF000000160
PAY000161,ACC0014,BILL000163,2026-04-30,61.39,Check,Posted,CNF000000161
PAY000162,ACC0014,BILL000164,2026-05-30,68.21,Check,Posted,CNF000000162
PAY000163,ACC0014,BILL000165,2026-06-29,68.79,Check,Posted,CNF000000163
PAY000164,ACC0014,BILL000166,2026-07-29,67.48,Check,Posted,CNF000000164
PAY000165,ACC0014,BILL000167,2026-08-28,61.6,Check,Posted,CNF000000165
PAY000166,ACC0015,BILL000169,2025-11-01,65.66,Phone - Secure Vendor,Posted,CNF000000166
PAY000167,ACC0015,BILL000170,2025-12-01,67.05,Phone - Secure Vendor,Posted,CNF000000167
PAY000168,ACC0015,BILL000171,2025-12-31,72.14,Phone - Secure Vendor,Posted,CNF000000168
PAY000169,ACC0015,BILL000172,2026-01-30,69.5,Phone - Secure Vendor,Posted,CNF000000169
PAY000170,ACC0015,BILL000173,2026-03-01,66.24,Phone - Secure Vendor,Posted,CNF000000170
PAY000171,ACC0015,BILL000174,2026-03-31,72.08,Phone - Secure Vendor,Posted,CNF000000171
PAY000172,ACC0015,BILL000175,2026-04-30,66.75,Phone - Secure Vendor,Posted,CNF000000172
PAY000173,ACC0015,BILL000176,2026-05-30,62.17,Phone - Secure Vendor,Posted,CNF000000173
PAY000174,ACC0015,BILL000177,2026-06-29,72.02,Phone - Secure Vendor,Posted,CNF000000174
PAY000175,ACC0015,BILL000178,2026-07-29,65.95,Phone - Secure Vendor,Posted,CNF000000175
PAY000176,ACC0015,BILL000179,2026-08-28,66.95,Phone - Secure Vendor,Posted,CNF000000176
PAY000177,ACC0015,BILL000180,2026-09-27,67.12,Phone - Secure Vendor,Posted,CNF000000177
PAY000178,ACC0016,BILL000181,2025-11-01,66.82,ACH,Posted,CNF000000178
PAY000179,ACC0016,BILL000182,2025-12-01,71.12,ACH,Posted,CNF000000179
PAY000180,ACC0016,BILL000183,2025-12-31,68.79,ACH,Posted,CNF000000180
PAY000181,ACC0016,BILL000184,2026-01-30,73.02,ACH,Posted,CNF000000181
PAY000182,ACC0016,BILL000185,2026-03-01,71.75,ACH,Posted,CNF000000182
PAY000183,ACC0016,BILL000186,2026-03-31,67.13,ACH,Posted,CNF000000183
PAY000184,ACC0016,BILL000187,2026-04-30,67.51,ACH,Posted,CNF000000184
PAY000185,ACC0016,BILL000188,2026-05-30,74.93,ACH,Posted,CNF000000185
PAY000186,ACC0016,BILL000189,2026-06-29,71.02,ACH,Posted,CNF000000186
PAY000187,ACC0016,BILL000190,2026-07-29,65.8,ACH,Posted,CNF000000187
PAY000188,ACC0016,BILL000191,2026-08-28,72.44,ACH,Posted,CNF000000188
PAY000189,ACC0016,BILL000192,2026-09-27,64.13,ACH,Posted,CNF000000189
PAY000190,ACC0017,BILL000193,2025-11-01,70.35,Online Portal,Posted,CNF000000190
PAY000191,ACC0017,BILL000194,2025-12-01,70.74,Online Portal,Posted,CNF000000191
PAY000192,ACC0017,BILL000195,2025-12-31,74.77,Online Portal,Posted,CNF000000192
PAY000193,ACC0017,BILL000196,2026-01-30,72.03,Online Portal,Posted,CNF000000193
PAY000194,ACC0017,BILL000197,2026-03-01,74.1,Online Portal,Posted,CNF000000194
PAY000195,ACC0017,BILL000198,2026-03-31,71.92,Online Portal,Posted,CNF000000195
PAY000196,ACC0017,BILL000199,2026-04-30,71.68,Online Portal,Posted,CNF000000196
PAY000197,ACC0017,BILL000200,2026-05-30,72.71,Online Portal,Posted,CNF000000197
PAY000198,ACC0017,BILL000201,2026-06-29,77.46,Online Portal,Posted,CNF000000198
PAY000199,ACC0017,BILL000202,2026-07-29,71.7,Online Portal,Posted,CNF000000199
PAY000200,ACC0017,BILL000203,2026-08-28,78.78,Online Portal,Posted,CNF000000200
PAY000201,ACC0017,BILL000204,2026-09-27,74.88,Online Portal,Posted,CNF000000201
PAY000202,ACC0018,BILL000205,2025-11-01,74.17,Check,Posted,CNF000000202
PAY000203,ACC0018,BILL000206,2025-12-01,69.16,Check,Posted,CNF000000203
PAY000204,ACC0018,BILL000207,2025-12-31,76.65,Check,Posted,CNF000000204
PAY000205,ACC0018,BILL000208,2026-01-30,75.98,Check,Posted,CNF000000205
PAY000206,ACC0018,BILL000209,2026-03-01,69.94,Check,Posted,CNF000000206
PAY000207,ACC0018,BILL000210,2026-03-31,76.44,Check,Posted,CNF000000207
PAY000208,ACC0018,BILL000211,2026-04-30,72.42,Check,Posted,CNF000000208
PAY000209,ACC0018,BILL000212,2026-05-30,68.91,Check,Posted,CNF000000209
PAY000210,ACC0018,BILL000213,2026-06-29,72.95,Check,Posted,CNF000000210
PAY000211,ACC0018,BILL000214,2026-07-29,75.59,Check,Posted,CNF000000211
PAY000212,ACC0018,BILL000215,2026-08-28,78.18,Check,Posted,CNF000000212
PAY000213,ACC0018,BILL000216,2026-09-27,81.53,Check,Posted,CNF000000213
PAY000214,ACC0019,BILL000217,2025-11-01,81.99,Phone - Secure Vendor,Posted,CNF000000214
PAY000215,ACC0019,BILL000218,2025-12-01,81.21,Phone - Secure Vendor,Posted,CNF000000215
PAY000216,ACC0019,BILL000219,2025-12-31,73.72,Phone - Secure Vendor,Posted,CNF000000216
PAY000217,ACC0019,BILL000220,2026-01-30,83.79,Phone - Secure Vendor,Posted,CNF000000217
PAY000218,ACC0019,BILL000221,2026-03-01,81.55,Phone - Secure Vendor,Posted,CNF000000218
PAY000219,ACC0019,BILL000222,2026-03-31,80.64,Phone - Secure Vendor,Posted,CNF000000219
PAY000220,ACC0019,BILL000223,2026-04-30,84.81,Phone - Secure Vendor,Posted,CNF000000220
PAY000221,ACC0019,BILL000224,2026-05-30,70.95,Phone - Secure Vendor,Posted,CNF000000221
PAY000222,ACC0019,BILL000225,2026-06-29,82.8,Phone - Secure Vendor,Posted,CNF000000222
PAY000223,ACC0019,BILL000226,2026-07-29,73.83,Phone - Secure Vendor,Posted,CNF000000223
PAY000224,ACC0019,BILL000227,2026-08-28,74.04,Phone - Secure Vendor,Posted,CNF000000224
PAY000225,ACC0019,BILL000228,2026-09-27,84.6,Phone - Secure Vendor,Posted,CNF000000225
PAY000226,ACC0020,BILL000229,2025-11-01,56.1,ACH,Posted,CNF000000226
PAY000227,ACC0020,BILL000230,2025-12-01,53.55,ACH,Posted,CNF000000227
PAY000228,ACC0020,BILL000231,2025-12-31,51.79,ACH,Posted,CNF000000228
PAY000229,ACC0020,BILL000232,2026-01-30,55.95,ACH,Posted,CNF000000229
PAY000230,ACC0020,BILL000233,2026-03-01,50.84,ACH,Posted,CNF000000230
PAY000231,ACC0020,BILL000234,2026-03-31,54.62,ACH,Posted,CNF000000231
PAY000232,ACC0020,BILL000235,2026-04-30,57.93,ACH,Posted,CNF000000232
PAY000233,ACC0020,BILL000236,2026-05-30,57.88,ACH,Posted,CNF000000233
PAY000234,ACC0020,BILL000237,2026-06-29,58.05,ACH,Posted,CNF000000234
PAY000235,ACC0020,BILL000238,2026-07-29,50.21,ACH,Posted,CNF000000235
PAY000236,ACC0020,BILL000239,2026-08-28,50.16,ACH,Posted,CNF000000236
PAY000237,ACC0020,BILL000240,2026-09-27,52.69,ACH,Posted,CNF000000237
PAY000238,ACC0021,BILL000241,2025-11-01,53.33,Online Portal,Posted,CNF000000238
PAY000239,ACC0021,BILL000242,2025-12-01,52.7,Online Portal,Posted,CNF000000239
PAY000240,ACC0021,BILL000243,2025-12-31,56.43,Online Portal,Posted,CNF000000240
PAY000241,ACC0021,BILL000244,2026-01-30,55.94,Online Portal,Posted,CNF000000241
PAY000242,ACC0021,BILL000245,2026-03-01,53.99,Online Portal,Posted,CNF000000242
PAY000243,ACC0021,BILL000246,2026-03-31,61.33,Online Portal,Posted,CNF000000243
PAY000244,ACC0021,BILL000247,2026-04-30,59.27,Online Portal,Posted,CNF000000244
PAY000245,ACC0021,BILL000248,2026-05-30,57.0,Online Portal,Posted,CNF000000245
PAY000246,ACC0021,BILL000249,2026-06-29,54.9,Online Portal,Posted,CNF000000246
PAY000247,ACC0021,BILL000250,2026-07-29,59.87,Online Portal,Posted,CNF000000247
PAY000248,ACC0021,BILL000251,2026-08-28,58.42,Online Portal,Posted,CNF000000248
PAY000249,ACC0022,BILL000253,2025-11-01,57.98,Check,Posted,CNF000000249
PAY000250,ACC0022,BILL000254,2025-12-01,62.29,Check,Posted,CNF000000250
PAY000251,ACC0022,BILL000255,2025-12-31,55.81,Check,Posted,CNF000000251
PAY000252,ACC0022,BILL000256,2026-01-30,62.53,Check,Posted,CNF000000252
PAY000253,ACC0022,BILL000257,2026-03-01,60.1,Check,Posted,CNF000000253
PAY000254,ACC0022,BILL000258,2026-03-31,57.28,Check,Posted,CNF000000254
PAY000255,ACC0022,BILL000259,2026-04-30,59.08,Check,Posted,CNF000000255
PAY000256,ACC0022,BILL000260,2026-05-30,58.71,Check,Posted,CNF000000256
PAY000257,ACC0022,BILL000261,2026-06-29,61.06,Check,Posted,CNF000000257
PAY000258,ACC0022,BILL000262,2026-07-29,56.67,Check,Posted,CNF000000258
PAY000259,ACC0022,BILL000263,2026-08-28,64.14,Check,Posted,CNF000000259
PAY000260,ACC0022,BILL000264,2026-09-27,55.5,Check,Posted,CNF000000260
PAY000261,ACC0023,BILL000265,2025-11-01,58.76,Phone - Secure Vendor,Posted,CNF000000261
PAY000262,ACC0023,BILL000266,2025-12-01,57.77,Phone - Secure Vendor,Posted,CNF000000262
PAY000263,ACC0023,BILL000267,2025-12-31,58.88,Phone - Secure Vendor,Posted,CNF000000263
PAY000264,ACC0023,BILL000268,2026-01-30,58.73,Phone - Secure Vendor,Posted,CNF000000264
PAY000265,ACC0023,BILL000269,2026-03-01,57.42,Phone - Secure Vendor,Posted,CNF000000265
PAY000266,ACC0023,BILL000270,2026-03-31,66.81,Phone - Secure Vendor,Posted,CNF000000266
PAY000267,ACC0023,BILL000271,2026-04-30,65.96,Phone - Secure Vendor,Posted,CNF000000267
PAY000268,ACC0023,BILL000272,2026-05-30,66.3,Phone - Secure Vendor,Posted,CNF000000268
PAY000269,ACC0023,BILL000273,2026-06-29,63.46,Phone - Secure Vendor,Posted,CNF000000269
PAY000270,ACC0023,BILL000274,2026-07-29,61.26,Phone - Secure Vendor,Posted,CNF000000270
PAY000271,ACC0023,BILL000275,2026-08-28,59.4,Phone - Secure Vendor,Posted,CNF000000271
PAY000272,ACC0023,BILL000276,2026-09-27,61.31,Phone - Secure Vendor,Posted,CNF000000272
PAY000273,ACC0024,BILL000277,2025-11-01,69.4,ACH,Posted,CNF000000273
PAY000274,ACC0024,BILL000278,2025-12-01,61.86,ACH,Posted,CNF000000274
PAY000275,ACC0024,BILL000279,2025-12-31,65.23,ACH,Posted,CNF000000275
PAY000276,ACC0024,BILL000280,2026-01-30,63.16,ACH,Posted,CNF000000276
PAY000277,ACC0024,BILL000281,2026-03-01,61.59,ACH,Posted,CNF000000277
PAY000278,ACC0024,BILL000282,2026-03-31,59.84,ACH,Posted,CNF000000278
PAY000279,ACC0024,BILL000283,2026-04-30,65.86,ACH,Posted,CNF000000279
PAY000280,ACC0024,BILL000284,2026-05-30,59.43,ACH,Posted,CNF000000280
PAY000281,ACC0024,BILL000285,2026-06-29,61.39,ACH,Posted,CNF000000281
PAY000282,ACC0024,BILL000286,2026-07-29,69.38,ACH,Posted,CNF000000282
PAY000283,ACC0024,BILL000287,2026-08-28,60.17,ACH,Posted,CNF000000283
PAY000284,ACC0024,BILL000288,2026-09-27,65.05,ACH,Posted,CNF000000284
PAY000285,ACC0025,BILL000289,2025-11-01,65.58,Online Portal,Posted,CNF000000285
PAY000286,ACC0025,BILL000290,2025-12-01,61.83,Online Portal,Posted,CNF000000286
PAY000287,ACC0025,BILL000291,2025-12-31,65.52,Online Portal,Posted,CNF000000287
PAY000288,ACC0025,BILL000292,2026-01-30,66.54,Online Portal,Posted,CNF000000288
PAY000289,ACC0025,BILL000293,2026-03-01,67.45,Online Portal,Posted,CNF000000289
PAY000290,ACC0025,BILL000294,2026-03-31,69.85,Online Portal,Posted,CNF000000290
PAY000291,ACC0025,BILL000295,2026-04-30,66.34,Online Portal,Posted,CNF000000291
PAY000292,ACC0025,BILL000296,2026-05-30,67.38,Online Portal,Posted,CNF000000292
PAY000293,ACC0025,BILL000297,2026-06-29,72.7,Online Portal,Posted,CNF000000293
PAY000294,ACC0025,BILL000298,2026-07-29,61.73,Online Portal,Posted,CNF000000294
PAY000295,ACC0025,BILL000299,2026-08-28,67.58,Online Portal,Posted,CNF000000295
PAY000296,ACC0025,BILL000300,2026-09-27,68.49,Online Portal,Posted,CNF000000296
PAY000297,ACC0026,BILL000301,2025-11-01,68.25,Check,Posted,CNF000000297
PAY000298,ACC0026,BILL000302,2025-12-01,71.93,Check,Posted,CNF000000298
PAY000299,ACC0026,BILL000303,2025-12-31,70.45,Check,Posted,CNF000000299
PAY000300,ACC0026,BILL000304,2026-01-30,69.26,Check,Posted,CNF000000300
PAY000301,ACC0026,BILL000305,2026-03-01,73.44,Check,Posted,CNF000000301
PAY000302,ACC0026,BILL000306,2026-03-31,74.63,Check,Posted,CNF000000302
PAY000303,ACC0026,BILL000307,2026-04-30,69.99,Check,Posted,CNF000000303
PAY000304,ACC0026,BILL000308,2026-05-30,75.48,Check,Posted,CNF000000304
PAY000305,ACC0026,BILL000309,2026-06-29,74.25,Check,Posted,CNF000000305
PAY000306,ACC0026,BILL000310,2026-07-29,65.06,Check,Posted,CNF000000306
PAY000307,ACC0026,BILL000311,2026-08-28,68.91,Check,Posted,CNF000000307
PAY000308,ACC0026,BILL000312,2026-09-27,68.07,Check,Posted,CNF000000308
PAY000309,ACC0027,BILL000313,2025-11-01,71.27,Phone - Secure Vendor,Posted,CNF000000309
PAY000310,ACC0027,BILL000314,2025-12-01,67.55,Phone - Secure Vendor,Posted,CNF000000310
PAY000311,ACC0027,BILL000315,2025-12-31,68.58,Phone - Secure Vendor,Posted,CNF000000311
PAY000312,ACC0027,BILL000316,2026-01-30,68.15,Phone - Secure Vendor,Posted,CNF000000312
PAY000313,ACC0027,BILL000317,2026-03-01,75.27,Phone - Secure Vendor,Posted,CNF000000313
PAY000314,ACC0027,BILL000318,2026-03-31,69.02,Phone - Secure Vendor,Posted,CNF000000314
PAY000315,ACC0027,BILL000319,2026-04-30,76.88,Phone - Secure Vendor,Posted,CNF000000315
PAY000316,ACC0027,BILL000320,2026-05-30,67.21,Phone - Secure Vendor,Posted,CNF000000316
PAY000317,ACC0027,BILL000321,2026-06-29,72.3,Phone - Secure Vendor,Posted,CNF000000317
PAY000318,ACC0027,BILL000322,2026-07-29,71.08,Phone - Secure Vendor,Posted,CNF000000318
PAY000319,ACC0027,BILL000323,2026-08-28,77.4,Phone - Secure Vendor,Posted,CNF000000319
PAY000320,ACC0027,BILL000324,2026-09-27,77.82,Phone - Secure Vendor,Posted,CNF000000320
PAY000321,ACC0028,BILL000325,2025-11-01,74.17,ACH,Posted,CNF000000321
PAY000322,ACC0028,BILL000326,2025-12-01,71.9,ACH,Posted,CNF000000322
PAY000323,ACC0028,BILL000327,2025-12-31,75.13,ACH,Posted,CNF000000323
PAY000324,ACC0028,BILL000328,2026-01-30,81.54,ACH,Posted,CNF000000324
PAY000325,ACC0028,BILL000329,2026-03-01,75.09,ACH,Posted,CNF000000325
PAY000326,ACC0028,BILL000330,2026-03-31,70.61,ACH,Posted,CNF000000326
PAY000327,ACC0028,BILL000331,2026-04-30,74.51,ACH,Posted,CNF000000327
PAY000328,ACC0028,BILL000332,2026-05-30,70.68,ACH,Posted,CNF000000328
PAY000329,ACC0028,BILL000333,2026-06-29,73.02,ACH,Posted,CNF000000329
PAY000330,ACC0028,BILL000334,2026-07-29,80.64,ACH,Posted,CNF000000330
PAY000331,ACC0028,BILL000335,2026-08-28,70.05,ACH,Posted,CNF000000331
PAY000332,ACC0029,BILL000337,2025-11-01,77.39,Online Portal,Posted,CNF000000332
PAY000333,ACC0029,BILL000338,2025-12-01,79.62,Online Portal,Posted,CNF000000333
PAY000334,ACC0029,BILL000339,2025-12-31,84.63,Online Portal,Posted,CNF000000334
PAY000335,ACC0029,BILL000340,2026-01-30,77.12,Online Portal,Posted,CNF000000335
PAY000336,ACC0029,BILL000341,2026-03-01,79.98,Online Portal,Posted,CNF000000336
PAY000337,ACC0029,BILL000342,2026-03-31,82.2,Online Portal,Posted,CNF000000337
PAY000338,ACC0029,BILL000343,2026-04-30,79.77,Online Portal,Posted,CNF000000338
PAY000339,ACC0029,BILL000344,2026-05-30,74.01,Online Portal,Posted,CNF000000339
PAY000340,ACC0029,BILL000345,2026-06-29,84.52,Online Portal,Posted,CNF000000340
PAY000341,ACC0029,BILL000346,2026-07-29,84.44,Online Portal,Posted,CNF000000341
PAY000342,ACC0029,BILL000347,2026-08-28,72.14,Online Portal,Posted,CNF000000342
PAY000343,ACC0029,BILL000348,2026-09-27,81.74,Online Portal,Posted,CNF000000343
PAY000344,ACC0030,BILL000349,2025-11-01,51.39,Check,Posted,CNF000000344
PAY000345,ACC0030,BILL000350,2025-12-01,54.9,Check,Posted,CNF000000345
PAY000346,ACC0030,BILL000351,2025-12-31,53.67,Check,Posted,CNF000000346
PAY000347,ACC0030,BILL000352,2026-01-30,50.88,Check,Posted,CNF000000347
PAY000348,ACC0030,BILL000353,2026-03-01,50.68,Check,Posted,CNF000000348
PAY000349,ACC0030,BILL000354,2026-03-31,50.72,Check,Posted,CNF000000349
PAY000350,ACC0030,BILL000355,2026-04-30,57.85,Check,Posted,CNF000000350
PAY000351,ACC0030,BILL000356,2026-05-30,50.33,Check,Posted,CNF000000351
PAY000352,ACC0030,BILL000357,2026-06-29,56.53,Check,Posted,CNF000000352
PAY000353,ACC0030,BILL000358,2026-07-29,54.37,Check,Posted,CNF000000353
PAY000354,ACC0030,BILL000359,2026-08-28,53.84,Check,Posted,CNF000000354
PAY000355,ACC0030,BILL000360,2026-09-27,56.02,Check,Posted,CNF000000355
PAY000356,ACC0031,BILL000361,2025-11-01,55.2,Phone - Secure Vendor,Posted,CNF000000356
PAY000357,ACC0031,BILL000362,2025-12-01,59.89,Phone - Secure Vendor,Posted,CNF000000357
PAY000358,ACC0031,BILL000363,2025-12-31,54.77,Phone - Secure Vendor,Posted,CNF000000358
PAY000359,ACC0031,BILL000364,2026-01-30,55.87,Phone - Secure Vendor,Posted,CNF000000359
PAY000360,ACC0031,BILL000365,2026-03-01,57.72,Phone - Secure Vendor,Posted,CNF000000360
PAY000361,ACC0031,BILL000366,2026-03-31,53.84,Phone - Secure Vendor,Posted,CNF000000361
PAY000362,ACC0031,BILL000367,2026-04-30,53.36,Phone - Secure Vendor,Posted,CNF000000362
PAY000363,ACC0031,BILL000368,2026-05-30,60.62,Phone - Secure Vendor,Posted,CNF000000363
PAY000364,ACC0031,BILL000369,2026-06-29,57.89,Phone - Secure Vendor,Posted,CNF000000364
PAY000365,ACC0031,BILL000370,2026-07-29,58.34,Phone - Secure Vendor,Posted,CNF000000365
PAY000366,ACC0031,BILL000371,2026-08-28,59.88,Phone - Secure Vendor,Posted,CNF000000366
PAY000367,ACC0031,BILL000372,2026-09-27,55.16,Phone - Secure Vendor,Posted,CNF000000367
PAY000368,ACC0032,BILL000373,2025-11-01,61.41,ACH,Posted,CNF000000368
PAY000369,ACC0032,BILL000374,2025-12-01,57.36,ACH,Posted,CNF000000369
PAY000370,ACC0032,BILL000375,2025-12-31,55.99,ACH,Posted,CNF000000370
PAY000371,ACC0032,BILL000376,2026-01-30,57.67,ACH,Posted,CNF000000371
PAY000372,ACC0032,BILL000377,2026-03-01,57.95,ACH,Posted,CNF000000372
PAY000373,ACC0032,BILL000378,2026-03-31,56.43,ACH,Posted,CNF000000373
PAY000374,ACC0032,BILL000379,2026-04-30,56.33,ACH,Posted,CNF000000374
PAY000375,ACC0032,BILL000380,2026-05-30,62.3,ACH,Posted,CNF000000375
PAY000376,ACC0032,BILL000381,2026-06-29,55.59,ACH,Posted,CNF000000376
PAY000377,ACC0032,BILL000382,2026-07-29,56.84,ACH,Posted,CNF000000377
PAY000378,ACC0032,BILL000383,2026-08-28,56.73,ACH,Posted,CNF000000378
PAY000379,ACC0032,BILL000384,2026-09-27,54.75,ACH,Posted,CNF000000379
PAY000380,ACC0033,BILL000385,2025-11-01,60.28,Online Portal,Posted,CNF000000380
PAY000381,ACC0033,BILL000386,2025-12-01,58.88,Online Portal,Posted,CNF000000381
PAY000382,ACC0033,BILL000387,2025-12-31,62.63,Online Portal,Posted,CNF000000382
PAY000383,ACC0033,BILL000388,2026-01-30,57.29,Online Portal,Posted,CNF000000383
PAY000384,ACC0033,BILL000389,2026-03-01,60.73,Online Portal,Posted,CNF000000384
PAY000385,ACC0033,BILL000390,2026-03-31,63.22,Online Portal,Posted,CNF000000385
PAY000386,ACC0033,BILL000391,2026-04-30,59.65,Online Portal,Posted,CNF000000386
PAY000387,ACC0033,BILL000392,2026-05-30,57.16,Online Portal,Posted,CNF000000387
PAY000388,ACC0033,BILL000393,2026-06-29,63.89,Online Portal,Posted,CNF000000388
PAY000389,ACC0033,BILL000394,2026-07-29,60.83,Online Portal,Posted,CNF000000389
PAY000390,ACC0033,BILL000395,2026-08-28,59.13,Online Portal,Posted,CNF000000390
PAY000391,ACC0033,BILL000396,2026-09-27,62.43,Online Portal,Posted,CNF000000391
PAY000392,ACC0034,BILL000397,2025-11-01,63.0,Check,Posted,CNF000000392
PAY000393,ACC0034,BILL000398,2025-12-01,59.48,Check,Posted,CNF000000393
PAY000394,ACC0034,BILL000399,2025-12-31,66.77,Check,Posted,CNF000000394
PAY000395,ACC0034,BILL000400,2026-01-30,69.9,Check,Posted,CNF000000395
PAY000396,ACC0034,BILL000401,2026-03-01,70.13,Check,Posted,CNF000000396
PAY000397,ACC0034,BILL000402,2026-03-31,67.6,Check,Posted,CNF000000397
PAY000398,ACC0034,BILL000403,2026-04-30,62.38,Check,Posted,CNF000000398
PAY000399,ACC0034,BILL000404,2026-05-30,65.0,Check,Posted,CNF000000399
PAY000400,ACC0034,BILL000405,2026-06-29,62.39,Check,Posted,CNF000000400
PAY000401,ACC0034,BILL000406,2026-07-29,63.05,Check,Posted,CNF000000401
PAY000402,ACC0034,BILL000407,2026-08-28,63.1,Check,Posted,CNF000000402
PAY000403,ACC0034,BILL000408,2026-09-27,59.31,Check,Posted,CNF000000403
PAY000404,ACC0035,BILL000409,2025-11-01,70.05,Phone - Secure Vendor,Posted,CNF000000404
PAY000405,ACC0035,BILL000410,2025-12-01,62.71,Phone - Secure Vendor,Posted,CNF000000405
PAY000406,ACC0035,BILL000411,2025-12-31,70.95,Phone - Secure Vendor,Posted,CNF000000406
PAY000407,ACC0035,BILL000412,2026-01-30,71.71,Phone - Secure Vendor,Posted,CNF000000407
PAY000408,ACC0035,BILL000413,2026-03-01,73.16,Phone - Secure Vendor,Posted,CNF000000408
PAY000409,ACC0035,BILL000414,2026-03-31,73.23,Phone - Secure Vendor,Posted,CNF000000409
PAY000410,ACC0035,BILL000415,2026-04-30,63.8,Phone - Secure Vendor,Posted,CNF000000410
PAY000411,ACC0035,BILL000416,2026-05-30,70.66,Phone - Secure Vendor,Posted,CNF000000411
PAY000412,ACC0035,BILL000417,2026-06-29,70.41,Phone - Secure Vendor,Posted,CNF000000412
PAY000413,ACC0035,BILL000418,2026-07-29,73.23,Phone - Secure Vendor,Posted,CNF000000413
PAY000414,ACC0035,BILL000419,2026-08-28,69.65,Phone - Secure Vendor,Posted,CNF000000414
PAY000415,ACC0036,BILL000421,2025-11-01,64.5,ACH,Posted,CNF000000415
PAY000416,ACC0036,BILL000422,2025-12-01,65.33,ACH,Posted,CNF000000416
PAY000417,ACC0036,BILL000423,2025-12-31,75.12,ACH,Posted,CNF000000417
PAY000418,ACC0036,BILL000424,2026-01-30,74.6,ACH,Posted,CNF000000418
PAY000419,ACC0036,BILL000425,2026-03-01,72.63,ACH,Posted,CNF000000419
PAY000420,ACC0036,BILL000426,2026-03-31,76.13,ACH,Posted,CNF000000420
PAY000421,ACC0036,BILL000427,2026-04-30,69.05,ACH,Posted,CNF000000421
PAY000422,ACC0036,BILL000428,2026-05-30,75.59,ACH,Posted,CNF000000422
PAY000423,ACC0036,BILL000429,2026-06-29,67.15,ACH,Posted,CNF000000423
PAY000424,ACC0036,BILL000430,2026-07-29,70.25,ACH,Posted,CNF000000424
PAY000425,ACC0036,BILL000431,2026-08-28,70.9,ACH,Posted,CNF000000425
PAY000426,ACC0036,BILL000432,2026-09-27,68.71,ACH,Posted,CNF000000426
PAY000427,ACC0037,BILL000433,2025-11-01,69.87,Online Portal,Posted,CNF000000427
PAY000428,ACC0037,BILL000434,2025-12-01,67.67,Online Portal,Posted,CNF000000428
PAY000429,ACC0037,BILL000435,2025-12-31,72.83,Online Portal,Posted,CNF000000429
PAY000430,ACC0037,BILL000436,2026-01-30,67.99,Online Portal,Posted,CNF000000430
PAY000431,ACC0037,BILL000437,2026-03-01,77.57,Online Portal,Posted,CNF000000431
PAY000432,ACC0037,BILL000438,2026-03-31,70.19,Online Portal,Posted,CNF000000432
PAY000433,ACC0037,BILL000439,2026-04-30,74.48,Online Portal,Posted,CNF000000433
PAY000434,ACC0037,BILL000440,2026-05-30,73.04,Online Portal,Posted,CNF000000434
PAY000435,ACC0037,BILL000441,2026-06-29,78.37,Online Portal,Posted,CNF000000435
PAY000436,ACC0037,BILL000442,2026-07-29,70.77,Online Portal,Posted,CNF000000436
PAY000437,ACC0037,BILL000443,2026-08-28,72.54,Online Portal,Posted,CNF000000437
PAY000438,ACC0037,BILL000444,2026-09-27,74.74,Online Portal,Posted,CNF000000438
PAY000439,ACC0038,BILL000445,2025-11-01,77.98,Check,Posted,CNF000000439
PAY000440,ACC0038,BILL000446,2025-12-01,68.52,Check,Posted,CNF000000440
PAY000441,ACC0038,BILL000447,2025-12-31,81.88,Check,Posted,CNF000000441
PAY000442,ACC0038,BILL000448,2026-01-30,75.25,Check,Posted,CNF000000442
PAY000443,ACC0038,BILL000449,2026-03-01,79.12,Check,Posted,CNF000000443
PAY000444,ACC0038,BILL000450,2026-03-31,69.89,Check,Posted,CNF000000444
PAY000445,ACC0038,BILL000451,2026-04-30,79.26,Check,Posted,CNF000000445
PAY000446,ACC0038,BILL000452,2026-05-30,74.95,Check,Posted,CNF000000446
PAY000447,ACC0038,BILL000453,2026-06-29,69.06,Check,Posted,CNF000000447
PAY000448,ACC0038,BILL000454,2026-07-29,78.45,Check,Posted,CNF000000448
PAY000449,ACC0038,BILL000455,2026-08-28,79.45,Check,Posted,CNF000000449
PAY000450,ACC0038,BILL000456,2026-09-27,81.93,Check,Posted,CNF000000450
PAY000451,ACC0039,BILL000457,2025-11-01,79.68,Phone - Secure Vendor,Posted,CNF000000451
PAY000452,ACC0039,BILL000458,2025-12-01,83.64,Phone - Secure Vendor,Posted,CNF000000452
PAY000453,ACC0039,BILL000459,2025-12-31,72.93,Phone - Secure Vendor,Posted,CNF000000453
PAY000454,ACC0039,BILL000460,2026-01-30,76.84,Phone - Secure Vendor,Posted,CNF000000454
PAY000455,ACC0039,BILL000461,2026-03-01,83.13,Phone - Secure Vendor,Posted,CNF000000455
PAY000456,ACC0039,BILL000462,2026-03-31,83.55,Phone - Secure Vendor,Posted,CNF000000456
PAY000457,ACC0039,BILL000463,2026-04-30,75.03,Phone - Secure Vendor,Posted,CNF000000457
PAY000458,ACC0039,BILL000464,2026-05-30,83.47,Phone - Secure Vendor,Posted,CNF000000458
PAY000459,ACC0039,BILL000465,2026-06-29,79.47,Phone - Secure Vendor,Posted,CNF000000459
PAY000460,ACC0039,BILL000466,2026-07-29,80.93,Phone - Secure Vendor,Posted,CNF000000460
PAY000461,ACC0039,BILL000467,2026-08-28,73.33,Phone - Secure Vendor,Posted,CNF000000461
PAY000462,ACC0039,BILL000468,2026-09-27,77.75,Phone - Secure Vendor,Posted,CNF000000462
PAY000463,ACC0040,BILL000469,2025-11-01,56.36,ACH,Posted,CNF000000463
PAY000464,ACC0040,BILL000470,2025-12-01,50.89,ACH,Posted,CNF000000464
PAY000465,ACC0040,BILL000471,2025-12-31,50.44,ACH,Posted,CNF000000465
PAY000466,ACC0040,BILL000472,2026-01-30,52.27,ACH,Posted,CNF000000466
PAY000467,ACC0040,BILL000473,2026-03-01,50.48,ACH,Posted,CNF000000467
PAY000468,ACC0040,BILL000474,2026-03-31,51.31,ACH,Posted,CNF000000468
PAY000469,ACC0040,BILL000475,2026-04-30,53.46,ACH,Posted,CNF000000469
PAY000470,ACC0040,BILL000476,2026-05-30,52.09,ACH,Posted,CNF000000470
PAY000471,ACC0040,BILL000477,2026-06-29,54.8,ACH,Posted,CNF000000471
PAY000472,ACC0040,BILL000478,2026-07-29,53.93,ACH,Posted,CNF000000472
PAY000473,ACC0040,BILL000479,2026-08-28,54.75,ACH,Posted,CNF000000473
PAY000474,ACC0040,BILL000480,2026-09-27,57.23,ACH,Posted,CNF000000474
PAY000475,ACC0041,BILL000481,2025-11-01,56.46,Online Portal,Posted,CNF000000475
PAY000476,ACC0041,BILL000482,2025-12-01,61.09,Online Portal,Posted,CNF000000476
PAY000477,ACC0041,BILL000483,2025-12-31,60.02,Online Portal,Posted,CNF000000477
PAY000478,ACC0041,BILL000484,2026-01-30,56.4,Online Portal,Posted,CNF000000478
PAY000479,ACC0041,BILL000485,2026-03-01,56.15,Online Portal,Posted,CNF000000479
PAY000480,ACC0041,BILL000486,2026-03-31,59.7,Online Portal,Posted,CNF000000480
PAY000481,ACC0041,BILL000487,2026-04-30,59.95,Online Portal,Posted,CNF000000481
PAY000482,ACC0041,BILL000488,2026-05-30,52.65,Online Portal,Posted,CNF000000482
PAY000483,ACC0041,BILL000489,2026-06-29,56.22,Online Portal,Posted,CNF000000483
PAY000484,ACC0041,BILL000490,2026-07-29,54.8,Online Portal,Posted,CNF000000484
PAY000485,ACC0041,BILL000491,2026-08-28,58.83,Online Portal,Posted,CNF000000485
PAY000486,ACC0041,BILL000492,2026-09-27,56.76,Online Portal,Posted,CNF000000486
PAY000487,ACC0042,BILL000493,2025-11-01,55.55,Check,Posted,CNF000000487
PAY000488,ACC0042,BILL000494,2025-12-01,60.86,Check,Posted,CNF000000488
PAY000489,ACC0042,BILL000495,2025-12-31,57.29,Check,Posted,CNF000000489
PAY000490,ACC0042,BILL000496,2026-01-30,56.93,Check,Posted,CNF000000490
PAY000491,ACC0042,BILL000497,2026-03-01,63.66,Check,Posted,CNF000000491
PAY000492,ACC0042,BILL000498,2026-03-31,56.3,Check,Posted,CNF000000492
PAY000493,ACC0042,BILL000499,2026-04-30,59.35,Check,Posted,CNF000000493
PAY000494,ACC0042,BILL000500,2026-05-30,64.36,Check,Posted,CNF000000494
PAY000495,ACC0042,BILL000501,2026-06-29,59.57,Check,Posted,CNF000000495
PAY000496,ACC0042,BILL000502,2026-07-29,64.37,Check,Posted,CNF000000496
PAY000497,ACC0042,BILL000503,2026-08-28,60.11,Check,Posted,CNF000000497
PAY000498,ACC0043,BILL000505,2025-11-01,64.03,Phone - Secure Vendor,Posted,CNF000000498
PAY000499,ACC0043,BILL000506,2025-12-01,66.87,Phone - Secure Vendor,Posted,CNF000000499
PAY000500,ACC0043,BILL000507,2025-12-31,61.93,Phone - Secure Vendor,Posted,CNF000000500
PAY000501,ACC0043,BILL000508,2026-01-30,65.3,Phone - Secure Vendor,Posted,CNF000000501
PAY000502,ACC0043,BILL000509,2026-03-01,58.57,Phone - Secure Vendor,Posted,CNF000000502
PAY000503,ACC0043,BILL000510,2026-03-31,65.94,Phone - Secure Vendor,Posted,CNF000000503
PAY000504,ACC0043,BILL000511,2026-04-30,57.1,Phone - Secure Vendor,Posted,CNF000000504
PAY000505,ACC0043,BILL000512,2026-05-30,61.09,Phone - Secure Vendor,Posted,CNF000000505
PAY000506,ACC0043,BILL000513,2026-06-29,65.44,Phone - Secure Vendor,Posted,CNF000000506
PAY000507,ACC0043,BILL000514,2026-07-29,57.58,Phone - Secure Vendor,Posted,CNF000000507
PAY000508,ACC0043,BILL000515,2026-08-28,61.22,Phone - Secure Vendor,Posted,CNF000000508
PAY000509,ACC0043,BILL000516,2026-09-27,60.3,Phone - Secure Vendor,Posted,CNF000000509
PAY000510,ACC0044,BILL000517,2025-11-01,60.83,ACH,Posted,CNF000000510
PAY000511,ACC0044,BILL000518,2025-12-01,68.67,ACH,Posted,CNF000000511
PAY000512,ACC0044,BILL000519,2025-12-31,66.65,ACH,Posted,CNF000000512
PAY000513,ACC0044,BILL000520,2026-01-30,61.88,ACH,Posted,CNF000000513
PAY000514,ACC0044,BILL000521,2026-03-01,67.37,ACH,Posted,CNF000000514
PAY000515,ACC0044,BILL000522,2026-03-31,64.68,ACH,Posted,CNF000000515
PAY000516,ACC0044,BILL000523,2026-04-30,62.44,ACH,Posted,CNF000000516
PAY000517,ACC0044,BILL000524,2026-05-30,59.86,ACH,Posted,CNF000000517
PAY000518,ACC0044,BILL000525,2026-06-29,64.45,ACH,Posted,CNF000000518
PAY000519,ACC0044,BILL000526,2026-07-29,65.68,ACH,Posted,CNF000000519
PAY000520,ACC0044,BILL000527,2026-08-28,65.52,ACH,Posted,CNF000000520
PAY000521,ACC0044,BILL000528,2026-09-27,60.07,ACH,Posted,CNF000000521
PAY000522,ACC0045,BILL000529,2025-11-01,68.68,Online Portal,Posted,CNF000000522
PAY000523,ACC0045,BILL000530,2025-12-01,62.38,Online Portal,Posted,CNF000000523
PAY000524,ACC0045,BILL000531,2025-12-31,62.6,Online Portal,Posted,CNF000000524
PAY000525,ACC0045,BILL000532,2026-01-30,65.0,Online Portal,Posted,CNF000000525
PAY000526,ACC0045,BILL000533,2026-03-01,64.88,Online Portal,Posted,CNF000000526
PAY000527,ACC0045,BILL000534,2026-03-31,65.49,Online Portal,Posted,CNF000000527
PAY000528,ACC0045,BILL000535,2026-04-30,70.41,Online Portal,Posted,CNF000000528
PAY000529,ACC0045,BILL000536,2026-05-30,69.07,Online Portal,Posted,CNF000000529
PAY000530,ACC0045,BILL000537,2026-06-29,71.06,Online Portal,Posted,CNF000000530
PAY000531,ACC0045,BILL000538,2026-07-29,70.34,Online Portal,Posted,CNF000000531
PAY000532,ACC0045,BILL000539,2026-08-28,65.5,Online Portal,Posted,CNF000000532
PAY000533,ACC0045,BILL000540,2026-09-27,66.67,Online Portal,Posted,CNF000000533
PAY000534,ACC0046,BILL000541,2025-11-01,64.62,Check,Posted,CNF000000534
PAY000535,ACC0046,BILL000542,2025-12-01,74.74,Check,Posted,CNF000000535
PAY000536,ACC0046,BILL000543,2025-12-31,65.62,Check,Posted,CNF000000536
PAY000537,ACC0046,BILL000544,2026-01-30,64.41,Check,Posted,CNF000000537
PAY000538,ACC0046,BILL000545,2026-03-01,64.7,Check,Posted,CNF000000538
PAY000539,ACC0046,BILL000546,2026-03-31,74.96,Check,Posted,CNF000000539
PAY000540,ACC0046,BILL000547,2026-04-30,73.96,Check,Posted,CNF000000540
PAY000541,ACC0046,BILL000548,2026-05-30,74.0,Check,Posted,CNF000000541
PAY000542,ACC0046,BILL000549,2026-06-29,65.0,Check,Posted,CNF000000542
PAY000543,ACC0046,BILL000550,2026-07-29,73.33,Check,Posted,CNF000000543
PAY000544,ACC0046,BILL000551,2026-08-28,75.31,Check,Posted,CNF000000544
PAY000545,ACC0046,BILL000552,2026-09-27,63.87,Check,Posted,CNF000000545
PAY000546,ACC0047,BILL000553,2025-11-01,76.66,Phone - Secure Vendor,Posted,CNF000000546
PAY000547,ACC0047,BILL000554,2025-12-01,66.54,Phone - Secure Vendor,Posted,CNF000000547
PAY000548,ACC0047,BILL000555,2025-12-31,78.69,Phone - Secure Vendor,Posted,CNF000000548
PAY000549,ACC0047,BILL000556,2026-01-30,77.0,Phone - Secure Vendor,Posted,CNF000000549
PAY000550,ACC0047,BILL000557,2026-03-01,75.82,Phone - Secure Vendor,Posted,CNF000000550
PAY000551,ACC0047,BILL000558,2026-03-31,78.6,Phone - Secure Vendor,Posted,CNF000000551
PAY000552,ACC0047,BILL000559,2026-04-30,76.41,Phone - Secure Vendor,Posted,CNF000000552
PAY000553,ACC0047,BILL000560,2026-05-30,66.61,Phone - Secure Vendor,Posted,CNF000000553
PAY000554,ACC0047,BILL000561,2026-06-29,70.98,Phone - Secure Vendor,Posted,CNF000000554
PAY000555,ACC0047,BILL000562,2026-07-29,76.33,Phone - Secure Vendor,Posted,CNF000000555
PAY000556,ACC0047,BILL000563,2026-08-28,68.69,Phone - Secure Vendor,Posted,CNF000000556
PAY000557,ACC0047,BILL000564,2026-09-27,70.8,Phone - Secure Vendor,Posted,CNF000000557
PAY000558,ACC0048,BILL000565,2025-11-01,78.37,ACH,Posted,CNF000000558
PAY000559,ACC0048,BILL000566,2025-12-01,74.85,ACH,Posted,CNF000000559
PAY000560,ACC0048,BILL000567,2025-12-31,76.63,ACH,Posted,CNF000000560
PAY000561,ACC0048,BILL000568,2026-01-30,78.91,ACH,Posted,CNF000000561
PAY000562,ACC0048,BILL000569,2026-03-01,78.35,ACH,Posted,CNF000000562
PAY000563,ACC0048,BILL000570,2026-03-31,76.29,ACH,Posted,CNF000000563
PAY000564,ACC0048,BILL000571,2026-04-30,68.99,ACH,Posted,CNF000000564
PAY000565,ACC0048,BILL000572,2026-05-30,81.92,ACH,Posted,CNF000000565
PAY000566,ACC0048,BILL000573,2026-06-29,78.3,ACH,Posted,CNF000000566
PAY000567,ACC0048,BILL000574,2026-07-29,74.51,ACH,Posted,CNF000000567
PAY000568,ACC0048,BILL000575,2026-08-28,80.65,ACH,Posted,CNF000000568
PAY000569,ACC0048,BILL000576,2026-09-27,69.87,ACH,Posted,CNF000000569
PAY000570,ACC0049,BILL000577,2025-11-01,73.04,Online Portal,Posted,CNF000000570
PAY000571,ACC0049,BILL000578,2025-12-01,82.67,Online Portal,Posted,CNF000000571
PAY000572,ACC0049,BILL000579,2025-12-31,70.93,Online Portal,Posted,CNF000000572
PAY000573,ACC0049,BILL000580,2026-01-30,82.7,Online Portal,Posted,CNF000000573
PAY000574,ACC0049,BILL000581,2026-03-01,73.44,Online Portal,Posted,CNF000000574
PAY000575,ACC0049,BILL000582,2026-03-31,76.01,Online Portal,Posted,CNF000000575
PAY000576,ACC0049,BILL000583,2026-04-30,84.14,Online Portal,Posted,CNF000000576
PAY000577,ACC0049,BILL000584,2026-05-30,84.44,Online Portal,Posted,CNF000000577
PAY000578,ACC0049,BILL000585,2026-06-29,81.23,Online Portal,Posted,CNF000000578
PAY000579,ACC0049,BILL000586,2026-07-29,71.12,Online Portal,Posted,CNF000000579
PAY000580,ACC0049,BILL000587,2026-08-28,83.65,Online Portal,Posted,CNF000000580
PAY000581,ACC0050,BILL000589,2025-11-01,55.73,Check,Posted,CNF000000581
PAY000582,ACC0050,BILL000590,2025-12-01,52.82,Check,Posted,CNF000000582
PAY000583,ACC0050,BILL000591,2025-12-31,58.29,Check,Posted,CNF000000583
PAY000584,ACC0050,BILL000592,2026-01-30,53.58,Check,Posted,CNF000000584
PAY000585,ACC0050,BILL000593,2026-03-01,49.92,Check,Posted,CNF000000585
PAY000586,ACC0050,BILL000594,2026-03-31,57.04,Check,Posted,CNF000000586
PAY000587,ACC0050,BILL000595,2026-04-30,52.08,Check,Posted,CNF000000587
PAY000588,ACC0050,BILL000596,2026-05-30,55.38,Check,Posted,CNF000000588
PAY000589,ACC0050,BILL000597,2026-06-29,54.51,Check,Posted,CNF000000589
PAY000590,ACC0050,BILL000598,2026-07-29,54.51,Check,Posted,CNF000000590
PAY000591,ACC0050,BILL000599,2026-08-28,56.72,Check,Posted,CNF000000591
PAY000592,ACC0050,BILL000600,2026-09-27,53.21,Check,Posted,CNF000000592
PAY000593,ACC0051,BILL000601,2025-11-01,54.61,Phone - Secure Vendor,Posted,CNF000000593
PAY000594,ACC0051,BILL000602,2025-12-01,57.82,Phone - Secure Vendor,Posted,CNF000000594
PAY000595,ACC0051,BILL000603,2025-12-31,56.82,Phone - Secure Vendor,Posted,CNF000000595
PAY000596,ACC0051,BILL000604,2026-01-30,59.36,Phone - Secure Vendor,Posted,CNF000000596
PAY000597,ACC0051,BILL000605,2026-03-01,59.01,Phone - Secure Vendor,Posted,CNF000000597
PAY000598,ACC0051,BILL000606,2026-03-31,58.59,Phone - Secure Vendor,Posted,CNF000000598
PAY000599,ACC0051,BILL000607,2026-04-30,55.37,Phone - Secure Vendor,Posted,CNF000000599
PAY000600,ACC0051,BILL000608,2026-05-30,54.43,Phone - Secure Vendor,Posted,CNF000000600
PAY000601,ACC0051,BILL000609,2026-06-29,53.03,Phone - Secure Vendor,Posted,CNF000000601
PAY000602,ACC0051,BILL000610,2026-07-29,52.77,Phone - Secure Vendor,Posted,CNF000000602
PAY000603,ACC0051,BILL000611,2026-08-28,59.46,Phone - Secure Vendor,Posted,CNF000000603
PAY000604,ACC0051,BILL000612,2026-09-27,56.45,Phone - Secure Vendor,Posted,CNF000000604
PAY000605,ACC0052,BILL000613,2025-11-01,57.98,ACH,Posted,CNF000000605
PAY000606,ACC0052,BILL000614,2025-12-01,57.38,ACH,Posted,CNF000000606
PAY000607,ACC0052,BILL000615,2025-12-31,62.39,ACH,Posted,CNF000000607
PAY000608,ACC0052,BILL000616,2026-01-30,63.85,ACH,Posted,CNF000000608
PAY000609,ACC0052,BILL000617,2026-03-01,63.77,ACH,Posted,CNF000000609
PAY000610,ACC0052,BILL000618,2026-03-31,60.56,ACH,Posted,CNF000000610
PAY000611,ACC0052,BILL000619,2026-04-30,59.32,ACH,Posted,CNF000000611
PAY000612,ACC0052,BILL000620,2026-05-30,55.5,ACH,Posted,CNF000000612
PAY000613,ACC0052,BILL000621,2026-06-29,59.22,ACH,Posted,CNF000000613
PAY000614,ACC0052,BILL000622,2026-07-29,59.21,ACH,Posted,CNF000000614
PAY000615,ACC0052,BILL000623,2026-08-28,61.0,ACH,Posted,CNF000000615
PAY000616,ACC0052,BILL000624,2026-09-27,62.68,ACH,Posted,CNF000000616
PAY000617,ACC0053,BILL000625,2025-11-01,63.08,Online Portal,Posted,CNF000000617
PAY000618,ACC0053,BILL000626,2025-12-01,62.34,Online Portal,Posted,CNF000000618
PAY000619,ACC0053,BILL000627,2025-12-31,64.05,Online Portal,Posted,CNF000000619
PAY000620,ACC0053,BILL000628,2026-01-30,58.57,Online Portal,Posted,CNF000000620
PAY000621,ACC0053,BILL000629,2026-03-01,66.52,Online Portal,Posted,CNF000000621
PAY000622,ACC0053,BILL000630,2026-03-31,66.5,Online Portal,Posted,CNF000000622
PAY000623,ACC0053,BILL000631,2026-04-30,58.14,Online Portal,Posted,CNF000000623
PAY000624,ACC0053,BILL000632,2026-05-30,66.28,Online Portal,Posted,CNF000000624
PAY000625,ACC0053,BILL000633,2026-06-29,60.74,Online Portal,Posted,CNF000000625
PAY000626,ACC0053,BILL000634,2026-07-29,64.15,Online Portal,Posted,CNF000000626
PAY000627,ACC0053,BILL000635,2026-08-28,59.61,Online Portal,Posted,CNF000000627
PAY000628,ACC0053,BILL000636,2026-09-27,60.83,Online Portal,Posted,CNF000000628
PAY000629,ACC0054,BILL000637,2025-11-01,62.25,Check,Posted,CNF000000629
PAY000630,ACC0054,BILL000638,2025-12-01,64.48,Check,Posted,CNF000000630
PAY000631,ACC0054,BILL000639,2025-12-31,68.03,Check,Posted,CNF000000631
PAY000632,ACC0054,BILL000640,2026-01-30,63.86,Check,Posted,CNF000000632
PAY000633,ACC0054,BILL000641,2026-03-01,61.66,Check,Posted,CNF000000633
PAY000634,ACC0054,BILL000642,2026-03-31,60.11,Check,Posted,CNF000000634
PAY000635,ACC0054,BILL000643,2026-04-30,64.86,Check,Posted,CNF000000635
PAY000636,ACC0054,BILL000644,2026-05-30,63.16,Check,Posted,CNF000000636
PAY000637,ACC0054,BILL000645,2026-06-29,67.07,Check,Posted,CNF000000637
PAY000638,ACC0054,BILL000646,2026-07-29,66.34,Check,Posted,CNF000000638
PAY000639,ACC0054,BILL000647,2026-08-28,70.24,Check,Posted,CNF000000639
PAY000640,ACC0054,BILL000648,2026-09-27,63.07,Check,Posted,CNF000000640
PAY000641,ACC0055,BILL000649,2025-11-01,72.62,Phone - Secure Vendor,Posted,CNF000000641
PAY000642,ACC0055,BILL000650,2025-12-01,67.86,Phone - Secure Vendor,Posted,CNF000000642
PAY000643,ACC0055,BILL000651,2025-12-31,66.11,Phone - Secure Vendor,Posted,CNF000000643
PAY000644,ACC0055,BILL000652,2026-01-30,71.45,Phone - Secure Vendor,Posted,CNF000000644
PAY000645,ACC0055,BILL000653,2026-03-01,61.84,Phone - Secure Vendor,Posted,CNF000000645
PAY000646,ACC0055,BILL000654,2026-03-31,68.69,Phone - Secure Vendor,Posted,CNF000000646
PAY000647,ACC0055,BILL000655,2026-04-30,67.08,Phone - Secure Vendor,Posted,CNF000000647
PAY000648,ACC0055,BILL000656,2026-05-30,66.7,Phone - Secure Vendor,Posted,CNF000000648
PAY000649,ACC0055,BILL000657,2026-06-29,68.5,Phone - Secure Vendor,Posted,CNF000000649
PAY000650,ACC0055,BILL000658,2026-07-29,62.1,Phone - Secure Vendor,Posted,CNF000000650
PAY000651,ACC0055,BILL000659,2026-08-28,68.39,Phone - Secure Vendor,Posted,CNF000000651
PAY000652,ACC0055,BILL000660,2026-09-27,71.29,Phone - Secure Vendor,Posted,CNF000000652
PAY000653,ACC0056,BILL000661,2025-11-01,65.84,ACH,Posted,CNF000000653
PAY000654,ACC0056,BILL000662,2025-12-01,65.64,ACH,Posted,CNF000000654
PAY000655,ACC0056,BILL000663,2025-12-31,67.39,ACH,Posted,CNF000000655
PAY000656,ACC0056,BILL000664,2026-01-30,70.12,ACH,Posted,CNF000000656
PAY000657,ACC0056,BILL000665,2026-03-01,68.39,ACH,Posted,CNF000000657
PAY000658,ACC0056,BILL000666,2026-03-31,64.15,ACH,Posted,CNF000000658
PAY000659,ACC0056,BILL000667,2026-04-30,71.46,ACH,Posted,CNF000000659
PAY000660,ACC0056,BILL000668,2026-05-30,73.04,ACH,Posted,CNF000000660
PAY000661,ACC0056,BILL000669,2026-06-29,65.01,ACH,Posted,CNF000000661
PAY000662,ACC0056,BILL000670,2026-07-29,68.1,ACH,Posted,CNF000000662
PAY000663,ACC0056,BILL000671,2026-08-28,69.29,ACH,Posted,CNF000000663
PAY000664,ACC0057,BILL000673,2025-11-01,78.51,Online Portal,Posted,CNF000000664
PAY000665,ACC0057,BILL000674,2025-12-01,67.65,Online Portal,Posted,CNF000000665
PAY000666,ACC0057,BILL000675,2025-12-31,78.93,Online Portal,Posted,CNF000000666
PAY000667,ACC0057,BILL000676,2026-01-30,75.69,Online Portal,Posted,CNF000000667
PAY000668,ACC0057,BILL000677,2026-03-01,71.4,Online Portal,Posted,CNF000000668
PAY000669,ACC0057,BILL000678,2026-03-31,78.9,Online Portal,Posted,CNF000000669
PAY000670,ACC0057,BILL000679,2026-04-30,71.02,Online Portal,Posted,CNF000000670
PAY000671,ACC0057,BILL000680,2026-05-30,75.59,Online Portal,Posted,CNF000000671
PAY000672,ACC0057,BILL000681,2026-06-29,68.02,Online Portal,Posted,CNF000000672
PAY000673,ACC0057,BILL000682,2026-07-29,74.08,Online Portal,Posted,CNF000000673
PAY000674,ACC0057,BILL000683,2026-08-28,72.99,Online Portal,Posted,CNF000000674
PAY000675,ACC0057,BILL000684,2026-09-27,74.07,Online Portal,Posted,CNF000000675
PAY000676,ACC0058,BILL000685,2025-11-01,70.31,Check,Posted,CNF000000676
PAY000677,ACC0058,BILL000686,2025-12-01,72.36,Check,Posted,CNF000000677
PAY000678,ACC0058,BILL000687,2025-12-31,69.76,Check,Posted,CNF000000678
PAY000679,ACC0058,BILL000688,2026-01-30,72.34,Check,Posted,CNF000000679
PAY000680,ACC0058,BILL000689,2026-03-01,73.97,Check,Posted,CNF000000680
PAY000681,ACC0058,BILL000690,2026-03-31,68.92,Check,Posted,CNF000000681
PAY000682,ACC0058,BILL000691,2026-04-30,81.42,Check,Posted,CNF000000682
PAY000683,ACC0058,BILL000692,2026-05-30,75.21,Check,Posted,CNF000000683
PAY000684,ACC0058,BILL000693,2026-06-29,76.75,Check,Posted,CNF000000684
PAY000685,ACC0058,BILL000694,2026-07-29,76.68,Check,Posted,CNF000000685
PAY000686,ACC0058,BILL000695,2026-08-28,77.76,Check,Posted,CNF000000686
PAY000687,ACC0058,BILL000696,2026-09-27,70.72,Check,Posted,CNF000000687
PAY000688,ACC0059,BILL000697,2025-11-01,84.78,Phone - Secure Vendor,Posted,CNF000000688
PAY000689,ACC0059,BILL000698,2025-12-01,80.56,Phone - Secure Vendor,Posted,CNF000000689
PAY000690,ACC0059,BILL000699,2025-12-31,73.04,Phone - Secure Vendor,Posted,CNF000000690
PAY000691,ACC0059,BILL000700,2026-01-30,82.51,Phone - Secure Vendor,Posted,CNF000000691
PAY000692,ACC0059,BILL000701,2026-03-01,77.45,Phone - Secure Vendor,Posted,CNF000000692
PAY000693,ACC0059,BILL000702,2026-03-31,78.59,Phone - Secure Vendor,Posted,CNF000000693
PAY000694,ACC0059,BILL000703,2026-04-30,77.28,Phone - Secure Vendor,Posted,CNF000000694
PAY000695,ACC0059,BILL000704,2026-05-30,83.06,Phone - Secure Vendor,Posted,CNF000000695
PAY000696,ACC0059,BILL000705,2026-06-29,72.7,Phone - Secure Vendor,Posted,CNF000000696
PAY000697,ACC0059,BILL000706,2026-07-29,83.55,Phone - Secure Vendor,Posted,CNF000000697
PAY000698,ACC0059,BILL000707,2026-08-28,78.41,Phone - Secure Vendor,Posted,CNF000000698
PAY000699,ACC0059,BILL000708,2026-09-27,71.22,Phone - Secure Vendor,Posted,CNF000000699
PAY000700,ACC0060,BILL000709,2025-11-01,58.45,ACH,Posted,CNF000000700
PAY000701,ACC0060,BILL000710,2025-12-01,49.94,ACH,Posted,CNF000000701
PAY000702,ACC0060,BILL000711,2025-12-31,55.8,ACH,Posted,CNF000000702
PAY000703,ACC0060,BILL000712,2026-01-30,54.87,ACH,Posted,CNF000000703
PAY000704,ACC0060,BILL000713,2026-03-01,57.05,ACH,Posted,CNF000000704
PAY000705,ACC0060,BILL000714,2026-03-31,55.03,ACH,Posted,CNF000000705
PAY000706,ACC0060,BILL000715,2026-04-30,54.52,ACH,Posted,CNF000000706
PAY000707,ACC0060,BILL000716,2026-05-30,53.45,ACH,Posted,CNF000000707
PAY000708,ACC0060,BILL000717,2026-06-29,54.98,ACH,Posted,CNF000000708
PAY000709,ACC0060,BILL000718,2026-07-29,50.3,ACH,Posted,CNF000000709
PAY000710,ACC0060,BILL000719,2026-08-28,53.62,ACH,Posted,CNF000000710
PAY000711,ACC0060,BILL000720,2026-09-27,58.44,ACH,Posted,CNF000000711
PAY000712,ACC0004,BILL000048,2026-09-22,65.9,Online Portal,Posted,CNF000000712
