participant_id,interaction_id,participant_type,user_id,display_name,phone,joined_at,left_at
PART000001,INT00001,customer,,John Anderson,303-555-1001,2026-07-01 13:00:00,2026-07-01 13:05:37
PART000002,INT00001,agent,USR001,Angela Robinson,,2026-07-01 13:00:05,2026-07-01 13:05:37
PART000003,INT00002,customer,,Maria Garcia,303-555-1002,2026-07-01 18:00:00,2026-07-01 18:06:14
PART000004,INT00002,agent,USR002,Kevin Clark,,2026-07-01 18:00:05,2026-07-01 18:06:14
PART000005,INT00003,customer,,David Martinez,303-555-1003,2026-07-01 23:00:00,2026-07-01 23:06:51
PART000006,INT00003,agent,USR003,Michelle Lewis,,2026-07-01 23:00:05,2026-07-01 23:06:51
PART000007,INT00004,customer,,Emily Johnson,303-555-1004,2026-07-02 04:00:00,2026-07-02 04:07:28
PART000008,INT00004,agent,USR004,Brian Lee,,2026-07-02 04:00:05,2026-07-02 04:07:28
PART000009,INT00005,customer,,Michael Brown,303-555-1005,2026-07-02 09:00:00,2026-07-02 09:08:05
PART000010,INT00005,agent,USR005,Donna Walker,,2026-07-02 09:00:05,2026-07-02 09:08:05
PART000011,INT00006,customer,,Sarah Davis,303-555-1006,2026-07-02 14:00:00,2026-07-02 14:08:42
PART000012,INT00006,agent,USR006,Jose Hall,,2026-07-02 14:00:05,2026-07-02 14:08:42
PART000013,INT00007,customer,,Robert Wilson,303-555-1007,2026-07-02 19:00:00,2026-07-02 19:09:19
PART000014,INT00007,agent,USR007,Kimberly Allen,,2026-07-02 19:00:05,2026-07-02 19:09:19
PART000015,INT00008,customer,,Linda Miller,303-555-1008,2026-07-03 00:00:00,2026-07-03 00:09:56
PART000016,INT00008,agent,USR008,Jason Young,,2026-07-03 00:00:05,2026-07-03 00:09:56
PART000017,INT00009,customer,,James Moore,303-555-1009,2026-07-03 05:00:00,2026-07-03 05:10:33
PART000018,INT00009,agent,USR009,Sandra King,,2026-07-03 05:00:05,2026-07-03 05:10:33
PART000019,INT00010,customer,,Patricia Taylor,303-555-1010,2026-07-03 10:00:00,2026-07-03 10:05:10
PART000020,INT00010,agent,USR010,Eric Wright,,2026-07-03 10:00:05,2026-07-03 10:05:10
PART000021,INT00011,customer,,Daniel Thomas,303-555-1011,2026-07-03 15:00:00,2026-07-03 15:05:47
PART000022,INT00011,agent,USR011,Rebecca Lopez,,2026-07-03 15:00:05,2026-07-03 15:05:47
PART000023,INT00012,customer,,Jennifer Jackson,303-555-1012,2026-07-03 20:00:00,2026-07-03 20:06:24
PART000024,INT00012,agent,USR012,Adam Hill,,2026-07-03 20:00:05,2026-07-03 20:06:24
PART000025,INT00013,customer,,Thomas White,303-555-1013,2026-07-04 01:00:00,2026-07-04 01:07:01
PART000026,INT00013,agent,USR013,Laura Scott,,2026-07-04 01:00:05,2026-07-04 01:07:01
PART000027,INT00014,customer,,Karen Harris,303-555-1014,2026-07-04 06:00:00,2026-07-04 06:07:38
PART000028,INT00014,agent,USR014,Nathan Green,,2026-07-04 06:00:05,2026-07-04 06:07:38
PART000029,INT00015,customer,,Anthony Martin,303-555-1015,2026-07-04 11:00:00,2026-07-04 11:08:15
PART000030,INT00015,agent,USR015,Monica Adams,,2026-07-04 11:00:05,2026-07-04 11:08:15
PART000031,INT00016,customer,,Lisa Thompson,303-555-1016,2026-07-04 16:00:00,2026-07-04 16:08:52
PART000032,INT00016,agent,USR001,Angela Robinson,,2026-07-04 16:00:05,2026-07-04 16:08:52
PART000033,INT00017,customer,,Mark Robinson,303-555-1017,2026-07-04 21:00:00,2026-07-04 21:09:29
PART000034,INT00017,agent,USR002,Kevin Clark,,2026-07-04 21:00:05,2026-07-04 21:09:29
PART000035,INT00018,customer,,Nancy Clark,303-555-1018,2026-07-05 02:00:00,2026-07-05 02:10:06
PART000036,INT00018,agent,USR003,Michelle Lewis,,2026-07-05 02:00:05,2026-07-05 02:10:06
PART000037,INT00019,customer,,Steven Lewis,303-555-1019,2026-07-05 07:00:00,2026-07-05 07:10:43
PART000038,INT00019,agent,USR004,Brian Lee,,2026-07-05 07:00:05,2026-07-05 07:10:43
PART000039,INT00020,customer,,Betty Lee,303-555-1020,2026-07-05 12:00:00,2026-07-05 12:05:20
PART000040,INT00020,agent,USR005,Donna Walker,,2026-07-05 12:00:05,2026-07-05 12:05:20
PART000041,INT00021,customer,,Carlos Walker,303-555-1021,2026-07-05 17:00:00,2026-07-05 17:05:57
PART000042,INT00021,agent,USR006,Jose Hall,,2026-07-05 17:00:05,2026-07-05 17:05:57
PART000043,INT00022,customer,,Angela Hall,303-555-1022,2026-07-05 22:00:00,2026-07-05 22:06:34
PART000044,INT00022,agent,USR007,Kimberly Allen,,2026-07-05 22:00:05,2026-07-05 22:06:34
PART000045,INT00023,customer,,Kevin Allen,303-555-1023,2026-07-06 03:00:00,2026-07-06 03:07:11
PART000046,INT00023,agent,USR008,Jason Young,,2026-07-06 03:00:05,2026-07-06 03:07:11
PART000047,INT00024,customer,,Michelle Young,303-555-1024,2026-07-06 08:00:00,2026-07-06 08:07:48
PART000048,INT00024,agent,USR009,Sandra King,,2026-07-06 08:00:05,2026-07-06 08:07:48
PART000049,INT00025,customer,,Brian King,303-555-1025,2026-07-06 13:00:00,2026-07-06 13:08:25
PART000050,INT00025,agent,USR010,Eric Wright,,2026-07-06 13:00:05,2026-07-06 13:08:25
PART000051,INT00026,customer,,Donna Wright,303-555-1026,2026-07-06 18:00:00,2026-07-06 18:09:02
PART000052,INT00026,agent,USR011,Rebecca Lopez,,2026-07-06 18:00:05,2026-07-06 18:09:02
PART000053,INT00027,customer,,Jose Lopez,303-555-1027,2026-07-06 23:00:00,2026-07-06 23:09:39
PART000054,INT00027,agent,USR012,Adam Hill,,2026-07-06 23:00:05,2026-07-06 23:09:39
PART000055,INT00028,customer,,Kimberly Hill,303-555-1028,2026-07-07 04:00:00,2026-07-07 04:10:16
PART000056,INT00028,agent,USR013,Laura Scott,,2026-07-07 04:00:05,2026-07-07 04:10:16
PART000057,INT00029,customer,,Jason Scott,303-555-1029,2026-07-07 09:00:00,2026-07-07 09:10:53
PART000058,INT00029,agent,USR014,Nathan Green,,2026-07-07 09:00:05,2026-07-07 09:10:53
PART000059,INT00030,customer,,Sandra Green,303-555-1030,2026-07-07 14:00:00,2026-07-07 14:05:30
PART000060,INT00030,agent,USR015,Monica Adams,,2026-07-07 14:00:05,2026-07-07 14:05:30
PART000061,INT00031,customer,,Eric Adams,303-555-1031,2026-07-07 19:00:00,2026-07-07 19:06:07
PART000062,INT00031,agent,USR001,Angela Robinson,,2026-07-07 19:00:05,2026-07-07 19:06:07
PART000063,INT00032,customer,,Rebecca Baker,303-555-1032,2026-07-08 00:00:00,2026-07-08 00:06:44
PART000064,INT00032,agent,USR002,Kevin Clark,,2026-07-08 00:00:05,2026-07-08 00:06:44
PART000065,INT00033,customer,,Adam Nelson,303-555-1033,2026-07-08 05:00:00,2026-07-08 05:07:21
PART000066,INT00033,agent,USR003,Michelle Lewis,,2026-07-08 05:00:05,2026-07-08 05:07:21
PART000067,INT00034,customer,,Laura Carter,303-555-1034,2026-07-08 10:00:00,2026-07-08 10:07:58
PART000068,INT00034,agent,USR004,Brian Lee,,2026-07-08 10:00:05,2026-07-08 10:07:58
PART000069,INT00035,customer,,Nathan Mitchell,303-555-1035,2026-07-08 15:00:00,2026-07-08 15:08:35
PART000070,INT00035,agent,USR005,Donna Walker,,2026-07-08 15:00:05,2026-07-08 15:08:35
PART000071,INT00036,customer,,Monica Perez,303-555-1036,2026-07-08 20:00:00,2026-07-08 20:09:12
PART000072,INT00036,agent,USR006,Jose Hall,,2026-07-08 20:00:05,2026-07-08 20:09:12
PART000073,INT00037,customer,,Ryan Roberts,303-555-1037,2026-07-09 01:00:00,2026-07-09 01:09:49
PART000074,INT00037,agent,USR007,Kimberly Allen,,2026-07-09 01:00:05,2026-07-09 01:09:49
PART000075,INT00038,customer,,Vanessa Turner,303-555-1038,2026-07-09 06:00:00,2026-07-09 06:10:26
PART000076,INT00038,agent,USR008,Jason Young,,2026-07-09 06:00:05,2026-07-09 06:10:26
PART000077,INT00039,customer,,George Phillips,303-555-1039,2026-07-09 11:00:00,2026-07-09 11:05:03
PART000078,INT00039,agent,USR009,Sandra King,,2026-07-09 11:00:05,2026-07-09 11:05:03
PART000079,INT00040,customer,,Diana Campbell,303-555-1040,2026-07-09 16:00:00,2026-07-09 16:05:40
PART000080,INT00040,agent,USR010,Eric Wright,,2026-07-09 16:00:05,2026-07-09 16:05:40
PART000081,INT00041,customer,,Samuel Parker,303-555-1041,2026-07-09 21:00:00,2026-07-09 21:06:17
PART000082,INT00041,agent,USR011,Rebecca Lopez,,2026-07-09 21:00:05,2026-07-09 21:06:17
PART000083,INT00042,customer,,Priya Evans,303-555-1042,2026-07-10 02:00:00,2026-07-10 02:06:54
PART000084,INT00042,agent,USR012,Adam Hill,,2026-07-10 02:00:05,2026-07-10 02:06:54
PART000085,INT00043,customer,,Noah Edwards,303-555-1043,2026-07-10 07:00:00,2026-07-10 07:07:31
PART000086,INT00043,agent,USR013,Laura Scott,,2026-07-10 07:00:05,2026-07-10 07:07:31
PART000087,INT00044,customer,,Alicia Collins,303-555-1044,2026-07-10 12:00:00,2026-07-10 12:08:08
PART000088,INT00044,agent,USR014,Nathan Green,,2026-07-10 12:00:05,2026-07-10 12:08:08
PART000089,INT00045,customer,,Ethan Stewart,303-555-1045,2026-07-10 17:00:00,2026-07-10 17:08:45
PART000090,INT00045,agent,USR015,Monica Adams,,2026-07-10 17:00:05,2026-07-10 17:08:45
PART000091,INT00046,customer,,Grace Sanchez,303-555-1046,2026-07-10 22:00:00,2026-07-10 22:09:22
PART000092,INT00046,agent,USR001,Angela Robinson,,2026-07-10 22:00:05,2026-07-10 22:09:22
PART000093,INT00047,customer,,Luis Morris,303-555-1047,2026-07-11 03:00:00,2026-07-11 03:09:59
PART000094,INT00047,agent,USR002,Kevin Clark,,2026-07-11 03:00:05,2026-07-11 03:09:59
PART000095,INT00048,customer,,Megan Rogers,303-555-1048,2026-07-11 08:00:00,2026-07-11 08:10:36
PART000096,INT00048,agent,USR003,Michelle Lewis,,2026-07-11 08:00:05,2026-07-11 08:10:36
PART000097,INT00049,customer,,Omar Reed,303-555-1049,2026-07-11 13:00:00,2026-07-11 13:05:13
PART000098,INT00049,agent,USR004,Brian Lee,,2026-07-11 13:00:05,2026-07-11 13:05:13
PART000099,INT00050,customer,,Rachel Cook,303-555-1050,2026-07-11 18:00:00,2026-07-11 18:05:50
PART000100,INT00050,agent,USR005,Donna Walker,,2026-07-11 18:00:05,2026-07-11 18:05:50
PART000101,INT00051,customer,,Henry Morgan,303-555-1051,2026-07-11 23:00:00,2026-07-11 23:06:27
PART000102,INT00051,agent,USR006,Jose Hall,,2026-07-11 23:00:05,2026-07-11 23:06:27
PART000103,INT00052,customer,,Sophia Bell,303-555-1052,2026-07-12 04:00:00,2026-07-12 04:07:04
PART000104,INT00052,agent,USR007,Kimberly Allen,,2026-07-12 04:00:05,2026-07-12 04:07:04
PART000105,INT00053,customer,,Victor Murphy,303-555-1053,2026-07-12 09:00:00,2026-07-12 09:07:41
PART000106,INT00053,agent,USR008,Jason Young,,2026-07-12 09:00:05,2026-07-12 09:07:41
PART000107,INT00054,customer,,Chloe Bailey,303-555-1054,2026-07-12 14:00:00,2026-07-12 14:08:18
PART000108,INT00054,agent,USR009,Sandra King,,2026-07-12 14:00:05,2026-07-12 14:08:18
PART000109,INT00055,customer,,Isaac Rivera,303-555-1055,2026-07-12 19:00:00,2026-07-12 19:08:55
PART000110,INT00055,agent,USR010,Eric Wright,,2026-07-12 19:00:05,2026-07-12 19:08:55
PART000111,INT00056,customer,,Natalie Cooper,303-555-1056,2026-07-13 00:00:00,2026-07-13 00:09:32
PART000112,INT00056,agent,USR011,Rebecca Lopez,,2026-07-13 00:00:05,2026-07-13 00:09:32
PART000113,INT00057,customer,,Miguel Richardson,303-555-1057,2026-07-13 05:00:00,2026-07-13 05:10:09
PART000114,INT00057,agent,USR012,Adam Hill,,2026-07-13 05:00:05,2026-07-13 05:10:09
PART000115,INT00058,customer,,Hannah Cox,303-555-1058,2026-07-13 10:00:00,2026-07-13 10:10:46
PART000116,INT00058,agent,USR013,Laura Scott,,2026-07-13 10:00:05,2026-07-13 10:10:46
PART000117,INT00059,customer,,Aaron Howard,303-555-1059,2026-07-13 15:00:00,2026-07-13 15:05:23
PART000118,INT00059,agent,USR014,Nathan Green,,2026-07-13 15:00:05,2026-07-13 15:05:23
PART000119,INT00060,customer,,Julia Ward,303-555-1060,2026-07-13 20:00:00,2026-07-13 20:06:00
PART000120,INT00060,agent,USR015,Monica Adams,,2026-07-13 20:00:05,2026-07-13 20:06:00
PART000121,INT00061,customer,,John Anderson,303-555-1001,2026-07-14 01:00:00,2026-07-14 01:06:37
PART000122,INT00061,agent,USR001,Angela Robinson,,2026-07-14 01:00:05,2026-07-14 01:06:37
PART000123,INT00062,customer,,Maria Garcia,303-555-1002,2026-07-14 06:00:00,2026-07-14 06:07:14
PART000124,INT00062,agent,USR002,Kevin Clark,,2026-07-14 06:00:05,2026-07-14 06:07:14
PART000125,INT00063,customer,,David Martinez,303-555-1003,2026-07-14 11:00:00,2026-07-14 11:07:51
PART000126,INT00063,agent,USR003,Michelle Lewis,,2026-07-14 11:00:05,2026-07-14 11:07:51
PART000127,INT00064,customer,,Emily Johnson,303-555-1004,2026-07-14 16:00:00,2026-07-14 16:08:28
PART000128,INT00064,agent,USR004,Brian Lee,,2026-07-14 16:00:05,2026-07-14 16:08:28
PART000129,INT00065,customer,,Michael Brown,303-555-1005,2026-07-14 21:00:00,2026-07-14 21:09:05
PART000130,INT00065,agent,USR005,Donna Walker,,2026-07-14 21:00:05,2026-07-14 21:09:05
PART000131,INT00066,customer,,Sarah Davis,303-555-1006,2026-07-15 02:00:00,2026-07-15 02:09:42
PART000132,INT00066,agent,USR006,Jose Hall,,2026-07-15 02:00:05,2026-07-15 02:09:42
PART000133,INT00067,customer,,Robert Wilson,303-555-1007,2026-07-15 07:00:00,2026-07-15 07:10:19
PART000134,INT00067,agent,USR007,Kimberly Allen,,2026-07-15 07:00:05,2026-07-15 07:10:19
PART000135,INT00068,customer,,Linda Miller,303-555-1008,2026-07-15 12:00:00,2026-07-15 12:10:56
PART000136,INT00068,agent,USR008,Jason Young,,2026-07-15 12:00:05,2026-07-15 12:10:56
PART000137,INT00069,customer,,James Moore,303-555-1009,2026-07-15 17:00:00,2026-07-15 17:05:33
PART000138,INT00069,agent,USR009,Sandra King,,2026-07-15 17:00:05,2026-07-15 17:05:33
PART000139,INT00070,customer,,Patricia Taylor,303-555-1010,2026-07-15 22:00:00,2026-07-15 22:06:10
PART000140,INT00070,agent,USR010,Eric Wright,,2026-07-15 22:00:05,2026-07-15 22:06:10
PART000141,INT00071,customer,,Daniel Thomas,303-555-1011,2026-07-16 03:00:00,2026-07-16 03:06:47
PART000142,INT00071,agent,USR011,Rebecca Lopez,,2026-07-16 03:00:05,2026-07-16 03:06:47
PART000143,INT00072,customer,,Jennifer Jackson,303-555-1012,2026-07-16 08:00:00,2026-07-16 08:07:24
PART000144,INT00072,agent,USR012,Adam Hill,,2026-07-16 08:00:05,2026-07-16 08:07:24
PART000145,INT00073,customer,,Thomas White,303-555-1013,2026-07-16 13:00:00,2026-07-16 13:08:01
PART000146,INT00073,agent,USR013,Laura Scott,,2026-07-16 13:00:05,2026-07-16 13:08:01
PART000147,INT00074,customer,,Karen Harris,303-555-1014,2026-07-16 18:00:00,2026-07-16 18:08:38
PART000148,INT00074,agent,USR014,Nathan Green,,2026-07-16 18:00:05,2026-07-16 18:08:38
PART000149,INT00075,customer,,Anthony Martin,303-555-1015,2026-07-16 23:00:00,2026-07-16 23:09:15
PART000150,INT00075,agent,USR015,Monica Adams,,2026-07-16 23:00:05,2026-07-16 23:09:15
PART000151,INT00076,customer,,Lisa Thompson,303-555-1016,2026-07-17 04:00:00,2026-07-17 04:09:52
PART000152,INT00076,agent,USR001,Angela Robinson,,2026-07-17 04:00:05,2026-07-17 04:09:52
PART000153,INT00077,customer,,Mark Robinson,303-555-1017,2026-07-17 09:00:00,2026-07-17 09:10:29
PART000154,INT00077,agent,USR002,Kevin Clark,,2026-07-17 09:00:05,2026-07-17 09:10:29
PART000155,INT00078,customer,,Nancy Clark,303-555-1018,2026-07-17 14:00:00,2026-07-17 14:05:06
PART000156,INT00078,agent,USR003,Michelle Lewis,,2026-07-17 14:00:05,2026-07-17 14:05:06
PART000157,INT00079,customer,,Steven Lewis,303-555-1019,2026-07-17 19:00:00,2026-07-17 19:05:43
PART000158,INT00079,agent,USR004,Brian Lee,,2026-07-17 19:00:05,2026-07-17 19:05:43
PART000159,INT00080,customer,,Betty Lee,303-555-1020,2026-07-18 00:00:00,2026-07-18 00:06:20
PART000160,INT00080,agent,USR005,Donna Walker,,2026-07-18 00:00:05,2026-07-18 00:06:20
PART000161,INT00081,customer,,Carlos Walker,303-555-1021,2026-07-18 05:00:00,2026-07-18 05:06:57
PART000162,INT00081,agent,USR006,Jose Hall,,2026-07-18 05:00:05,2026-07-18 05:06:57
PART000163,INT00082,customer,,Angela Hall,303-555-1022,2026-07-18 10:00:00,2026-07-18 10:07:34
PART000164,INT00082,agent,USR007,Kimberly Allen,,2026-07-18 10:00:05,2026-07-18 10:07:34
PART000165,INT00083,customer,,Kevin Allen,303-555-1023,2026-07-18 15:00:00,2026-07-18 15:08:11
PART000166,INT00083,agent,USR008,Jason Young,,2026-07-18 15:00:05,2026-07-18 15:08:11
PART000167,INT00084,customer,,Michelle Young,303-555-1024,2026-07-18 20:00:00,2026-07-18 20:08:48
PART000168,INT00084,agent,USR009,Sandra King,,2026-07-18 20:00:05,2026-07-18 20:08:48
PART000169,INT00085,customer,,Brian King,303-555-1025,2026-07-19 01:00:00,2026-07-19 01:09:25
PART000170,INT00085,agent,USR010,Eric Wright,,2026-07-19 01:00:05,2026-07-19 01:09:25
PART000171,INT00086,customer,,Donna Wright,303-555-1026,2026-07-19 06:00:00,2026-07-19 06:10:02
PART000172,INT00086,agent,USR011,Rebecca Lopez,,2026-07-19 06:00:05,2026-07-19 06:10:02
PART000173,INT00087,customer,,Jose Lopez,303-555-1027,2026-07-19 11:00:00,2026-07-19 11:10:39
PART000174,INT00087,agent,USR012,Adam Hill,,2026-07-19 11:00:05,2026-07-19 11:10:39
PART000175,INT00088,customer,,Kimberly Hill,303-555-1028,2026-07-19 16:00:00,2026-07-19 16:05:16
PART000176,INT00088,agent,USR013,Laura Scott,,2026-07-19 16:00:05,2026-07-19 16:05:16
PART000177,INT00089,customer,,Jason Scott,303-555-1029,2026-07-19 21:00:00,2026-07-19 21:05:53
PART000178,INT00089,agent,USR014,Nathan Green,,2026-07-19 21:00:05,2026-07-19 21:05:53
PART000179,INT00090,customer,,Sandra Green,303-555-1030,2026-07-20 02:00:00,2026-07-20 02:06:30
PART000180,INT00090,agent,USR015,Monica Adams,,2026-07-20 02:00:05,2026-07-20 02:06:30
PART000181,INT00091,customer,,Eric Adams,303-555-1031,2026-07-20 07:00:00,2026-07-20 07:07:07
PART000182,INT00091,agent,USR001,Angela Robinson,,2026-07-20 07:00:05,2026-07-20 07:07:07
PART000183,INT00092,customer,,Rebecca Baker,303-555-1032,2026-07-20 12:00:00,2026-07-20 12:07:44
PART000184,INT00092,agent,USR002,Kevin Clark,,2026-07-20 12:00:05,2026-07-20 12:07:44
PART000185,INT00093,customer,,Adam Nelson,303-555-1033,2026-07-20 17:00:00,2026-07-20 17:08:21
PART000186,INT00093,agent,USR003,Michelle Lewis,,2026-07-20 17:00:05,2026-07-20 17:08:21
PART000187,INT00094,customer,,Laura Carter,303-555-1034,2026-07-20 22:00:00,2026-07-20 22:08:58
PART000188,INT00094,agent,USR004,Brian Lee,,2026-07-20 22:00:05,2026-07-20 22:08:58
PART000189,INT00095,customer,,Nathan Mitchell,303-555-1035,2026-07-21 03:00:00,2026-07-21 03:09:35
PART000190,INT00095,agent,USR005,Donna Walker,,2026-07-21 03:00:05,2026-07-21 03:09:35
PART000191,INT00096,customer,,Monica Perez,303-555-1036,2026-07-21 08:00:00,2026-07-21 08:10:12
PART000192,INT00096,agent,USR006,Jose Hall,,2026-07-21 08:00:05,2026-07-21 08:10:12
PART000193,INT00097,customer,,Ryan Roberts,303-555-1037,2026-07-21 13:00:00,2026-07-21 13:10:49
PART000194,INT00097,agent,USR007,Kimberly Allen,,2026-07-21 13:00:05,2026-07-21 13:10:49
PART000195,INT00098,customer,,Vanessa Turner,303-555-1038,2026-07-21 18:00:00,2026-07-21 18:05:26
PART000196,INT00098,agent,USR008,Jason Young,,2026-07-21 18:00:05,2026-07-21 18:05:26
PART000197,INT00099,customer,,George Phillips,303-555-1039,2026-07-21 23:00:00,2026-07-21 23:06:03
PART000198,INT00099,agent,USR009,Sandra King,,2026-07-21 23:00:05,2026-07-21 23:06:03
PART000199,INT00100,customer,,Diana Campbell,303-555-1040,2026-07-22 04:00:00,2026-07-22 04:06:40
PART000200,INT00100,agent,USR010,Eric Wright,,2026-07-22 04:00:05,2026-07-22 04:06:40
PART000201,INT00101,customer,,Samuel Parker,303-555-1041,2026-07-22 09:00:00,2026-07-22 09:07:17
PART000202,INT00101,agent,USR011,Rebecca Lopez,,2026-07-22 09:00:05,2026-07-22 09:07:17
PART000203,INT00102,customer,,Priya Evans,303-555-1042,2026-07-22 14:00:00,2026-07-22 14:07:54
PART000204,INT00102,agent,USR012,Adam Hill,,2026-07-22 14:00:05,2026-07-22 14:07:54
PART000205,INT00103,customer,,Noah Edwards,303-555-1043,2026-07-22 19:00:00,2026-07-22 19:08:31
PART000206,INT00103,agent,USR013,Laura Scott,,2026-07-22 19:00:05,2026-07-22 19:08:31
PART000207,INT00104,customer,,Alicia Collins,303-555-1044,2026-07-23 00:00:00,2026-07-23 00:09:08
PART000208,INT00104,agent,USR014,Nathan Green,,2026-07-23 00:00:05,2026-07-23 00:09:08
PART000209,INT00105,customer,,Ethan Stewart,303-555-1045,2026-07-23 05:00:00,2026-07-23 05:09:45
PART000210,INT00105,agent,USR015,Monica Adams,,2026-07-23 05:00:05,2026-07-23 05:09:45
PART000211,INT00106,customer,,Grace Sanchez,303-555-1046,2026-07-23 10:00:00,2026-07-23 10:10:22
PART000212,INT00106,agent,USR001,Angela Robinson,,2026-07-23 10:00:05,2026-07-23 10:10:22
PART000213,INT00107,customer,,Luis Morris,303-555-1047,2026-07-23 15:00:00,2026-07-23 15:10:59
PART000214,INT00107,agent,USR002,Kevin Clark,,2026-07-23 15:00:05,2026-07-23 15:10:59
PART000215,INT00108,customer,,Megan Rogers,303-555-1048,2026-07-23 20:00:00,2026-07-23 20:05:36
PART000216,INT00108,agent,USR003,Michelle Lewis,,2026-07-23 20:00:05,2026-07-23 20:05:36
PART000217,INT00109,customer,,Omar Reed,303-555-1049,2026-07-24 01:00:00,2026-07-24 01:06:13
PART000218,INT00109,agent,USR004,Brian Lee,,2026-07-24 01:00:05,2026-07-24 01:06:13
PART000219,INT00110,customer,,Rachel Cook,303-555-1050,2026-07-24 06:00:00,2026-07-24 06:06:50
PART000220,INT00110,agent,USR005,Donna Walker,,2026-07-24 06:00:05,2026-07-24 06:06:50
PART000221,INT00111,customer,,Henry Morgan,303-555-1051,2026-07-24 11:00:00,2026-07-24 11:07:27
PART000222,INT00111,agent,USR006,Jose Hall,,2026-07-24 11:00:05,2026-07-24 11:07:27
PART000223,INT00112,customer,,Sophia Bell,303-555-1052,2026-07-24 16:00:00,2026-07-24 16:08:04
PART000224,INT00112,agent,USR007,Kimberly Allen,,2026-07-24 16:00:05,2026-07-24 16:08:04
PART000225,INT00113,customer,,Victor Murphy,303-555-1053,2026-07-24 21:00:00,2026-07-24 21:08:41
PART000226,INT00113,agent,USR008,Jason Young,,2026-07-24 21:00:05,2026-07-24 21:08:41
PART000227,INT00114,customer,,Chloe Bailey,303-555-1054,2026-07-25 02:00:00,2026-07-25 02:09:18
PART000228,INT00114,agent,USR009,Sandra King,,2026-07-25 02:00:05,2026-07-25 02:09:18
PART000229,INT00115,customer,,Isaac Rivera,303-555-1055,2026-07-25 07:00:00,2026-07-25 07:09:55
PART000230,INT00115,agent,USR010,Eric Wright,,2026-07-25 07:00:05,2026-07-25 07:09:55
PART000231,INT00116,customer,,Natalie Cooper,303-555-1056,2026-07-25 12:00:00,2026-07-25 12:10:32
PART000232,INT00116,agent,USR011,Rebecca Lopez,,2026-07-25 12:00:05,2026-07-25 12:10:32
PART000233,INT00117,customer,,Miguel Richardson,303-555-1057,2026-07-25 17:00:00,2026-07-25 17:05:09
PART000234,INT00117,agent,USR012,Adam Hill,,2026-07-25 17:00:05,2026-07-25 17:05:09
PART000235,INT00118,customer,,Hannah Cox,303-555-1058,2026-07-25 22:00:00,2026-07-25 22:05:46
PART000236,INT00118,agent,USR013,Laura Scott,,2026-07-25 22:00:05,2026-07-25 22:05:46
PART000237,INT00119,customer,,Aaron Howard,303-555-1059,2026-07-26 03:00:00,2026-07-26 03:06:23
PART000238,INT00119,agent,USR014,Nathan Green,,2026-07-26 03:00:05,2026-07-26 03:06:23
PART000239,INT00120,customer,,Julia Ward,303-555-1060,2026-07-26 08:00:00,2026-07-26 08:07:00
PART000240,INT00120,agent,USR015,Monica Adams,,2026-07-26 08:00:05,2026-07-26 08:07:00
PART000241,INT00121,customer,,John Anderson,303-555-1001,2026-07-26 13:00:00,2026-07-26 13:07:37
PART000242,INT00121,agent,USR001,Angela Robinson,,2026-07-26 13:00:05,2026-07-26 13:07:37
PART000243,INT00122,customer,,Maria Garcia,303-555-1002,2026-07-26 18:00:00,2026-07-26 18:08:14
PART000244,INT00122,agent,USR002,Kevin Clark,,2026-07-26 18:00:05,2026-07-26 18:08:14
PART000245,INT00123,customer,,David Martinez,303-555-1003,2026-07-26 23:00:00,2026-07-26 23:08:51
PART000246,INT00123,agent,USR003,Michelle Lewis,,2026-07-26 23:00:05,2026-07-26 23:08:51
PART000247,INT00124,customer,,Emily Johnson,303-555-1004,2026-07-27 04:00:00,2026-07-27 04:09:28
PART000248,INT00124,agent,USR004,Brian Lee,,2026-07-27 04:00:05,2026-07-27 04:09:28
PART000249,INT00125,customer,,Michael Brown,303-555-1005,2026-07-27 09:00:00,2026-07-27 09:10:05
PART000250,INT00125,agent,USR005,Donna Walker,,2026-07-27 09:00:05,2026-07-27 09:10:05
PART000251,INT00126,customer,,Sarah Davis,303-555-1006,2026-07-27 14:00:00,2026-07-27 14:10:42
PART000252,INT00126,agent,USR006,Jose Hall,,2026-07-27 14:00:05,2026-07-27 14:10:42
PART000253,INT00127,customer,,Robert Wilson,303-555-1007,2026-07-27 19:00:00,2026-07-27 19:05:19
PART000254,INT00127,agent,USR007,Kimberly Allen,,2026-07-27 19:00:05,2026-07-27 19:05:19
PART000255,INT00128,customer,,Linda Miller,303-555-1008,2026-07-28 00:00:00,2026-07-28 00:05:56
PART000256,INT00128,agent,USR008,Jason Young,,2026-07-28 00:00:05,2026-07-28 00:05:56
PART000257,INT00129,customer,,James Moore,303-555-1009,2026-07-28 05:00:00,2026-07-28 05:06:33
PART000258,INT00129,agent,USR009,Sandra King,,2026-07-28 05:00:05,2026-07-28 05:06:33
PART000259,INT00130,customer,,Patricia Taylor,303-555-1010,2026-07-28 10:00:00,2026-07-28 10:07:10
PART000260,INT00130,agent,USR010,Eric Wright,,2026-07-28 10:00:05,2026-07-28 10:07:10
PART000261,INT00131,customer,,Daniel Thomas,303-555-1011,2026-07-28 15:00:00,2026-07-28 15:07:47
PART000262,INT00131,agent,USR011,Rebecca Lopez,,2026-07-28 15:00:05,2026-07-28 15:07:47
PART000263,INT00132,customer,,Jennifer Jackson,303-555-1012,2026-07-28 20:00:00,2026-07-28 20:08:24
PART000264,INT00132,agent,USR012,Adam Hill,,2026-07-28 20:00:05,2026-07-28 20:08:24
PART000265,INT00133,customer,,Thomas White,303-555-1013,2026-07-29 01:00:00,2026-07-29 01:09:01
PART000266,INT00133,agent,USR013,Laura Scott,,2026-07-29 01:00:05,2026-07-29 01:09:01
PART000267,INT00134,customer,,Karen Harris,303-555-1014,2026-07-29 06:00:00,2026-07-29 06:09:38
PART000268,INT00134,agent,USR014,Nathan Green,,2026-07-29 06:00:05,2026-07-29 06:09:38
PART000269,INT00135,customer,,Anthony Martin,303-555-1015,2026-07-29 11:00:00,2026-07-29 11:10:15
PART000270,INT00135,agent,USR015,Monica Adams,,2026-07-29 11:00:05,2026-07-29 11:10:15
PART000271,INT00136,customer,,Lisa Thompson,303-555-1016,2026-07-29 16:00:00,2026-07-29 16:10:52
PART000272,INT00136,agent,USR001,Angela Robinson,,2026-07-29 16:00:05,2026-07-29 16:10:52
PART000273,INT00137,customer,,Mark Robinson,303-555-1017,2026-07-29 21:00:00,2026-07-29 21:05:29
PART000274,INT00137,agent,USR002,Kevin Clark,,2026-07-29 21:00:05,2026-07-29 21:05:29
PART000275,INT00138,customer,,Nancy Clark,303-555-1018,2026-07-30 02:00:00,2026-07-30 02:06:06
PART000276,INT00138,agent,USR003,Michelle Lewis,,2026-07-30 02:00:05,2026-07-30 02:06:06
PART000277,INT00139,customer,,Steven Lewis,303-555-1019,2026-07-30 07:00:00,2026-07-30 07:06:43
PART000278,INT00139,agent,USR004,Brian Lee,,2026-07-30 07:00:05,2026-07-30 07:06:43
PART000279,INT00140,customer,,Betty Lee,303-555-1020,2026-07-30 12:00:00,2026-07-30 12:07:20
PART000280,INT00140,agent,USR005,Donna Walker,,2026-07-30 12:00:05,2026-07-30 12:07:20
PART000281,INT00141,customer,,Carlos Walker,303-555-1021,2026-07-30 17:00:00,2026-07-30 17:07:57
PART000282,INT00141,agent,USR006,Jose Hall,,2026-07-30 17:00:05,2026-07-30 17:07:57
PART000283,INT00142,customer,,Angela Hall,303-555-1022,2026-07-30 22:00:00,2026-07-30 22:08:34
PART000284,INT00142,agent,USR007,Kimberly Allen,,2026-07-30 22:00:05,2026-07-30 22:08:34
PART000285,INT00143,customer,,Kevin Allen,303-555-1023,2026-07-31 03:00:00,2026-07-31 03:09:11
PART000286,INT00143,agent,USR008,Jason Young,,2026-07-31 03:00:05,2026-07-31 03:09:11
PART000287,INT00144,customer,,Michelle Young,303-555-1024,2026-07-31 08:00:00,2026-07-31 08:09:48
PART000288,INT00144,agent,USR009,Sandra King,,2026-07-31 08:00:05,2026-07-31 08:09:48
PART000289,INT00145,customer,,Brian King,303-555-1025,2026-07-31 13:00:00,2026-07-31 13:10:25
PART000290,INT00145,agent,USR010,Eric Wright,,2026-07-31 13:00:05,2026-07-31 13:10:25
PART000291,INT00146,customer,,Donna Wright,303-555-1026,2026-07-31 18:00:00,2026-07-31 18:05:02
PART000292,INT00146,agent,USR011,Rebecca Lopez,,2026-07-31 18:00:05,2026-07-31 18:05:02
PART000293,INT00147,customer,,Jose Lopez,303-555-1027,2026-07-31 23:00:00,2026-07-31 23:05:39
PART000294,INT00147,agent,USR012,Adam Hill,,2026-07-31 23:00:05,2026-07-31 23:05:39
PART000295,INT00148,customer,,Kimberly Hill,303-555-1028,2026-08-01 04:00:00,2026-08-01 04:06:16
PART000296,INT00148,agent,USR013,Laura Scott,,2026-08-01 04:00:05,2026-08-01 04:06:16
PART000297,INT00149,customer,,Jason Scott,303-555-1029,2026-08-01 09:00:00,2026-08-01 09:06:53
PART000298,INT00149,agent,USR014,Nathan Green,,2026-08-01 09:00:05,2026-08-01 09:06:53
PART000299,INT00150,customer,,Sandra Green,303-555-1030,2026-08-01 14:00:00,2026-08-01 14:07:30
PART000300,INT00150,agent,USR015,Monica Adams,,2026-08-01 14:00:05,2026-08-01 14:07:30
PART000301,INT00151,customer,,Eric Adams,303-555-1031,2026-08-01 19:00:00,2026-08-01 19:08:07
PART000302,INT00151,agent,USR001,Angela Robinson,,2026-08-01 19:00:05,2026-08-01 19:08:07
PART000303,INT00152,customer,,Rebecca Baker,303-555-1032,2026-08-02 00:00:00,2026-08-02 00:08:44
PART000304,INT00152,agent,USR002,Kevin Clark,,2026-08-02 00:00:05,2026-08-02 00:08:44
PART000305,INT00153,customer,,Adam Nelson,303-555-1033,2026-08-02 05:00:00,2026-08-02 05:09:21
PART000306,INT00153,agent,USR003,Michelle Lewis,,2026-08-02 05:00:05,2026-08-02 05:09:21
PART000307,INT00154,customer,,Laura Carter,303-555-1034,2026-08-02 10:00:00,2026-08-02 10:09:58
PART000308,INT00154,agent,USR004,Brian Lee,,2026-08-02 10:00:05,2026-08-02 10:09:58
PART000309,INT00155,customer,,Nathan Mitchell,303-555-1035,2026-08-02 15:00:00,2026-08-02 15:10:35
PART000310,INT00155,agent,USR005,Donna Walker,,2026-08-02 15:00:05,2026-08-02 15:10:35
PART000311,INT00156,customer,,Monica Perez,303-555-1036,2026-08-02 20:00:00,2026-08-02 20:05:12
PART000312,INT00156,agent,USR006,Jose Hall,,2026-08-02 20:00:05,2026-08-02 20:05:12
PART000313,INT00157,customer,,Ryan Roberts,303-555-1037,2026-08-03 01:00:00,2026-08-03 01:05:49
PART000314,INT00157,agent,USR007,Kimberly Allen,,2026-08-03 01:00:05,2026-08-03 01:05:49
PART000315,INT00158,customer,,Vanessa Turner,303-555-1038,2026-08-03 06:00:00,2026-08-03 06:06:26
PART000316,INT00158,agent,USR008,Jason Young,,2026-08-03 06:00:05,2026-08-03 06:06:26
PART000317,INT00159,customer,,George Phillips,303-555-1039,2026-08-03 11:00:00,2026-08-03 11:07:03
PART000318,INT00159,agent,USR009,Sandra King,,2026-08-03 11:00:05,2026-08-03 11:07:03
PART000319,INT00160,customer,,Diana Campbell,303-555-1040,2026-08-03 16:00:00,2026-08-03 16:07:40
PART000320,INT00160,agent,USR010,Eric Wright,,2026-08-03 16:00:05,2026-08-03 16:07:40
PART000321,INT00161,customer,,Samuel Parker,303-555-1041,2026-08-03 21:00:00,2026-08-03 21:08:17
PART000322,INT00161,agent,USR011,Rebecca Lopez,,2026-08-03 21:00:05,2026-08-03 21:08:17
PART000323,INT00162,customer,,Priya Evans,303-555-1042,2026-08-04 02:00:00,2026-08-04 02:08:54
PART000324,INT00162,agent,USR012,Adam Hill,,2026-08-04 02:00:05,2026-08-04 02:08:54
PART000325,INT00163,customer,,Noah Edwards,303-555-1043,2026-08-04 07:00:00,2026-08-04 07:09:31
PART000326,INT00163,agent,USR013,Laura Scott,,2026-08-04 07:00:05,2026-08-04 07:09:31
PART000327,INT00164,customer,,Alicia Collins,303-555-1044,2026-08-04 12:00:00,2026-08-04 12:10:08
PART000328,INT00164,agent,USR014,Nathan Green,,2026-08-04 12:00:05,2026-08-04 12:10:08
PART000329,INT00165,customer,,Ethan Stewart,303-555-1045,2026-08-04 17:00:00,2026-08-04 17:10:45
PART000330,INT00165,agent,USR015,Monica Adams,,2026-08-04 17:00:05,2026-08-04 17:10:45
PART000331,INT00166,customer,,Grace Sanchez,303-555-1046,2026-08-04 22:00:00,2026-08-04 22:05:22
PART000332,INT00166,agent,USR001,Angela Robinson,,2026-08-04 22:00:05,2026-08-04 22:05:22
PART000333,INT00167,customer,,Luis Morris,303-555-1047,2026-08-05 03:00:00,2026-08-05 03:05:59
PART000334,INT00167,agent,USR002,Kevin Clark,,2026-08-05 03:00:05,2026-08-05 03:05:59
PART000335,INT00168,customer,,Megan Rogers,303-555-1048,2026-08-05 08:00:00,2026-08-05 08:06:36
PART000336,INT00168,agent,USR003,Michelle Lewis,,2026-08-05 08:00:05,2026-08-05 08:06:36
PART000337,INT00169,customer,,Omar Reed,303-555-1049,2026-08-05 13:00:00,2026-08-05 13:07:13
PART000338,INT00169,agent,USR004,Brian Lee,,2026-08-05 13:00:05,2026-08-05 13:07:13
PART000339,INT00170,customer,,Rachel Cook,303-555-1050,2026-08-05 18:00:00,2026-08-05 18:07:50
PART000340,INT00170,agent,USR005,Donna Walker,,2026-08-05 18:00:05,2026-08-05 18:07:50
PART000341,INT00171,customer,,Henry Morgan,303-555-1051,2026-08-05 23:00:00,2026-08-05 23:08:27
PART000342,INT00171,agent,USR006,Jose Hall,,2026-08-05 23:00:05,2026-08-05 23:08:27
PART000343,INT00172,customer,,Sophia Bell,303-555-1052,2026-08-06 04:00:00,2026-08-06 04:09:04
PART000344,INT00172,agent,USR007,Kimberly Allen,,2026-08-06 04:00:05,2026-08-06 04:09:04
PART000345,INT00173,customer,,Victor Murphy,303-555-1053,2026-08-06 09:00:00,2026-08-06 09:09:41
PART000346,INT00173,agent,USR008,Jason Young,,2026-08-06 09:00:05,2026-08-06 09:09:41
PART000347,INT00174,customer,,Chloe Bailey,303-555-1054,2026-08-06 14:00:00,2026-08-06 14:10:18
PART000348,INT00174,agent,USR009,Sandra King,,2026-08-06 14:00:05,2026-08-06 14:10:18
PART000349,INT00175,customer,,Isaac Rivera,303-555-1055,2026-08-06 19:00:00,2026-08-06 19:10:55
PART000350,INT00175,agent,USR010,Eric Wright,,2026-08-06 19:00:05,2026-08-06 19:10:55
PART000351,INT00176,customer,,Natalie Cooper,303-555-1056,2026-08-07 00:00:00,2026-08-07 00:05:32
PART000352,INT00176,agent,USR011,Rebecca Lopez,,2026-08-07 00:00:05,2026-08-07 00:05:32
PART000353,INT00177,customer,,Miguel Richardson,303-555-1057,2026-08-07 05:00:00,2026-08-07 05:06:09
PART000354,INT00177,agent,USR012,Adam Hill,,2026-08-07 05:00:05,2026-08-07 05:06:09
PART000355,INT00178,customer,,Hannah Cox,303-555-1058,2026-08-07 10:00:00,2026-08-07 10:06:46
PART000356,INT00178,agent,USR013,Laura Scott,,2026-08-07 10:00:05,2026-08-07 10:06:46
PART000357,INT00179,customer,,Aaron Howard,303-555-1059,2026-08-07 15:00:00,2026-08-07 15:07:23
PART000358,INT00179,agent,USR014,Nathan Green,,2026-08-07 15:00:05,2026-08-07 15:07:23
PART000359,INT00180,customer,,Julia Ward,303-555-1060,2026-08-07 20:00:00,2026-08-07 20:08:00
PART000360,INT00180,agent,USR015,Monica Adams,,2026-08-07 20:00:05,2026-08-07 20:08:00
PART000361,INT00181,customer,,John Anderson,303-555-1001,2026-08-08 01:00:00,2026-08-08 01:08:37
PART000362,INT00181,agent,USR001,Angela Robinson,,2026-08-08 01:00:05,2026-08-08 01:08:37
PART000363,INT00182,customer,,Maria Garcia,303-555-1002,2026-08-08 06:00:00,2026-08-08 06:09:14
PART000364,INT00182,agent,USR002,Kevin Clark,,2026-08-08 06:00:05,2026-08-08 06:09:14
PART000365,INT00183,customer,,David Martinez,303-555-1003,2026-08-08 11:00:00,2026-08-08 11:09:51
PART000366,INT00183,agent,USR003,Michelle Lewis,,2026-08-08 11:00:05,2026-08-08 11:09:51
PART000367,INT00184,customer,,Emily Johnson,303-555-1004,2026-08-08 16:00:00,2026-08-08 16:10:28
PART000368,INT00184,agent,USR004,Brian Lee,,2026-08-08 16:00:05,2026-08-08 16:10:28
PART000369,INT00185,customer,,Michael Brown,303-555-1005,2026-08-08 21:00:00,2026-08-08 21:05:05
PART000370,INT00185,agent,USR005,Donna Walker,,2026-08-08 21:00:05,2026-08-08 21:05:05
PART000371,INT00186,customer,,Sarah Davis,303-555-1006,2026-08-09 02:00:00,2026-08-09 02:05:42
PART000372,INT00186,agent,USR006,Jose Hall,,2026-08-09 02:00:05,2026-08-09 02:05:42
PART000373,INT00187,customer,,Robert Wilson,303-555-1007,2026-08-09 07:00:00,2026-08-09 07:06:19
PART000374,INT00187,agent,USR007,Kimberly Allen,,2026-08-09 07:00:05,2026-08-09 07:06:19
PART000375,INT00188,customer,,Linda Miller,303-555-1008,2026-08-09 12:00:00,2026-08-09 12:06:56
PART000376,INT00188,agent,USR008,Jason Young,,2026-08-09 12:00:05,2026-08-09 12:06:56
PART000377,INT00189,customer,,James Moore,303-555-1009,2026-08-09 17:00:00,2026-08-09 17:07:33
PART000378,INT00189,agent,USR009,Sandra King,,2026-08-09 17:00:05,2026-08-09 17:07:33
PART000379,INT00190,customer,,Patricia Taylor,303-555-1010,2026-08-09 22:00:00,2026-08-09 22:08:10
PART000380,INT00190,agent,USR010,Eric Wright,,2026-08-09 22:00:05,2026-08-09 22:08:10
PART000381,INT00191,customer,,Daniel Thomas,303-555-1011,2026-08-10 03:00:00,2026-08-10 03:08:47
PART000382,INT00191,agent,USR011,Rebecca Lopez,,2026-08-10 03:00:05,2026-08-10 03:08:47
PART000383,INT00192,customer,,Jennifer Jackson,303-555-1012,2026-08-10 08:00:00,2026-08-10 08:09:24
PART000384,INT00192,agent,USR012,Adam Hill,,2026-08-10 08:00:05,2026-08-10 08:09:24
PART000385,INT00193,customer,,Thomas White,303-555-1013,2026-08-10 13:00:00,2026-08-10 13:10:01
PART000386,INT00193,agent,USR013,Laura Scott,,2026-08-10 13:00:05,2026-08-10 13:10:01
PART000387,INT00194,customer,,Karen Harris,303-555-1014,2026-08-10 18:00:00,2026-08-10 18:10:38
PART000388,INT00194,agent,USR014,Nathan Green,,2026-08-10 18:00:05,2026-08-10 18:10:38
PART000389,INT00195,customer,,Anthony Martin,303-555-1015,2026-08-10 23:00:00,2026-08-10 23:05:15
PART000390,INT00195,agent,USR015,Monica Adams,,2026-08-10 23:00:05,2026-08-10 23:05:15
PART000391,INT00196,customer,,Lisa Thompson,303-555-1016,2026-08-11 04:00:00,2026-08-11 04:05:52
PART000392,INT00196,agent,USR001,Angela Robinson,,2026-08-11 04:00:05,2026-08-11 04:05:52
PART000393,INT00197,customer,,Mark Robinson,303-555-1017,2026-08-11 09:00:00,2026-08-11 09:06:29
PART000394,INT00197,agent,USR002,Kevin Clark,,2026-08-11 09:00:05,2026-08-11 09:06:29
PART000395,INT00198,customer,,Nancy Clark,303-555-1018,2026-08-11 14:00:00,2026-08-11 14:07:06
PART000396,INT00198,agent,USR003,Michelle Lewis,,2026-08-11 14:00:05,2026-08-11 14:07:06
PART000397,INT00199,customer,,Steven Lewis,303-555-1019,2026-08-11 19:00:00,2026-08-11 19:07:43
PART000398,INT00199,agent,USR004,Brian Lee,,2026-08-11 19:00:05,2026-08-11 19:07:43
PART000399,INT00200,customer,,Betty Lee,303-555-1020,2026-08-12 00:00:00,2026-08-12 00:08:20
PART000400,INT00200,agent,USR005,Donna Walker,,2026-08-12 00:00:05,2026-08-12 00:08:20
