interaction_id,conversation_id,channel,direction,customer_phone,customer_email,queue_id,agent_user_id,started_at,ended_at,duration_seconds,interaction_reason,wrap_up_code_id,status,summary
INT00001,CONV00001,voice,inbound,303-555-1001,,Q001,USR001,2026-07-01 13:00:00,2026-07-01 13:05:37,337,High water bill,W001,completed,Customer contacted Denver Water regarding high water bill. Agent reviewed available information and provided next steps.
INT00002,CONV00002,voice,inbound,303-555-1002,,Q002,USR002,2026-07-01 18:00:00,2026-07-01 18:06:14,374,No water,W005,completed,Customer contacted Denver Water regarding no water. Agent reviewed available information and provided next steps.
INT00003,CONV00003,email,inbound,,david.martinez@example.com,Q003,USR003,2026-07-01 23:00:00,2026-07-01 23:06:51,411,Lead Reduction Program,W010,completed,Customer contacted Denver Water regarding lead reduction program. Agent reviewed available information and provided next steps.
INT00004,CONV00004,chat,inbound,303-555-1004,,Q004,USR004,2026-07-02 04:00:00,2026-07-02 04:07:28,448,Payment status,W002,completed,Customer contacted Denver Water regarding payment status. Agent reviewed available information and provided next steps.
INT00005,CONV00005,voice,inbound,303-555-1005,,Q005,USR005,2026-07-02 09:00:00,2026-07-02 09:08:05,485,Transfer service,W004,completed,Customer contacted Denver Water regarding transfer service. Agent reviewed available information and provided next steps.
INT00006,CONV00006,voice,outbound,303-555-1006,,Q001,USR006,2026-07-02 14:00:00,2026-07-02 14:08:42,522,Meter question,W007,completed,Customer contacted Denver Water regarding meter question. Agent reviewed available information and provided next steps.
INT00007,CONV00007,voice,inbound,303-555-1007,,Q002,USR007,2026-07-02 19:00:00,2026-07-02 19:09:19,559,Outage question,W008,completed,Customer contacted Denver Water regarding outage question. Agent reviewed available information and provided next steps.
INT00008,CONV00008,email,inbound,,linda.miller@example.com,Q003,USR008,2026-07-03 00:00:00,2026-07-03 00:09:56,596,High water bill,W001,completed,Customer contacted Denver Water regarding high water bill. Agent reviewed available information and provided next steps.
INT00009,CONV00009,chat,inbound,303-555-1009,,Q004,USR009,2026-07-03 05:00:00,2026-07-03 05:10:33,633,Lead Reduction Program,W010,completed,Customer contacted Denver Water regarding lead reduction program. Agent reviewed available information and provided next steps.
INT00010,CONV00010,voice,inbound,303-555-1010,,Q005,USR010,2026-07-03 10:00:00,2026-07-03 10:05:10,310,General service question,W011,completed,Customer contacted Denver Water regarding general service question. Agent reviewed available information and provided next steps.
INT00011,CONV00011,voice,inbound,303-555-1011,,Q001,USR011,2026-07-03 15:00:00,2026-07-03 15:05:47,347,General inquiry,W012,completed,Customer contacted Denver Water regarding general inquiry. Agent reviewed available information and provided next steps.
INT00012,CONV00012,voice,outbound,303-555-1012,,Q002,USR012,2026-07-03 20:00:00,2026-07-03 20:06:24,384,High water bill,W001,completed,Customer contacted Denver Water regarding high water bill. Agent reviewed available information and provided next steps.
INT00013,CONV00013,email,inbound,,thomas.white@example.com,Q003,USR013,2026-07-04 01:00:00,2026-07-04 01:07:01,421,Payment status,W002,completed,Customer contacted Denver Water regarding payment status. Agent reviewed available information and provided next steps.
INT00014,CONV00014,chat,inbound,303-555-1014,,Q004,USR014,2026-07-04 06:00:00,2026-07-04 06:07:38,458,Possible leak,W003,completed,Customer contacted Denver Water regarding possible leak. Agent reviewed available information and provided next steps.
INT00015,CONV00015,voice,inbound,303-555-1015,,Q005,USR015,2026-07-04 11:00:00,2026-07-04 11:08:15,495,Transfer service,W004,completed,Customer contacted Denver Water regarding transfer service. Agent reviewed available information and provided next steps.
INT00016,CONV00016,voice,inbound,303-555-1016,,Q001,USR001,2026-07-04 16:00:00,2026-07-04 16:08:52,532,No water,W005,completed,Customer contacted Denver Water regarding no water. Agent reviewed available information and provided next steps.
INT00017,CONV00017,voice,inbound,303-555-1017,,Q002,USR002,2026-07-04 21:00:00,2026-07-04 21:09:29,569,Field activity status,W006,completed,Customer contacted Denver Water regarding field activity status. Agent reviewed available information and provided next steps.
INT00018,CONV00018,email,outbound,,nancy.clark@example.com,Q003,USR003,2026-07-05 02:00:00,2026-07-05 02:10:06,606,Meter question,W007,completed,Customer contacted Denver Water regarding meter question. Agent reviewed available information and provided next steps.
INT00019,CONV00019,chat,inbound,303-555-1019,,Q004,USR004,2026-07-05 07:00:00,2026-07-05 07:10:43,643,Outage question,W008,completed,Customer contacted Denver Water regarding outage question. Agent reviewed available information and provided next steps.
INT00020,CONV00020,voice,inbound,303-555-1020,,Q005,USR005,2026-07-05 12:00:00,2026-07-05 12:05:20,320,Billing explanation,W009,completed,Customer contacted Denver Water regarding billing explanation. Agent reviewed available information and provided next steps.
INT00021,CONV00021,voice,inbound,303-555-1021,,Q001,USR006,2026-07-05 17:00:00,2026-07-05 17:05:57,357,Lead Reduction Program,W010,completed,Customer contacted Denver Water regarding lead reduction program. Agent reviewed available information and provided next steps.
INT00022,CONV00022,voice,inbound,303-555-1022,,Q002,USR007,2026-07-05 22:00:00,2026-07-05 22:06:34,394,General service question,W011,completed,Customer contacted Denver Water regarding general service question. Agent reviewed available information and provided next steps.
INT00023,CONV00023,email,inbound,,kevin.allen@example.com,Q003,USR008,2026-07-06 03:00:00,2026-07-06 03:07:11,431,General inquiry,W012,completed,Customer contacted Denver Water regarding general inquiry. Agent reviewed available information and provided next steps.
INT00024,CONV00024,chat,outbound,303-555-1024,,Q004,USR009,2026-07-06 08:00:00,2026-07-06 08:07:48,468,High water bill,W001,completed,Customer contacted Denver Water regarding high water bill. Agent reviewed available information and provided next steps.
INT00025,CONV00025,voice,inbound,303-555-1025,,Q005,USR010,2026-07-06 13:00:00,2026-07-06 13:08:25,505,Payment status,W002,completed,Customer contacted Denver Water regarding payment status. Agent reviewed available information and provided next steps.
INT00026,CONV00026,voice,inbound,303-555-1026,,Q001,USR011,2026-07-06 18:00:00,2026-07-06 18:09:02,542,Possible leak,W003,completed,Customer contacted Denver Water regarding possible leak. Agent reviewed available information and provided next steps.
INT00027,CONV00027,voice,inbound,303-555-1027,,Q002,USR012,2026-07-06 23:00:00,2026-07-06 23:09:39,579,Transfer service,W004,completed,Customer contacted Denver Water regarding transfer service. Agent reviewed available information and provided next steps.
INT00028,CONV00028,email,inbound,,kimberly.hill@example.com,Q003,USR013,2026-07-07 04:00:00,2026-07-07 04:10:16,616,No water,W005,completed,Customer contacted Denver Water regarding no water. Agent reviewed available information and provided next steps.
INT00029,CONV00029,chat,inbound,303-555-1029,,Q004,USR014,2026-07-07 09:00:00,2026-07-07 09:10:53,653,Field activity status,W006,completed,Customer contacted Denver Water regarding field activity status. Agent reviewed available information and provided next steps.
INT00030,CONV00030,voice,outbound,303-555-1030,,Q005,USR015,2026-07-07 14:00:00,2026-07-07 14:05:30,330,Meter question,W007,completed,Customer contacted Denver Water regarding meter question. Agent reviewed available information and provided next steps.
INT00031,CONV00031,voice,inbound,303-555-1031,,Q001,USR001,2026-07-07 19:00:00,2026-07-07 19:06:07,367,Outage question,W008,completed,Customer contacted Denver Water regarding outage question. Agent reviewed available information and provided next steps.
INT00032,CONV00032,voice,inbound,303-555-1032,,Q002,USR002,2026-07-08 00:00:00,2026-07-08 00:06:44,404,Billing explanation,W009,completed,Customer contacted Denver Water regarding billing explanation. Agent reviewed available information and provided next steps.
INT00033,CONV00033,email,inbound,,adam.nelson@example.com,Q003,USR003,2026-07-08 05:00:00,2026-07-08 05:07:21,441,Lead Reduction Program,W010,completed,Customer contacted Denver Water regarding lead reduction program. Agent reviewed available information and provided next steps.
INT00034,CONV00034,chat,inbound,303-555-1034,,Q004,USR004,2026-07-08 10:00:00,2026-07-08 10:07:58,478,General service question,W011,completed,Customer contacted Denver Water regarding general service question. Agent reviewed available information and provided next steps.
INT00035,CONV00035,voice,inbound,303-555-1035,,Q005,USR005,2026-07-08 15:00:00,2026-07-08 15:08:35,515,General inquiry,W012,completed,Customer contacted Denver Water regarding general inquiry. Agent reviewed available information and provided next steps.
INT00036,CONV00036,voice,outbound,303-555-1036,,Q001,USR006,2026-07-08 20:00:00,2026-07-08 20:09:12,552,High water bill,W001,completed,Customer contacted Denver Water regarding high water bill. Agent reviewed available information and provided next steps.
INT00037,CONV00037,voice,inbound,303-555-1037,,Q002,USR007,2026-07-09 01:00:00,2026-07-09 01:09:49,589,Payment status,W002,completed,Customer contacted Denver Water regarding payment status. Agent reviewed available information and provided next steps.
INT00038,CONV00038,email,inbound,,vanessa.turner@example.com,Q003,USR008,2026-07-09 06:00:00,2026-07-09 06:10:26,626,Possible leak,W003,completed,Customer contacted Denver Water regarding possible leak. Agent reviewed available information and provided next steps.
INT00039,CONV00039,chat,inbound,303-555-1039,,Q004,USR009,2026-07-09 11:00:00,2026-07-09 11:05:03,303,Transfer service,W004,completed,Customer contacted Denver Water regarding transfer service. Agent reviewed available information and provided next steps.
INT00040,CONV00040,voice,inbound,303-555-1040,,Q005,USR010,2026-07-09 16:00:00,2026-07-09 16:05:40,340,No water,W005,completed,Customer contacted Denver Water regarding no water. Agent reviewed available information and provided next steps.
INT00041,CONV00041,voice,inbound,303-555-1041,,Q001,USR011,2026-07-09 21:00:00,2026-07-09 21:06:17,377,Field activity status,W006,completed,Customer contacted Denver Water regarding field activity status. Agent reviewed available information and provided next steps.
INT00042,CONV00042,voice,outbound,303-555-1042,,Q002,USR012,2026-07-10 02:00:00,2026-07-10 02:06:54,414,Meter question,W007,completed,Customer contacted Denver Water regarding meter question. Agent reviewed available information and provided next steps.
INT00043,CONV00043,email,inbound,,noah.edwards@example.com,Q003,USR013,2026-07-10 07:00:00,2026-07-10 07:07:31,451,Outage question,W008,completed,Customer contacted Denver Water regarding outage question. Agent reviewed available information and provided next steps.
INT00044,CONV00044,chat,inbound,303-555-1044,,Q004,USR014,2026-07-10 12:00:00,2026-07-10 12:08:08,488,Billing explanation,W009,completed,Customer contacted Denver Water regarding billing explanation. Agent reviewed available information and provided next steps.
INT00045,CONV00045,voice,inbound,303-555-1045,,Q005,USR015,2026-07-10 17:00:00,2026-07-10 17:08:45,525,Lead Reduction Program,W010,completed,Customer contacted Denver Water regarding lead reduction program. Agent reviewed available information and provided next steps.
INT00046,CONV00046,voice,inbound,303-555-1046,,Q001,USR001,2026-07-10 22:00:00,2026-07-10 22:09:22,562,General service question,W011,completed,Customer contacted Denver Water regarding general service question. Agent reviewed available information and provided next steps.
INT00047,CONV00047,voice,inbound,303-555-1047,,Q002,USR002,2026-07-11 03:00:00,2026-07-11 03:09:59,599,General inquiry,W012,completed,Customer contacted Denver Water regarding general inquiry. Agent reviewed available information and provided next steps.
INT00048,CONV00048,email,outbound,,megan.rogers@example.com,Q003,USR003,2026-07-11 08:00:00,2026-07-11 08:10:36,636,High water bill,W001,completed,Customer contacted Denver Water regarding high water bill. Agent reviewed available information and provided next steps.
INT00049,CONV00049,chat,inbound,303-555-1049,,Q004,USR004,2026-07-11 13:00:00,2026-07-11 13:05:13,313,Payment status,W002,completed,Customer contacted Denver Water regarding payment status. Agent reviewed available information and provided next steps.
INT00050,CONV00050,voice,inbound,303-555-1050,,Q005,USR005,2026-07-11 18:00:00,2026-07-11 18:05:50,350,Possible leak,W003,completed,Customer contacted Denver Water regarding possible leak. Agent reviewed available information and provided next steps.
INT00051,CONV00051,voice,inbound,303-555-1051,,Q001,USR006,2026-07-11 23:00:00,2026-07-11 23:06:27,387,Transfer service,W004,completed,Customer contacted Denver Water regarding transfer service. Agent reviewed available information and provided next steps.
INT00052,CONV00052,voice,inbound,303-555-1052,,Q002,USR007,2026-07-12 04:00:00,2026-07-12 04:07:04,424,No water,W005,completed,Customer contacted Denver Water regarding no water. Agent reviewed available information and provided next steps.
INT00053,CONV00053,email,inbound,,victor.murphy@example.com,Q003,USR008,2026-07-12 09:00:00,2026-07-12 09:07:41,461,Field activity status,W006,completed,Customer contacted Denver Water regarding field activity status. Agent reviewed available information and provided next steps.
INT00054,CONV00054,chat,outbound,303-555-1054,,Q004,USR009,2026-07-12 14:00:00,2026-07-12 14:08:18,498,Meter question,W007,completed,Customer contacted Denver Water regarding meter question. Agent reviewed available information and provided next steps.
INT00055,CONV00055,voice,inbound,303-555-1055,,Q005,USR010,2026-07-12 19:00:00,2026-07-12 19:08:55,535,Outage question,W008,completed,Customer contacted Denver Water regarding outage question. Agent reviewed available information and provided next steps.
INT00056,CONV00056,voice,inbound,303-555-1056,,Q001,USR011,2026-07-13 00:00:00,2026-07-13 00:09:32,572,Billing explanation,W009,completed,Customer contacted Denver Water regarding billing explanation. Agent reviewed available information and provided next steps.
INT00057,CONV00057,voice,inbound,303-555-1057,,Q002,USR012,2026-07-13 05:00:00,2026-07-13 05:10:09,609,Lead Reduction Program,W010,completed,Customer contacted Denver Water regarding lead reduction program. Agent reviewed available information and provided next steps.
INT00058,CONV00058,email,inbound,,hannah.cox@example.com,Q003,USR013,2026-07-13 10:00:00,2026-07-13 10:10:46,646,General service question,W011,completed,Customer contacted Denver Water regarding general service question. Agent reviewed available information and provided next steps.
INT00059,CONV00059,chat,inbound,303-555-1059,,Q004,USR014,2026-07-13 15:00:00,2026-07-13 15:05:23,323,General inquiry,W012,completed,Customer contacted Denver Water regarding general inquiry. Agent reviewed available information and provided next steps.
INT00060,CONV00060,voice,outbound,303-555-1060,,Q005,USR015,2026-07-13 20:00:00,2026-07-13 20:06:00,360,High water bill,W001,completed,Customer contacted Denver Water regarding high water bill. Agent reviewed available information and provided next steps.
INT00061,CONV00061,voice,inbound,303-555-1001,,Q001,USR001,2026-07-14 01:00:00,2026-07-14 01:06:37,397,Payment status,W002,completed,Customer contacted Denver Water regarding payment status. Agent reviewed available information and provided next steps.
INT00062,CONV00062,voice,inbound,303-555-1002,,Q002,USR002,2026-07-14 06:00:00,2026-07-14 06:07:14,434,Possible leak,W003,completed,Customer contacted Denver Water regarding possible leak. Agent reviewed available information and provided next steps.
INT00063,CONV00063,email,inbound,,david.martinez@example.com,Q003,USR003,2026-07-14 11:00:00,2026-07-14 11:07:51,471,Transfer service,W004,completed,Customer contacted Denver Water regarding transfer service. Agent reviewed available information and provided next steps.
INT00064,CONV00064,chat,inbound,303-555-1004,,Q004,USR004,2026-07-14 16:00:00,2026-07-14 16:08:28,508,No water,W005,completed,Customer contacted Denver Water regarding no water. Agent reviewed available information and provided next steps.
INT00065,CONV00065,voice,inbound,303-555-1005,,Q005,USR005,2026-07-14 21:00:00,2026-07-14 21:09:05,545,Field activity status,W006,completed,Customer contacted Denver Water regarding field activity status. Agent reviewed available information and provided next steps.
INT00066,CONV00066,voice,outbound,303-555-1006,,Q001,USR006,2026-07-15 02:00:00,2026-07-15 02:09:42,582,Meter question,W007,completed,Customer contacted Denver Water regarding meter question. Agent reviewed available information and provided next steps.
INT00067,CONV00067,voice,inbound,303-555-1007,,Q002,USR007,2026-07-15 07:00:00,2026-07-15 07:10:19,619,Outage question,W008,completed,Customer contacted Denver Water regarding outage question. Agent reviewed available information and provided next steps.
INT00068,CONV00068,email,inbound,,linda.miller@example.com,Q003,USR008,2026-07-15 12:00:00,2026-07-15 12:10:56,656,Billing explanation,W009,completed,Customer contacted Denver Water regarding billing explanation. Agent reviewed available information and provided next steps.
INT00069,CONV00069,chat,inbound,303-555-1009,,Q004,USR009,2026-07-15 17:00:00,2026-07-15 17:05:33,333,Lead Reduction Program,W010,completed,Customer contacted Denver Water regarding lead reduction program. Agent reviewed available information and provided next steps.
INT00070,CONV00070,voice,inbound,303-555-1010,,Q005,USR010,2026-07-15 22:00:00,2026-07-15 22:06:10,370,General service question,W011,completed,Customer contacted Denver Water regarding general service question. Agent reviewed available information and provided next steps.
INT00071,CONV00071,voice,inbound,303-555-1011,,Q001,USR011,2026-07-16 03:00:00,2026-07-16 03:06:47,407,General inquiry,W012,completed,Customer contacted Denver Water regarding general inquiry. Agent reviewed available information and provided next steps.
INT00072,CONV00072,voice,outbound,303-555-1012,,Q002,USR012,2026-07-16 08:00:00,2026-07-16 08:07:24,444,High water bill,W001,completed,Customer contacted Denver Water regarding high water bill. Agent reviewed available information and provided next steps.
INT00073,CONV00073,email,inbound,,thomas.white@example.com,Q003,USR013,2026-07-16 13:00:00,2026-07-16 13:08:01,481,Payment status,W002,completed,Customer contacted Denver Water regarding payment status. Agent reviewed available information and provided next steps.
INT00074,CONV00074,chat,inbound,303-555-1014,,Q004,USR014,2026-07-16 18:00:00,2026-07-16 18:08:38,518,Possible leak,W003,completed,Customer contacted Denver Water regarding possible leak. Agent reviewed available information and provided next steps.
INT00075,CONV00075,voice,inbound,303-555-1015,,Q005,USR015,2026-07-16 23:00:00,2026-07-16 23:09:15,555,Transfer service,W004,completed,Customer contacted Denver Water regarding transfer service. Agent reviewed available information and provided next steps.
INT00076,CONV00076,voice,inbound,303-555-1016,,Q001,USR001,2026-07-17 04:00:00,2026-07-17 04:09:52,592,No water,W005,completed,Customer contacted Denver Water regarding no water. Agent reviewed available information and provided next steps.
INT00077,CONV00077,voice,inbound,303-555-1017,,Q002,USR002,2026-07-17 09:00:00,2026-07-17 09:10:29,629,Field activity status,W006,completed,Customer contacted Denver Water regarding field activity status. Agent reviewed available information and provided next steps.
INT00078,CONV00078,email,outbound,,nancy.clark@example.com,Q003,USR003,2026-07-17 14:00:00,2026-07-17 14:05:06,306,Meter question,W007,completed,Customer contacted Denver Water regarding meter question. Agent reviewed available information and provided next steps.
INT00079,CONV00079,chat,inbound,303-555-1019,,Q004,USR004,2026-07-17 19:00:00,2026-07-17 19:05:43,343,Outage question,W008,completed,Customer contacted Denver Water regarding outage question. Agent reviewed available information and provided next steps.
INT00080,CONV00080,voice,inbound,303-555-1020,,Q005,USR005,2026-07-18 00:00:00,2026-07-18 00:06:20,380,Billing explanation,W009,completed,Customer contacted Denver Water regarding billing explanation. Agent reviewed available information and provided next steps.
INT00081,CONV00081,voice,inbound,303-555-1021,,Q001,USR006,2026-07-18 05:00:00,2026-07-18 05:06:57,417,Lead Reduction Program,W010,completed,Customer contacted Denver Water regarding lead reduction program. Agent reviewed available information and provided next steps.
INT00082,CONV00082,voice,inbound,303-555-1022,,Q002,USR007,2026-07-18 10:00:00,2026-07-18 10:07:34,454,General service question,W011,completed,Customer contacted Denver Water regarding general service question. Agent reviewed available information and provided next steps.
INT00083,CONV00083,email,inbound,,kevin.allen@example.com,Q003,USR008,2026-07-18 15:00:00,2026-07-18 15:08:11,491,General inquiry,W012,completed,Customer contacted Denver Water regarding general inquiry. Agent reviewed available information and provided next steps.
INT00084,CONV00084,chat,outbound,303-555-1024,,Q004,USR009,2026-07-18 20:00:00,2026-07-18 20:08:48,528,High water bill,W001,completed,Customer contacted Denver Water regarding high water bill. Agent reviewed available information and provided next steps.
INT00085,CONV00085,voice,inbound,303-555-1025,,Q005,USR010,2026-07-19 01:00:00,2026-07-19 01:09:25,565,Payment status,W002,completed,Customer contacted Denver Water regarding payment status. Agent reviewed available information and provided next steps.
INT00086,CONV00086,voice,inbound,303-555-1026,,Q001,USR011,2026-07-19 06:00:00,2026-07-19 06:10:02,602,Possible leak,W003,completed,Customer contacted Denver Water regarding possible leak. Agent reviewed available information and provided next steps.
INT00087,CONV00087,voice,inbound,303-555-1027,,Q002,USR012,2026-07-19 11:00:00,2026-07-19 11:10:39,639,Transfer service,W004,completed,Customer contacted Denver Water regarding transfer service. Agent reviewed available information and provided next steps.
INT00088,CONV00088,email,inbound,,kimberly.hill@example.com,Q003,USR013,2026-07-19 16:00:00,2026-07-19 16:05:16,316,No water,W005,completed,Customer contacted Denver Water regarding no water. Agent reviewed available information and provided next steps.
INT00089,CONV00089,chat,inbound,303-555-1029,,Q004,USR014,2026-07-19 21:00:00,2026-07-19 21:05:53,353,Field activity status,W006,completed,Customer contacted Denver Water regarding field activity status. Agent reviewed available information and provided next steps.
INT00090,CONV00090,voice,outbound,303-555-1030,,Q005,USR015,2026-07-20 02:00:00,2026-07-20 02:06:30,390,Meter question,W007,completed,Customer contacted Denver Water regarding meter question. Agent reviewed available information and provided next steps.
INT00091,CONV00091,voice,inbound,303-555-1031,,Q001,USR001,2026-07-20 07:00:00,2026-07-20 07:07:07,427,Outage question,W008,completed,Customer contacted Denver Water regarding outage question. Agent reviewed available information and provided next steps.
INT00092,CONV00092,voice,inbound,303-555-1032,,Q002,USR002,2026-07-20 12:00:00,2026-07-20 12:07:44,464,Billing explanation,W009,completed,Customer contacted Denver Water regarding billing explanation. Agent reviewed available information and provided next steps.
INT00093,CONV00093,email,inbound,,adam.nelson@example.com,Q003,USR003,2026-07-20 17:00:00,2026-07-20 17:08:21,501,Lead Reduction Program,W010,completed,Customer contacted Denver Water regarding lead reduction program. Agent reviewed available information and provided next steps.
INT00094,CONV00094,chat,inbound,303-555-1034,,Q004,USR004,2026-07-20 22:00:00,2026-07-20 22:08:58,538,General service question,W011,completed,Customer contacted Denver Water regarding general service question. Agent reviewed available information and provided next steps.
INT00095,CONV00095,voice,inbound,303-555-1035,,Q005,USR005,2026-07-21 03:00:00,2026-07-21 03:09:35,575,General inquiry,W012,completed,Customer contacted Denver Water regarding general inquiry. Agent reviewed available information and provided next steps.
INT00096,CONV00096,voice,outbound,303-555-1036,,Q001,USR006,2026-07-21 08:00:00,2026-07-21 08:10:12,612,High water bill,W001,completed,Customer contacted Denver Water regarding high water bill. Agent reviewed available information and provided next steps.
INT00097,CONV00097,voice,inbound,303-555-1037,,Q002,USR007,2026-07-21 13:00:00,2026-07-21 13:10:49,649,Payment status,W002,completed,Customer contacted Denver Water regarding payment status. Agent reviewed available information and provided next steps.
INT00098,CONV00098,email,inbound,,vanessa.turner@example.com,Q003,USR008,2026-07-21 18:00:00,2026-07-21 18:05:26,326,Possible leak,W003,completed,Customer contacted Denver Water regarding possible leak. Agent reviewed available information and provided next steps.
INT00099,CONV00099,chat,inbound,303-555-1039,,Q004,USR009,2026-07-21 23:00:00,2026-07-21 23:06:03,363,Transfer service,W004,completed,Customer contacted Denver Water regarding transfer service. Agent reviewed available information and provided next steps.
INT00100,CONV00100,voice,inbound,303-555-1040,,Q005,USR010,2026-07-22 04:00:00,2026-07-22 04:06:40,400,No water,W005,completed,Customer contacted Denver Water regarding no water. Agent reviewed available information and provided next steps.
INT00101,CONV00101,voice,inbound,303-555-1041,,Q001,USR011,2026-07-22 09:00:00,2026-07-22 09:07:17,437,Field activity status,W006,completed,Customer contacted Denver Water regarding field activity status. Agent reviewed available information and provided next steps.
INT00102,CONV00102,voice,outbound,303-555-1042,,Q002,USR012,2026-07-22 14:00:00,2026-07-22 14:07:54,474,Meter question,W007,completed,Customer contacted Denver Water regarding meter question. Agent reviewed available information and provided next steps.
INT00103,CONV00103,email,inbound,,noah.edwards@example.com,Q003,USR013,2026-07-22 19:00:00,2026-07-22 19:08:31,511,Outage question,W008,completed,Customer contacted Denver Water regarding outage question. Agent reviewed available information and provided next steps.
INT00104,CONV00104,chat,inbound,303-555-1044,,Q004,USR014,2026-07-23 00:00:00,2026-07-23 00:09:08,548,Billing explanation,W009,completed,Customer contacted Denver Water regarding billing explanation. Agent reviewed available information and provided next steps.
INT00105,CONV00105,voice,inbound,303-555-1045,,Q005,USR015,2026-07-23 05:00:00,2026-07-23 05:09:45,585,Lead Reduction Program,W010,completed,Customer contacted Denver Water regarding lead reduction program. Agent reviewed available information and provided next steps.
INT00106,CONV00106,voice,inbound,303-555-1046,,Q001,USR001,2026-07-23 10:00:00,2026-07-23 10:10:22,622,General service question,W011,completed,Customer contacted Denver Water regarding general service question. Agent reviewed available information and provided next steps.
INT00107,CONV00107,voice,inbound,303-555-1047,,Q002,USR002,2026-07-23 15:00:00,2026-07-23 15:10:59,659,General inquiry,W012,completed,Customer contacted Denver Water regarding general inquiry. Agent reviewed available information and provided next steps.
INT00108,CONV00108,email,outbound,,megan.rogers@example.com,Q003,USR003,2026-07-23 20:00:00,2026-07-23 20:05:36,336,High water bill,W001,completed,Customer contacted Denver Water regarding high water bill. Agent reviewed available information and provided next steps.
INT00109,CONV00109,chat,inbound,303-555-1049,,Q004,USR004,2026-07-24 01:00:00,2026-07-24 01:06:13,373,Payment status,W002,completed,Customer contacted Denver Water regarding payment status. Agent reviewed available information and provided next steps.
INT00110,CONV00110,voice,inbound,303-555-1050,,Q005,USR005,2026-07-24 06:00:00,2026-07-24 06:06:50,410,Possible leak,W003,completed,Customer contacted Denver Water regarding possible leak. Agent reviewed available information and provided next steps.
INT00111,CONV00111,voice,inbound,303-555-1051,,Q001,USR006,2026-07-24 11:00:00,2026-07-24 11:07:27,447,Transfer service,W004,completed,Customer contacted Denver Water regarding transfer service. Agent reviewed available information and provided next steps.
INT00112,CONV00112,voice,inbound,303-555-1052,,Q002,USR007,2026-07-24 16:00:00,2026-07-24 16:08:04,484,No water,W005,completed,Customer contacted Denver Water regarding no water. Agent reviewed available information and provided next steps.
INT00113,CONV00113,email,inbound,,victor.murphy@example.com,Q003,USR008,2026-07-24 21:00:00,2026-07-24 21:08:41,521,Field activity status,W006,completed,Customer contacted Denver Water regarding field activity status. Agent reviewed available information and provided next steps.
INT00114,CONV00114,chat,outbound,303-555-1054,,Q004,USR009,2026-07-25 02:00:00,2026-07-25 02:09:18,558,Meter question,W007,completed,Customer contacted Denver Water regarding meter question. Agent reviewed available information and provided next steps.
INT00115,CONV00115,voice,inbound,303-555-1055,,Q005,USR010,2026-07-25 07:00:00,2026-07-25 07:09:55,595,Outage question,W008,completed,Customer contacted Denver Water regarding outage question. Agent reviewed available information and provided next steps.
INT00116,CONV00116,voice,inbound,303-555-1056,,Q001,USR011,2026-07-25 12:00:00,2026-07-25 12:10:32,632,Billing explanation,W009,completed,Customer contacted Denver Water regarding billing explanation. Agent reviewed available information and provided next steps.
INT00117,CONV00117,voice,inbound,303-555-1057,,Q002,USR012,2026-07-25 17:00:00,2026-07-25 17:05:09,309,Lead Reduction Program,W010,completed,Customer contacted Denver Water regarding lead reduction program. Agent reviewed available information and provided next steps.
INT00118,CONV00118,email,inbound,,hannah.cox@example.com,Q003,USR013,2026-07-25 22:00:00,2026-07-25 22:05:46,346,General service question,W011,completed,Customer contacted Denver Water regarding general service question. Agent reviewed available information and provided next steps.
INT00119,CONV00119,chat,inbound,303-555-1059,,Q004,USR014,2026-07-26 03:00:00,2026-07-26 03:06:23,383,General inquiry,W012,completed,Customer contacted Denver Water regarding general inquiry. Agent reviewed available information and provided next steps.
INT00120,CONV00120,voice,outbound,303-555-1060,,Q005,USR015,2026-07-26 08:00:00,2026-07-26 08:07:00,420,High water bill,W001,completed,Customer contacted Denver Water regarding high water bill. Agent reviewed available information and provided next steps.
INT00121,CONV00121,voice,inbound,303-555-1001,,Q001,USR001,2026-07-26 13:00:00,2026-07-26 13:07:37,457,Payment status,W002,completed,Customer contacted Denver Water regarding payment status. Agent reviewed available information and provided next steps.
INT00122,CONV00122,voice,inbound,303-555-1002,,Q002,USR002,2026-07-26 18:00:00,2026-07-26 18:08:14,494,Possible leak,W003,completed,Customer contacted Denver Water regarding possible leak. Agent reviewed available information and provided next steps.
INT00123,CONV00123,email,inbound,,david.martinez@example.com,Q003,USR003,2026-07-26 23:00:00,2026-07-26 23:08:51,531,Transfer service,W004,completed,Customer contacted Denver Water regarding transfer service. Agent reviewed available information and provided next steps.
INT00124,CONV00124,chat,inbound,303-555-1004,,Q004,USR004,2026-07-27 04:00:00,2026-07-27 04:09:28,568,No water,W005,completed,Customer contacted Denver Water regarding no water. Agent reviewed available information and provided next steps.
INT00125,CONV00125,voice,inbound,303-555-1005,,Q005,USR005,2026-07-27 09:00:00,2026-07-27 09:10:05,605,Field activity status,W006,completed,Customer contacted Denver Water regarding field activity status. Agent reviewed available information and provided next steps.
INT00126,CONV00126,voice,outbound,303-555-1006,,Q001,USR006,2026-07-27 14:00:00,2026-07-27 14:10:42,642,Meter question,W007,completed,Customer contacted Denver Water regarding meter question. Agent reviewed available information and provided next steps.
INT00127,CONV00127,voice,inbound,303-555-1007,,Q002,USR007,2026-07-27 19:00:00,2026-07-27 19:05:19,319,Outage question,W008,completed,Customer contacted Denver Water regarding outage question. Agent reviewed available information and provided next steps.
INT00128,CONV00128,email,inbound,,linda.miller@example.com,Q003,USR008,2026-07-28 00:00:00,2026-07-28 00:05:56,356,Billing explanation,W009,completed,Customer contacted Denver Water regarding billing explanation. Agent reviewed available information and provided next steps.
INT00129,CONV00129,chat,inbound,303-555-1009,,Q004,USR009,2026-07-28 05:00:00,2026-07-28 05:06:33,393,Lead Reduction Program,W010,completed,Customer contacted Denver Water regarding lead reduction program. Agent reviewed available information and provided next steps.
INT00130,CONV00130,voice,inbound,303-555-1010,,Q005,USR010,2026-07-28 10:00:00,2026-07-28 10:07:10,430,General service question,W011,completed,Customer contacted Denver Water regarding general service question. Agent reviewed available information and provided next steps.
INT00131,CONV00131,voice,inbound,303-555-1011,,Q001,USR011,2026-07-28 15:00:00,2026-07-28 15:07:47,467,General inquiry,W012,completed,Customer contacted Denver Water regarding general inquiry. Agent reviewed available information and provided next steps.
INT00132,CONV00132,voice,outbound,303-555-1012,,Q002,USR012,2026-07-28 20:00:00,2026-07-28 20:08:24,504,High water bill,W001,completed,Customer contacted Denver Water regarding high water bill. Agent reviewed available information and provided next steps.
INT00133,CONV00133,email,inbound,,thomas.white@example.com,Q003,USR013,2026-07-29 01:00:00,2026-07-29 01:09:01,541,Payment status,W002,completed,Customer contacted Denver Water regarding payment status. Agent reviewed available information and provided next steps.
INT00134,CONV00134,chat,inbound,303-555-1014,,Q004,USR014,2026-07-29 06:00:00,2026-07-29 06:09:38,578,Possible leak,W003,completed,Customer contacted Denver Water regarding possible leak. Agent reviewed available information and provided next steps.
INT00135,CONV00135,voice,inbound,303-555-1015,,Q005,USR015,2026-07-29 11:00:00,2026-07-29 11:10:15,615,Transfer service,W004,completed,Customer contacted Denver Water regarding transfer service. Agent reviewed available information and provided next steps.
INT00136,CONV00136,voice,inbound,303-555-1016,,Q001,USR001,2026-07-29 16:00:00,2026-07-29 16:10:52,652,No water,W005,completed,Customer contacted Denver Water regarding no water. Agent reviewed available information and provided next steps.
INT00137,CONV00137,voice,inbound,303-555-1017,,Q002,USR002,2026-07-29 21:00:00,2026-07-29 21:05:29,329,Field activity status,W006,completed,Customer contacted Denver Water regarding field activity status. Agent reviewed available information and provided next steps.
INT00138,CONV00138,email,outbound,,nancy.clark@example.com,Q003,USR003,2026-07-30 02:00:00,2026-07-30 02:06:06,366,Meter question,W007,completed,Customer contacted Denver Water regarding meter question. Agent reviewed available information and provided next steps.
INT00139,CONV00139,chat,inbound,303-555-1019,,Q004,USR004,2026-07-30 07:00:00,2026-07-30 07:06:43,403,Outage question,W008,completed,Customer contacted Denver Water regarding outage question. Agent reviewed available information and provided next steps.
INT00140,CONV00140,voice,inbound,303-555-1020,,Q005,USR005,2026-07-30 12:00:00,2026-07-30 12:07:20,440,Billing explanation,W009,completed,Customer contacted Denver Water regarding billing explanation. Agent reviewed available information and provided next steps.
INT00141,CONV00141,voice,inbound,303-555-1021,,Q001,USR006,2026-07-30 17:00:00,2026-07-30 17:07:57,477,Lead Reduction Program,W010,completed,Customer contacted Denver Water regarding lead reduction program. Agent reviewed available information and provided next steps.
INT00142,CONV00142,voice,inbound,303-555-1022,,Q002,USR007,2026-07-30 22:00:00,2026-07-30 22:08:34,514,General service question,W011,completed,Customer contacted Denver Water regarding general service question. Agent reviewed available information and provided next steps.
INT00143,CONV00143,email,inbound,,kevin.allen@example.com,Q003,USR008,2026-07-31 03:00:00,2026-07-31 03:09:11,551,General inquiry,W012,completed,Customer contacted Denver Water regarding general inquiry. Agent reviewed available information and provided next steps.
INT00144,CONV00144,chat,outbound,303-555-1024,,Q004,USR009,2026-07-31 08:00:00,2026-07-31 08:09:48,588,High water bill,W001,completed,Customer contacted Denver Water regarding high water bill. Agent reviewed available information and provided next steps.
INT00145,CONV00145,voice,inbound,303-555-1025,,Q005,USR010,2026-07-31 13:00:00,2026-07-31 13:10:25,625,Payment status,W002,completed,Customer contacted Denver Water regarding payment status. Agent reviewed available information and provided next steps.
INT00146,CONV00146,voice,inbound,303-555-1026,,Q001,USR011,2026-07-31 18:00:00,2026-07-31 18:05:02,302,Possible leak,W003,completed,Customer contacted Denver Water regarding possible leak. Agent reviewed available information and provided next steps.
INT00147,CONV00147,voice,inbound,303-555-1027,,Q002,USR012,2026-07-31 23:00:00,2026-07-31 23:05:39,339,Transfer service,W004,completed,Customer contacted Denver Water regarding transfer service. Agent reviewed available information and provided next steps.
INT00148,CONV00148,email,inbound,,kimberly.hill@example.com,Q003,USR013,2026-08-01 04:00:00,2026-08-01 04:06:16,376,No water,W005,completed,Customer contacted Denver Water regarding no water. Agent reviewed available information and provided next steps.
INT00149,CONV00149,chat,inbound,303-555-1029,,Q004,USR014,2026-08-01 09:00:00,2026-08-01 09:06:53,413,Field activity status,W006,completed,Customer contacted Denver Water regarding field activity status. Agent reviewed available information and provided next steps.
INT00150,CONV00150,voice,outbound,303-555-1030,,Q005,USR015,2026-08-01 14:00:00,2026-08-01 14:07:30,450,Meter question,W007,completed,Customer contacted Denver Water regarding meter question. Agent reviewed available information and provided next steps.
INT00151,CONV00151,voice,inbound,303-555-1031,,Q001,USR001,2026-08-01 19:00:00,2026-08-01 19:08:07,487,Outage question,W008,completed,Customer contacted Denver Water regarding outage question. Agent reviewed available information and provided next steps.
INT00152,CONV00152,voice,inbound,303-555-1032,,Q002,USR002,2026-08-02 00:00:00,2026-08-02 00:08:44,524,Billing explanation,W009,completed,Customer contacted Denver Water regarding billing explanation. Agent reviewed available information and provided next steps.
INT00153,CONV00153,email,inbound,,adam.nelson@example.com,Q003,USR003,2026-08-02 05:00:00,2026-08-02 05:09:21,561,Lead Reduction Program,W010,completed,Customer contacted Denver Water regarding lead reduction program. Agent reviewed available information and provided next steps.
INT00154,CONV00154,chat,inbound,303-555-1034,,Q004,USR004,2026-08-02 10:00:00,2026-08-02 10:09:58,598,General service question,W011,completed,Customer contacted Denver Water regarding general service question. Agent reviewed available information and provided next steps.
INT00155,CONV00155,voice,inbound,303-555-1035,,Q005,USR005,2026-08-02 15:00:00,2026-08-02 15:10:35,635,General inquiry,W012,completed,Customer contacted Denver Water regarding general inquiry. Agent reviewed available information and provided next steps.
INT00156,CONV00156,voice,outbound,303-555-1036,,Q001,USR006,2026-08-02 20:00:00,2026-08-02 20:05:12,312,High water bill,W001,completed,Customer contacted Denver Water regarding high water bill. Agent reviewed available information and provided next steps.
INT00157,CONV00157,voice,inbound,303-555-1037,,Q002,USR007,2026-08-03 01:00:00,2026-08-03 01:05:49,349,Payment status,W002,completed,Customer contacted Denver Water regarding payment status. Agent reviewed available information and provided next steps.
INT00158,CONV00158,email,inbound,,vanessa.turner@example.com,Q003,USR008,2026-08-03 06:00:00,2026-08-03 06:06:26,386,Possible leak,W003,completed,Customer contacted Denver Water regarding possible leak. Agent reviewed available information and provided next steps.
INT00159,CONV00159,chat,inbound,303-555-1039,,Q004,USR009,2026-08-03 11:00:00,2026-08-03 11:07:03,423,Transfer service,W004,completed,Customer contacted Denver Water regarding transfer service. Agent reviewed available information and provided next steps.
INT00160,CONV00160,voice,inbound,303-555-1040,,Q005,USR010,2026-08-03 16:00:00,2026-08-03 16:07:40,460,No water,W005,completed,Customer contacted Denver Water regarding no water. Agent reviewed available information and provided next steps.
INT00161,CONV00161,voice,inbound,303-555-1041,,Q001,USR011,2026-08-03 21:00:00,2026-08-03 21:08:17,497,Field activity status,W006,completed,Customer contacted Denver Water regarding field activity status. Agent reviewed available information and provided next steps.
INT00162,CONV00162,voice,outbound,303-555-1042,,Q002,USR012,2026-08-04 02:00:00,2026-08-04 02:08:54,534,Meter question,W007,completed,Customer contacted Denver Water regarding meter question. Agent reviewed available information and provided next steps.
INT00163,CONV00163,email,inbound,,noah.edwards@example.com,Q003,USR013,2026-08-04 07:00:00,2026-08-04 07:09:31,571,Outage question,W008,completed,Customer contacted Denver Water regarding outage question. Agent reviewed available information and provided next steps.
INT00164,CONV00164,chat,inbound,303-555-1044,,Q004,USR014,2026-08-04 12:00:00,2026-08-04 12:10:08,608,Billing explanation,W009,completed,Customer contacted Denver Water regarding billing explanation. Agent reviewed available information and provided next steps.
INT00165,CONV00165,voice,inbound,303-555-1045,,Q005,USR015,2026-08-04 17:00:00,2026-08-04 17:10:45,645,Lead Reduction Program,W010,completed,Customer contacted Denver Water regarding lead reduction program. Agent reviewed available information and provided next steps.
INT00166,CONV00166,voice,inbound,303-555-1046,,Q001,USR001,2026-08-04 22:00:00,2026-08-04 22:05:22,322,General service question,W011,completed,Customer contacted Denver Water regarding general service question. Agent reviewed available information and provided next steps.
INT00167,CONV00167,voice,inbound,303-555-1047,,Q002,USR002,2026-08-05 03:00:00,2026-08-05 03:05:59,359,General inquiry,W012,completed,Customer contacted Denver Water regarding general inquiry. Agent reviewed available information and provided next steps.
INT00168,CONV00168,email,outbound,,megan.rogers@example.com,Q003,USR003,2026-08-05 08:00:00,2026-08-05 08:06:36,396,High water bill,W001,completed,Customer contacted Denver Water regarding high water bill. Agent reviewed available information and provided next steps.
INT00169,CONV00169,chat,inbound,303-555-1049,,Q004,USR004,2026-08-05 13:00:00,2026-08-05 13:07:13,433,Payment status,W002,completed,Customer contacted Denver Water regarding payment status. Agent reviewed available information and provided next steps.
INT00170,CONV00170,voice,inbound,303-555-1050,,Q005,USR005,2026-08-05 18:00:00,2026-08-05 18:07:50,470,Possible leak,W003,completed,Customer contacted Denver Water regarding possible leak. Agent reviewed available information and provided next steps.
INT00171,CONV00171,voice,inbound,303-555-1051,,Q001,USR006,2026-08-05 23:00:00,2026-08-05 23:08:27,507,Transfer service,W004,completed,Customer contacted Denver Water regarding transfer service. Agent reviewed available information and provided next steps.
INT00172,CONV00172,voice,inbound,303-555-1052,,Q002,USR007,2026-08-06 04:00:00,2026-08-06 04:09:04,544,No water,W005,completed,Customer contacted Denver Water regarding no water. Agent reviewed available information and provided next steps.
INT00173,CONV00173,email,inbound,,victor.murphy@example.com,Q003,USR008,2026-08-06 09:00:00,2026-08-06 09:09:41,581,Field activity status,W006,completed,Customer contacted Denver Water regarding field activity status. Agent reviewed available information and provided next steps.
INT00174,CONV00174,chat,outbound,303-555-1054,,Q004,USR009,2026-08-06 14:00:00,2026-08-06 14:10:18,618,Meter question,W007,completed,Customer contacted Denver Water regarding meter question. Agent reviewed available information and provided next steps.
INT00175,CONV00175,voice,inbound,303-555-1055,,Q005,USR010,2026-08-06 19:00:00,2026-08-06 19:10:55,655,Outage question,W008,completed,Customer contacted Denver Water regarding outage question. Agent reviewed available information and provided next steps.
INT00176,CONV00176,voice,inbound,303-555-1056,,Q001,USR011,2026-08-07 00:00:00,2026-08-07 00:05:32,332,Billing explanation,W009,completed,Customer contacted Denver Water regarding billing explanation. Agent reviewed available information and provided next steps.
INT00177,CONV00177,voice,inbound,303-555-1057,,Q002,USR012,2026-08-07 05:00:00,2026-08-07 05:06:09,369,Lead Reduction Program,W010,completed,Customer contacted Denver Water regarding lead reduction program. Agent reviewed available information and provided next steps.
INT00178,CONV00178,email,inbound,,hannah.cox@example.com,Q003,USR013,2026-08-07 10:00:00,2026-08-07 10:06:46,406,General service question,W011,completed,Customer contacted Denver Water regarding general service question. Agent reviewed available information and provided next steps.
INT00179,CONV00179,chat,inbound,303-555-1059,,Q004,USR014,2026-08-07 15:00:00,2026-08-07 15:07:23,443,General inquiry,W012,completed,Customer contacted Denver Water regarding general inquiry. Agent reviewed available information and provided next steps.
INT00180,CONV00180,voice,outbound,303-555-1060,,Q005,USR015,2026-08-07 20:00:00,2026-08-07 20:08:00,480,High water bill,W001,completed,Customer contacted Denver Water regarding high water bill. Agent reviewed available information and provided next steps.
INT00181,CONV00181,voice,inbound,303-555-1001,,Q001,USR001,2026-08-08 01:00:00,2026-08-08 01:08:37,517,Payment status,W002,completed,Customer contacted Denver Water regarding payment status. Agent reviewed available information and provided next steps.
INT00182,CONV00182,voice,inbound,303-555-1002,,Q002,USR002,2026-08-08 06:00:00,2026-08-08 06:09:14,554,Possible leak,W003,completed,Customer contacted Denver Water regarding possible leak. Agent reviewed available information and provided next steps.
INT00183,CONV00183,email,inbound,,david.martinez@example.com,Q003,USR003,2026-08-08 11:00:00,2026-08-08 11:09:51,591,Transfer service,W004,completed,Customer contacted Denver Water regarding transfer service. Agent reviewed available information and provided next steps.
INT00184,CONV00184,chat,inbound,303-555-1004,,Q004,USR004,2026-08-08 16:00:00,2026-08-08 16:10:28,628,No water,W005,completed,Customer contacted Denver Water regarding no water. Agent reviewed available information and provided next steps.
INT00185,CONV00185,voice,inbound,303-555-1005,,Q005,USR005,2026-08-08 21:00:00,2026-08-08 21:05:05,305,Field activity status,W006,completed,Customer contacted Denver Water regarding field activity status. Agent reviewed available information and provided next steps.
INT00186,CONV00186,voice,outbound,303-555-1006,,Q001,USR006,2026-08-09 02:00:00,2026-08-09 02:05:42,342,Meter question,W007,completed,Customer contacted Denver Water regarding meter question. Agent reviewed available information and provided next steps.
INT00187,CONV00187,voice,inbound,303-555-1007,,Q002,USR007,2026-08-09 07:00:00,2026-08-09 07:06:19,379,Outage question,W008,completed,Customer contacted Denver Water regarding outage question. Agent reviewed available information and provided next steps.
INT00188,CONV00188,email,inbound,,linda.miller@example.com,Q003,USR008,2026-08-09 12:00:00,2026-08-09 12:06:56,416,Billing explanation,W009,completed,Customer contacted Denver Water regarding billing explanation. Agent reviewed available information and provided next steps.
INT00189,CONV00189,chat,inbound,303-555-1009,,Q004,USR009,2026-08-09 17:00:00,2026-08-09 17:07:33,453,Lead Reduction Program,W010,completed,Customer contacted Denver Water regarding lead reduction program. Agent reviewed available information and provided next steps.
INT00190,CONV00190,voice,inbound,303-555-1010,,Q005,USR010,2026-08-09 22:00:00,2026-08-09 22:08:10,490,General service question,W011,completed,Customer contacted Denver Water regarding general service question. Agent reviewed available information and provided next steps.
INT00191,CONV00191,voice,inbound,303-555-1011,,Q001,USR011,2026-08-10 03:00:00,2026-08-10 03:08:47,527,General inquiry,W012,completed,Customer contacted Denver Water regarding general inquiry. Agent reviewed available information and provided next steps.
INT00192,CONV00192,voice,outbound,303-555-1012,,Q002,USR012,2026-08-10 08:00:00,2026-08-10 08:09:24,564,High water bill,W001,completed,Customer contacted Denver Water regarding high water bill. Agent reviewed available information and provided next steps.
INT00193,CONV00193,email,inbound,,thomas.white@example.com,Q003,USR013,2026-08-10 13:00:00,2026-08-10 13:10:01,601,Payment status,W002,completed,Customer contacted Denver Water regarding payment status. Agent reviewed available information and provided next steps.
INT00194,CONV00194,chat,inbound,303-555-1014,,Q004,USR014,2026-08-10 18:00:00,2026-08-10 18:10:38,638,Possible leak,W003,completed,Customer contacted Denver Water regarding possible leak. Agent reviewed available information and provided next steps.
INT00195,CONV00195,voice,inbound,303-555-1015,,Q005,USR015,2026-08-10 23:00:00,2026-08-10 23:05:15,315,Transfer service,W004,completed,Customer contacted Denver Water regarding transfer service. Agent reviewed available information and provided next steps.
INT00196,CONV00196,voice,inbound,303-555-1016,,Q001,USR001,2026-08-11 04:00:00,2026-08-11 04:05:52,352,No water,W005,completed,Customer contacted Denver Water regarding no water. Agent reviewed available information and provided next steps.
INT00197,CONV00197,voice,inbound,303-555-1017,,Q002,USR002,2026-08-11 09:00:00,2026-08-11 09:06:29,389,Field activity status,W006,completed,Customer contacted Denver Water regarding field activity status. Agent reviewed available information and provided next steps.
INT00198,CONV00198,email,outbound,,nancy.clark@example.com,Q003,USR003,2026-08-11 14:00:00,2026-08-11 14:07:06,426,Meter question,W007,completed,Customer contacted Denver Water regarding meter question. Agent reviewed available information and provided next steps.
INT00199,CONV00199,chat,inbound,303-555-1019,,Q004,USR004,2026-08-11 19:00:00,2026-08-11 19:07:43,463,Outage question,W008,completed,Customer contacted Denver Water regarding outage question. Agent reviewed available information and provided next steps.
INT00200,CONV00200,voice,inbound,303-555-1020,,Q005,USR005,2026-08-12 00:00:00,2026-08-12 00:08:20,500,Billing explanation,W009,completed,Customer contacted Denver Water regarding billing explanation. Agent reviewed available information and provided next steps.
