FILE_ID,_FIVETRAN_FILE_PATH,URL,SIZE,CREATED_AT,MODIFIED_AT,CUSTOM_METADATA_TYPE,CUSTOM_METADATA_SAMPLE,_FIVETRAN_DELETED
01JMDI7GXNM3N556ASLRFY4OICBBT5VKSL,Customer Care Knowledge Base/README.txt,https://indrasolusa.sharepoint.com/sites/DenverWaterCustomerCarePOC/Shared%20Documents/Customer%20Care%20Knowledge%20Base/README.txt,557,2026-09-24 18:16:13.000 Z,2026-09-24 18:16:13.000 Z,OBJECT,"{""@odata.context"":""https://graph.microsoft.com/v1.0/$metadata#drives('b%21f1M4n-BjqUiC2X_8H1WzVF1LPwG3HyVKpXnyeP6AUic945STSWnkTY_arQMHWhn5')/items('01JMDI7GXNM3N556ASLRFY4OICBBT5VKSL')/listItem/fields/$entity"",""@odata.etag"":""\""dedb66ed-12f8-4b5c-8e39-020867daaa4b,1\"""",""AuthorLookupId"":""9"",""ContentType"":""Document"",""Created"":""2026-09-24T18:16:13Z"",""DocIcon"":""txt"",""Edit"":""0"",""EditorLookupId"":""9"",""FileLeafRef"":""README.txt"",""FileSizeDisplay"":""557"",""FolderChildCount"":""0"",""ItemChildCount"":""0"",""LinkFile",FALSE
01JMDI7GUGFVMFT24KQZGLN7BVFNCWBFOI,"Customer Care Knowledge Base/KB-005_Start,_Stop,_and_Transfer_of_Service.docx","https://indrasolusa.sharepoint.com/sites/DenverWaterCustomerCarePOC/_layouts/15/Doc.aspx?sourcedoc=%7B59582D86-8AEB-4C86-B6FC-352B456095C8%7D&file=KB-005_Start,_Stop,_and_Transfer_of_Service.docx&action=default&mobileredirect=true",46648,2026-09-24 18:16:10.000 Z,2026-09-24 18:16:10.000 Z,OBJECT,"{""@odata.context"":""https://graph.microsoft.com/v1.0/$metadata#drives('b%21f1M4n-BjqUiC2X_8H1WzVF1LPwG3HyVKpXnyeP6AUic945STSWnkTY_arQMHWhn5')/items('01JMDI7GUGFVMFT24KQZGLN7BVFNCWBFOI')/listItem/fields/$entity"",""@odata.etag"":""\""59582d86-8aeb-4c86-b6fc-352b456095c8,1\"""",""AuthorLookupId"":""9"",""ContentType"":""Document"",""Created"":""2026-09-24T18:16:10Z"",""DocIcon"":""docx"",""Edit"":""0"",""EditorLookupId"":""9"",""FileLeafRef"":""KB-005_Start,_Stop,_and_Transfer_of_Service.docx"",""FileSizeDisplay"":""46648"",""FolderChild",FALSE
01JMDI7GVZPAEF6VQWRNGL5PLYPSB6F3GQ,Customer Care Knowledge Base/SHAREPOINT_DOCUMENT_MANIFEST.csv,https://indrasolusa.sharepoint.com/sites/DenverWaterCustomerCarePOC/_layouts/15/Doc.aspx?sourcedoc=%7B5F0878B9-1656-4C8B-BEBD-787C83E2ECD0%7D&file=SHAREPOINT_DOCUMENT_MANIFEST.csv&action=default&mobileredirect=true,1610,2026-09-24 18:16:13.000 Z,2026-09-24 18:16:13.000 Z,OBJECT,"{""@odata.context"":""https://graph.microsoft.com/v1.0/$metadata#drives('b%21f1M4n-BjqUiC2X_8H1WzVF1LPwG3HyVKpXnyeP6AUic945STSWnkTY_arQMHWhn5')/items('01JMDI7GVZPAEF6VQWRNGL5PLYPSB6F3GQ')/listItem/fields/$entity"",""@odata.etag"":""\""5f0878b9-1656-4c8b-bebd-787c83e2ecd0,1\"""",""AuthorLookupId"":""9"",""ContentType"":""Document"",""Created"":""2026-09-24T18:16:13Z"",""DocIcon"":""csv"",""Edit"":""0"",""EditorLookupId"":""9"",""FileLeafRef"":""SHAREPOINT_DOCUMENT_MANIFEST.csv"",""FileSizeDisplay"":""1610"",""FolderChildCount"":""0"",""ItemCh",FALSE
01JMDI7GUSZUNW4RWF6RHLHEUJOUTJQQHJ,Customer Care Knowledge Base/KB-006_Meter_Reading_and_Meter_Status_Questions.docx,https://indrasolusa.sharepoint.com/sites/DenverWaterCustomerCarePOC/_layouts/15/Doc.aspx?sourcedoc=%7B6E1BCD92-C546-4EF4-B392-8975269840E9%7D&file=KB-006_Meter_Reading_and_Meter_Status_Questions.docx&action=default&mobileredirect=true,46612,2026-09-24 18:16:11.000 Z,2026-09-24 18:16:11.000 Z,OBJECT,"{""@odata.context"":""https://graph.microsoft.com/v1.0/$metadata#drives('b%21f1M4n-BjqUiC2X_8H1WzVF1LPwG3HyVKpXnyeP6AUic945STSWnkTY_arQMHWhn5')/items('01JMDI7GUSZUNW4RWF6RHLHEUJOUTJQQHJ')/listItem/fields/$entity"",""@odata.etag"":""\""6e1bcd92-c546-4ef4-b392-8975269840e9,1\"""",""AuthorLookupId"":""9"",""ContentType"":""Document"",""Created"":""2026-09-24T18:16:11Z"",""DocIcon"":""docx"",""Edit"":""0"",""EditorLookupId"":""9"",""FileLeafRef"":""KB-006_Meter_Reading_and_Meter_Status_Questions.docx"",""FileSizeDisplay"":""46612"",""FolderC",FALSE
01JMDI7GRDLSKI4IHK35G3EEXISOVRTPGT,Customer Care Knowledge Base/KB-004_Payment_Posting_and_Account_Balance_Questions.docx,https://indrasolusa.sharepoint.com/sites/DenverWaterCustomerCarePOC/_layouts/15/Doc.aspx?sourcedoc=%7B8E945C23-EA20-4DDF-B212-E893AB19BCD3%7D&file=KB-004_Payment_Posting_and_Account_Balance_Questions.docx&action=default&mobileredirect=true,46609,2026-09-24 18:16:10.000 Z,2026-09-24 18:16:10.000 Z,OBJECT,"{""@odata.context"":""https://graph.microsoft.com/v1.0/$metadata#drives('b%21f1M4n-BjqUiC2X_8H1WzVF1LPwG3HyVKpXnyeP6AUic945STSWnkTY_arQMHWhn5')/items('01JMDI7GRDLSKI4IHK35G3EEXISOVRTPGT')/listItem/fields/$entity"",""@odata.etag"":""\""8e945c23-ea20-4ddf-b212-e893ab19bcd3,1\"""",""AuthorLookupId"":""9"",""ContentType"":""Document"",""Created"":""2026-09-24T18:16:10Z"",""DocIcon"":""docx"",""Edit"":""0"",""EditorLookupId"":""9"",""FileLeafRef"":""KB-004_Payment_Posting_and_Account_Balance_Questions.docx"",""FileSizeDisplay"":""46609"",""Fo",FALSE
01JMDI7GSPOVRJ2HZOGFCJ5WBLIN5KZMPZ,Customer Care Knowledge Base/KB-003_Lead_Reduction_Program_-_Customer_Inquiry_Guide.docx,https://indrasolusa.sharepoint.com/sites/DenverWaterCustomerCarePOC/_layouts/15/Doc.aspx?sourcedoc=%7B9D62754F-2E1F-4431-9ED8-2B437AACB1F9%7D&file=KB-003_Lead_Reduction_Program_-_Customer_Inquiry_Guide.docx&action=default&mobileredirect=true,46632,2026-09-24 18:16:09.000 Z,2026-09-24 18:16:09.000 Z,OBJECT,"{""@odata.context"":""https://graph.microsoft.com/v1.0/$metadata#drives('b%21f1M4n-BjqUiC2X_8H1WzVF1LPwG3HyVKpXnyeP6AUic945STSWnkTY_arQMHWhn5')/items('01JMDI7GSPOVRJ2HZOGFCJ5WBLIN5KZMPZ')/listItem/fields/$entity"",""@odata.etag"":""\""9d62754f-2e1f-4431-9ed8-2b437aacb1f9,1\"""",""AuthorLookupId"":""9"",""ContentType"":""Document"",""Created"":""2026-09-24T18:16:09Z"",""DocIcon"":""docx"",""Edit"":""0"",""EditorLookupId"":""9"",""FileLeafRef"":""KB-003_Lead_Reduction_Program_-_Customer_Inquiry_Guide.docx"",""FileSizeDisplay"":""46632"",""",FALSE
01JMDI7GRSZ2DWRJT6XRC26DWMXRSTI6IS,Customer Care Knowledge Base/OPS-001_Daily_Line_Up_-_Sample_Operations_Bulletin.docx,https://indrasolusa.sharepoint.com/sites/DenverWaterCustomerCarePOC/_layouts/15/Doc.aspx?sourcedoc=%7B6887CE32-7EA6-45BC-AF0E-CCBC65347912%7D&file=OPS-001_Daily_Line_Up_-_Sample_Operations_Bulletin.docx&action=default&mobileredirect=true,46704,2026-09-24 18:16:13.000 Z,2026-09-24 18:16:13.000 Z,OBJECT,"{""@odata.context"":""https://graph.microsoft.com/v1.0/$metadata#drives('b%21f1M4n-BjqUiC2X_8H1WzVF1LPwG3HyVKpXnyeP6AUic945STSWnkTY_arQMHWhn5')/items('01JMDI7GRSZ2DWRJT6XRC26DWMXRSTI6IS')/listItem/fields/$entity"",""@odata.etag"":""\""6887ce32-7ea6-45bc-af0e-ccbc65347912,1\"""",""AuthorLookupId"":""9"",""ContentType"":""Document"",""Created"":""2026-09-24T18:16:13Z"",""DocIcon"":""docx"",""Edit"":""0"",""EditorLookupId"":""9"",""FileLeafRef"":""OPS-001_Daily_Line_Up_-_Sample_Operations_Bulletin.docx"",""FileSizeDisplay"":""46704"",""Fold",FALSE
01JMDI7GQBD6GXOAMVXVBLOCXQ2DGLMCG4,Customer Care Knowledge Base/KB-002_No_Water_or_Low_Pressure_Troubleshooting.docx,https://indrasolusa.sharepoint.com/sites/DenverWaterCustomerCarePOC/_layouts/15/Doc.aspx?sourcedoc=%7B778D1F01-9501-42BD-B70A-F0D0CCB608DC%7D&file=KB-002_No_Water_or_Low_Pressure_Troubleshooting.docx&action=default&mobileredirect=true,46722,2026-09-24 18:16:09.000 Z,2026-09-24 18:16:09.000 Z,OBJECT,"{""@odata.context"":""https://graph.microsoft.com/v1.0/$metadata#drives('b%21f1M4n-BjqUiC2X_8H1WzVF1LPwG3HyVKpXnyeP6AUic945STSWnkTY_arQMHWhn5')/items('01JMDI7GQBD6GXOAMVXVBLOCXQ2DGLMCG4')/listItem/fields/$entity"",""@odata.etag"":""\""778d1f01-9501-42bd-b70a-f0d0ccb608dc,1\"""",""AuthorLookupId"":""9"",""ContentType"":""Document"",""Created"":""2026-09-24T18:16:09Z"",""DocIcon"":""docx"",""Edit"":""0"",""EditorLookupId"":""9"",""FileLeafRef"":""KB-002_No_Water_or_Low_Pressure_Troubleshooting.docx"",""FileSizeDisplay"":""46722"",""FolderC",FALSE
01JMDI7GXGZPKITA4KTJDLZ4BKKGO7PDGH,Customer Care Knowledge Base/KB-012_Agent_Assist_Response_and_Citation_Standards.docx,https://indrasolusa.sharepoint.com/sites/DenverWaterCustomerCarePOC/_layouts/15/Doc.aspx?sourcedoc=%7B89D4CBE6-8A83-469A-BCF0-2A519DF78CC7%7D&file=KB-012_Agent_Assist_Response_and_Citation_Standards.docx&action=default&mobileredirect=true,46664,2026-09-24 18:16:12.000 Z,2026-09-24 18:16:12.000 Z,OBJECT,"{""@odata.context"":""https://graph.microsoft.com/v1.0/$metadata#drives('b%21f1M4n-BjqUiC2X_8H1WzVF1LPwG3HyVKpXnyeP6AUic945STSWnkTY_arQMHWhn5')/items('01JMDI7GXGZPKITA4KTJDLZ4BKKGO7PDGH')/listItem/fields/$entity"",""@odata.etag"":""\""89d4cbe6-8a83-469a-bcf0-2a519df78cc7,1\"""",""AuthorLookupId"":""9"",""ContentType"":""Document"",""Created"":""2026-09-24T18:16:12Z"",""DocIcon"":""docx"",""Edit"":""0"",""EditorLookupId"":""9"",""FileLeafRef"":""KB-012_Agent_Assist_Response_and_Citation_Standards.docx"",""FileSizeDisplay"":""46664"",""Fol",FALSE
01JMDI7GVX3MK2T5ZU4BAL4KCPF4LIUDTS,Customer Care Knowledge Base/KB-010_Customer_Identity_and_Account_Verification.docx,https://indrasolusa.sharepoint.com/sites/DenverWaterCustomerCarePOC/_layouts/15/Doc.aspx?sourcedoc=%7BA915DBB7-34F7-40E0-BE28-4F2F168A0E72%7D&file=KB-010_Customer_Identity_and_Account_Verification.docx&action=default&mobileredirect=true,46631,2026-09-24 18:16:12.000 Z,2026-09-24 18:16:12.000 Z,OBJECT,"{""@odata.context"":""https://graph.microsoft.com/v1.0/$metadata#drives('b%21f1M4n-BjqUiC2X_8H1WzVF1LPwG3HyVKpXnyeP6AUic945STSWnkTY_arQMHWhn5')/items('01JMDI7GVX3MK2T5ZU4BAL4KCPF4LIUDTS')/listItem/fields/$entity"",""@odata.etag"":""\""a915dbb7-34f7-40e0-be28-4f2f168a0e72,1\"""",""AuthorLookupId"":""9"",""ContentType"":""Document"",""Created"":""2026-09-24T18:16:12Z"",""DocIcon"":""docx"",""Edit"":""0"",""EditorLookupId"":""9"",""FileLeafRef"":""KB-010_Customer_Identity_and_Account_Verification.docx"",""FileSizeDisplay"":""46631"",""Folde",FALSE
01JMDI7GUQJUQ7MXRH7BH3IOGXUFNHTUJL,Customer Care Knowledge Base/KB-008_Leak_Adjustment_Information_and_Customer_Guidance.docx,https://indrasolusa.sharepoint.com/sites/DenverWaterCustomerCarePOC/_layouts/15/Doc.aspx?sourcedoc=%7BF6214D90-275E-4FF8-B438-D7A15A79D12B%7D&file=KB-008_Leak_Adjustment_Information_and_Customer_Guidance.docx&action=default&mobileredirect=true,46608,2026-09-24 18:16:12.000 Z,2026-09-24 18:16:12.000 Z,OBJECT,"{""@odata.context"":""https://graph.microsoft.com/v1.0/$metadata#drives('b%21f1M4n-BjqUiC2X_8H1WzVF1LPwG3HyVKpXnyeP6AUic945STSWnkTY_arQMHWhn5')/items('01JMDI7GUQJUQ7MXRH7BH3IOGXUFNHTUJL')/listItem/fields/$entity"",""@odata.etag"":""\""f6214d90-275e-4ff8-b438-d7a15a79d12b,1\"""",""AuthorLookupId"":""9"",""ContentType"":""Document"",""Created"":""2026-09-24T18:16:12Z"",""DocIcon"":""docx"",""Edit"":""0"",""EditorLookupId"":""9"",""FileLeafRef"":""KB-008_Leak_Adjustment_Information_and_Customer_Guidance.docx"",""FileSizeDisplay"":""46608""",FALSE
01JMDI7GWFLQ2RIIN63JGJKJYBISSL3N6X,Customer Care Knowledge Base/KB-001_High_Bill_and_Unexpected_Water_Usage.docx,https://indrasolusa.sharepoint.com/sites/DenverWaterCustomerCarePOC/_layouts/15/Doc.aspx?sourcedoc=%7B14355CC5-BE21-4CDA-9527-0144A4BDB7D7%7D&file=KB-001_High_Bill_and_Unexpected_Water_Usage.docx&action=default&mobileredirect=true,46728,2026-09-24 18:16:08.000 Z,2026-09-24 18:16:08.000 Z,OBJECT,"{""@odata.context"":""https://graph.microsoft.com/v1.0/$metadata#drives('b%21f1M4n-BjqUiC2X_8H1WzVF1LPwG3HyVKpXnyeP6AUic945STSWnkTY_arQMHWhn5')/items('01JMDI7GWFLQ2RIIN63JGJKJYBISSL3N6X')/listItem/fields/$entity"",""@odata.etag"":""\""14355cc5-be21-4cda-9527-0144a4bdb7d7,1\"""",""AuthorLookupId"":""9"",""ContentType"":""Document"",""Created"":""2026-09-24T18:16:08Z"",""DocIcon"":""docx"",""Edit"":""0"",""EditorLookupId"":""9"",""FileLeafRef"":""KB-001_High_Bill_and_Unexpected_Water_Usage.docx"",""FileSizeDisplay"":""46728"",""FolderChild",FALSE
01JMDI7GTCBTZNVON2HVAIS5RANALFUAFR,Customer Care Knowledge Base/KB-011_Knowledge_Source_Conflict_and_Escalation_Procedure.docx,https://indrasolusa.sharepoint.com/sites/DenverWaterCustomerCarePOC/_layouts/15/Doc.aspx?sourcedoc=%7BDAF20C62-BAB9-403D-8976-2068165A00B1%7D&file=KB-011_Knowledge_Source_Conflict_and_Escalation_Procedure.docx&action=default&mobileredirect=true,46631,2026-09-24 18:16:12.000 Z,2026-09-24 18:16:12.000 Z,OBJECT,"{""@odata.context"":""https://graph.microsoft.com/v1.0/$metadata#drives('b%21f1M4n-BjqUiC2X_8H1WzVF1LPwG3HyVKpXnyeP6AUic945STSWnkTY_arQMHWhn5')/items('01JMDI7GTCBTZNVON2HVAIS5RANALFUAFR')/listItem/fields/$entity"",""@odata.etag"":""\""daf20c62-bab9-403d-8976-2068165a00b1,1\"""",""AuthorLookupId"":""9"",""ContentType"":""Document"",""Created"":""2026-09-24T18:16:12Z"",""DocIcon"":""docx"",""Edit"":""0"",""EditorLookupId"":""9"",""FileLeafRef"":""KB-011_Knowledge_Source_Conflict_and_Escalation_Procedure.docx"",""FileSizeDisplay"":""46631",FALSE
01JMDI7GVSL44YM6FAPVFYON3J65NK2TNK,Customer Care Knowledge Base/KB-009_Field_Activity_Status_and_Escalation.docx,https://indrasolusa.sharepoint.com/sites/DenverWaterCustomerCarePOC/_layouts/15/Doc.aspx?sourcedoc=%7B86395FB2-A078-4B7D-8737-69F75AAD4DAA%7D&file=KB-009_Field_Activity_Status_and_Escalation.docx&action=default&mobileredirect=true,46614,2026-09-24 18:16:11.000 Z,2026-09-24 18:16:11.000 Z,OBJECT,"{""@odata.context"":""https://graph.microsoft.com/v1.0/$metadata#drives('b%21f1M4n-BjqUiC2X_8H1WzVF1LPwG3HyVKpXnyeP6AUic945STSWnkTY_arQMHWhn5')/items('01JMDI7GVSL44YM6FAPVFYON3J65NK2TNK')/listItem/fields/$entity"",""@odata.etag"":""\""86395fb2-a078-4b7d-8737-69f75aad4daa,1\"""",""AuthorLookupId"":""9"",""ContentType"":""Document"",""Created"":""2026-09-24T18:16:11Z"",""DocIcon"":""docx"",""Edit"":""0"",""EditorLookupId"":""9"",""FileLeafRef"":""KB-009_Field_Activity_Status_and_Escalation.docx"",""FileSizeDisplay"":""46614"",""FolderChild",FALSE
01JMDI7GTQ5FBNZWTDMNEKWQB2U24JLOF5,Customer Care Knowledge Base/KB-007_Planned_and_Unplanned_Outage_Information.docx,https://indrasolusa.sharepoint.com/sites/DenverWaterCustomerCarePOC/_layouts/15/Doc.aspx?sourcedoc=%7BDC42E970-63DA-4863-AB40-3AA6B895B8BD%7D&file=KB-007_Planned_and_Unplanned_Outage_Information.docx&action=default&mobileredirect=true,46574,2026-09-24 18:16:11.000 Z,2026-09-24 18:16:11.000 Z,OBJECT,"{""@odata.context"":""https://graph.microsoft.com/v1.0/$metadata#drives('b%21f1M4n-BjqUiC2X_8H1WzVF1LPwG3HyVKpXnyeP6AUic945STSWnkTY_arQMHWhn5')/items('01JMDI7GTQ5FBNZWTDMNEKWQB2U24JLOF5')/listItem/fields/$entity"",""@odata.etag"":""\""dc42e970-63da-4863-ab40-3aa6b895b8bd,1\"""",""AuthorLookupId"":""9"",""ContentType"":""Document"",""Created"":""2026-09-24T18:16:11Z"",""DocIcon"":""docx"",""Edit"":""0"",""EditorLookupId"":""9"",""FileLeafRef"":""KB-007_Planned_and_Unplanned_Outage_Information.docx"",""FileSizeDisplay"":""46574"",""FolderC",FALSE
